selection_for_fold,candidate_id,eligible,prior_cagr,prior_max_drawdown_fraction,prior_net_pnl,prior_n_trades,prior_fold_pnl,complexity
trading_outer_01,edge_0_all_both_1,True,0.024164671250375802,-0.0007099999999999884,11.439999999999998,40,[11.439999999999998],1
trading_outer_01,edge_0_all_both_2,True,0.02471738010160518,-0.0005369287674502621,11.7,72,[11.7],1
trading_outer_01,edge_0_all_both_unlimited,True,0.026036008242798836,-0.0005362995332207632,12.32,91,[12.32],0
trading_outer_01,edge_0_all_buy_yes_1,True,0.024122161652124552,-0.0007099999999999884,11.419999999999998,40,[11.419999999999998],2
trading_outer_01,edge_0_all_buy_yes_2,True,0.024674858492740093,-0.00047946300143841825,11.679999999999996,70,[11.679999999999996],2
trading_outer_01,edge_0_all_buy_yes_unlimited,True,0.025993457992004476,-0.00047946300143841825,12.299999999999999,89,[12.299999999999999],1
trading_outer_01,edge_0_all_buy_no_1,False,4.1982357972703e-05,-0.0002599272203782643,0.020000000000000018,2,[0.020000000000000018],2
trading_outer_01,edge_0_all_buy_no_2,False,4.1982357972703e-05,-0.0002599272203782643,0.020000000000000018,2,[0.020000000000000018],2
trading_outer_01,edge_0_all_buy_no_unlimited,False,4.1982357972703e-05,-0.0002599272203782643,0.020000000000000018,2,[0.020000000000000018],1
trading_outer_01,edge_0_before_12_both_1,True,0.021700641670782783,-0.0007099999999999884,10.28,29,[10.28],2
trading_outer_01,edge_0_before_12_both_2,True,0.021849245002111495,-0.0003388681802779514,10.349999999999996,52,[10.349999999999996],2
trading_outer_01,edge_0_before_12_both_unlimited,True,0.02259243140558609,-0.00018949216100838662,10.700000000000001,66,[10.700000000000001],1
trading_outer_01,edge_0_before_12_buy_yes_1,True,0.021700641670782783,-0.0007099999999999884,10.28,29,[10.28],3
trading_outer_01,edge_0_before_12_buy_yes_2,True,0.021849245002111495,-0.0003388681802779514,10.349999999999996,52,[10.349999999999996],3
trading_outer_01,edge_0_before_12_buy_yes_unlimited,True,0.02259243140558609,-0.00018949216100838662,10.700000000000001,66,[10.700000000000001],2
trading_outer_01,edge_0_before_12_buy_no_1,False,0.0,0.0,0.0,0,[0.0],3
trading_outer_01,edge_0_before_12_buy_no_2,False,0.0,0.0,0.0,0,[0.0],3
trading_outer_01,edge_0_before_12_buy_no_unlimited,False,0.0,0.0,0.0,0,[0.0],2
trading_outer_01,edge_0_12_to_16_both_1,False,0.005591755031580936,-0.00026982191753444074,2.6599999999999997,15,[2.6599999999999997],2
trading_outer_01,edge_0_12_to_16_both_2,True,0.0049181987745774425,-0.0002998290974145501,2.34,20,[2.34],2
trading_outer_01,edge_0_12_to_16_both_unlimited,True,0.0049181987745774425,-0.0002998290974145501,2.34,20,[2.34],1
trading_outer_01,edge_0_12_to_16_buy_yes_1,False,0.005002380383773097,-0.00026982191753444074,2.3799999999999994,14,[2.3799999999999994],3
trading_outer_01,edge_0_12_to_16_buy_yes_2,False,0.004329030891603525,-0.0002998290974145501,2.0599999999999996,19,[2.0599999999999996],3
trading_outer_01,edge_0_12_to_16_buy_yes_unlimited,False,0.004329030891603525,-0.0002998290974145501,2.0599999999999996,19,[2.0599999999999996],2
trading_outer_01,edge_0_12_to_16_buy_no_1,False,0.0005878369910479186,0.0,0.28,1,[0.28],3
trading_outer_01,edge_0_12_to_16_buy_no_2,False,0.0005878369910479186,0.0,0.28,1,[0.28],3
trading_outer_01,edge_0_12_to_16_buy_no_unlimited,False,0.0005878369910479186,0.0,0.28,1,[0.28],2
trading_outer_01,edge_0_after_16_both_1,False,-0.0009233783996911438,-0.0007697459838253984,-0.44000000000000006,4,[-0.44000000000000006],2
trading_outer_01,edge_0_after_16_both_2,False,-0.001510750288660434,-0.001049653614307311,-0.7200000000000002,5,[-0.7200000000000002],2
trading_outer_01,edge_0_after_16_both_unlimited,False,-0.001510750288660434,-0.001049653614307311,-0.7200000000000002,5,[-0.7200000000000002],1
trading_outer_01,edge_0_after_16_buy_yes_1,False,-0.0009653395327674508,-0.0007897393860026858,-0.4600000000000001,4,[-0.4600000000000001],3
trading_outer_01,edge_0_after_16_buy_yes_2,False,-0.0009653395327674508,-0.0007897393860026858,-0.4600000000000001,4,[-0.4600000000000001],3
trading_outer_01,edge_0_after_16_buy_yes_unlimited,False,-0.0009653395327674508,-0.0007897393860026858,-0.4600000000000001,4,[-0.4600000000000001],2
trading_outer_01,edge_0_after_16_buy_no_1,False,-0.0005456866757179712,-0.000260000000000038,-0.26,1,[-0.26],3
trading_outer_01,edge_0_after_16_buy_no_2,False,-0.0005456866757179712,-0.000260000000000038,-0.26,1,[-0.26],3
trading_outer_01,edge_0_after_16_buy_no_unlimited,False,-0.0005456866757179712,-0.000260000000000038,-0.26,1,[-0.26],2
trading_outer_01,edge_0_after_12_both_1,False,0.004665676100263916,-0.0007492582343480159,2.2199999999999993,19,[2.2199999999999993],2
trading_outer_01,edge_0_after_12_both_2,True,0.0034035611648493003,-0.0007792986312318284,1.619999999999999,25,[1.619999999999999],2
trading_outer_01,edge_0_after_12_both_unlimited,True,0.0034035611648493003,-0.0007792986312318284,1.619999999999999,25,[1.619999999999999],1
trading_outer_01,edge_0_after_12_buy_yes_1,False,0.004034514793128441,-0.0007492582343480159,1.9199999999999988,18,[1.9199999999999988],3
trading_outer_01,edge_0_after_12_buy_yes_2,True,0.003361504973617091,-0.0007792986312318284,1.599999999999999,23,[1.599999999999999],3
trading_outer_01,edge_0_after_12_buy_yes_unlimited,True,0.003361504973617091,-0.0007792986312318284,1.599999999999999,23,[1.599999999999999],2
trading_outer_01,edge_0_after_12_buy_no_1,False,4.1982357972703e-05,-0.0002599272203782643,0.020000000000000018,2,[0.020000000000000018],3
trading_outer_01,edge_0_after_12_buy_no_2,False,4.1982357972703e-05,-0.0002599272203782643,0.020000000000000018,2,[0.020000000000000018],3
trading_outer_01,edge_0_after_12_buy_no_unlimited,False,4.1982357972703e-05,-0.0002599272203782643,0.020000000000000018,2,[0.020000000000000018],2
trading_outer_01,edge_0.01_all_both_1,True,0.02405839898702422,-0.0006599999999999939,11.389999999999999,38,[11.389999999999999],2
trading_outer_01,edge_0.01_all_both_2,True,0.025568006301582624,-0.0004794390563039874,12.099999999999998,64,[12.099999999999998],2
trading_outer_01,edge_0.01_all_both_unlimited,True,0.025015057233130467,-0.0004794390563039874,11.84,78,[11.84],1
trading_outer_01,edge_0.01_all_buy_yes_1,True,0.02461107781176275,-0.0006599999999999939,11.649999999999997,37,[11.649999999999997],3
trading_outer_01,edge_0.01_all_buy_yes_2,True,0.026121111516275164,-0.0004794390563039874,12.359999999999998,63,[12.359999999999998],3
trading_outer_01,edge_0.01_all_buy_yes_unlimited,True,0.025568006301582624,-0.0004794390563039874,12.1,77,[12.1],2
trading_outer_01,edge_0.01_all_buy_no_1,False,-0.0005456866757179712,-0.000260000000000038,-0.26,1,[-0.26],3
trading_outer_01,edge_0.01_all_buy_no_2,False,-0.0005456866757179712,-0.000260000000000038,-0.26,1,[-0.26],3
trading_outer_01,edge_0.01_all_buy_no_unlimited,False,-0.0005456866757179712,-0.000260000000000038,-0.26,1,[-0.26],2
trading_outer_01,edge_0.01_before_12_both_1,True,0.020681952241293988,-0.0006599999999999939,9.799999999999999,27,[9.799999999999999],3
trading_outer_01,edge_0.01_before_12_both_2,True,0.021361019407098336,-0.00011984180881241535,10.12,49,[10.12],3
trading_outer_01,edge_0.01_before_12_both_unlimited,True,0.021085119850227985,-0.0001894827121957654,9.989999999999998,61,[9.989999999999998],2
trading_outer_01,edge_0.01_before_12_buy_yes_1,True,0.020681952241293988,-0.0006599999999999939,9.799999999999999,27,[9.799999999999999],4
trading_outer_01,edge_0.01_before_12_buy_yes_2,True,0.021361019407098336,-0.00011984180881241535,10.12,49,[10.12],4
trading_outer_01,edge_0.01_before_12_buy_yes_unlimited,True,0.021085119850227985,-0.0001894827121957654,9.989999999999998,61,[9.989999999999998],3
trading_outer_01,edge_0.01_before_12_buy_no_1,False,0.0,0.0,0.0,0,[0.0],4
trading_outer_01,edge_0.01_before_12_buy_no_2,False,0.0,0.0,0.0,0,[0.0],4
trading_outer_01,edge_0.01_before_12_buy_no_unlimited,False,0.0,0.0,0.0,0,[0.0],3
trading_outer_01,edge_0.01_12_to_16_both_1,False,0.005065519013699005,-0.0001898746827093678,2.4099999999999997,11,[2.4099999999999997],3
trading_outer_01,edge_0.01_12_to_16_both_2,False,0.0047498466328370625,-0.00021987467143735895,2.259999999999999,14,[2.259999999999999],3
trading_outer_01,edge_0.01_12_to_16_both_unlimited,False,0.0047498466328370625,-0.00021987467143735895,2.259999999999999,14,[2.259999999999999],2
trading_outer_01,edge_0.01_12_to_16_buy_yes_1,False,0.005065519013699005,-0.0001898746827093678,2.4099999999999997,11,[2.4099999999999997],4
trading_outer_01,edge_0.01_12_to_16_buy_yes_2,False,0.0047498466328370625,-0.00021987467143735895,2.259999999999999,14,[2.259999999999999],4
trading_outer_01,edge_0.01_12_to_16_buy_yes_unlimited,False,0.0047498466328370625,-0.00021987467143735895,2.259999999999999,14,[2.259999999999999],3
trading_outer_01,edge_0.01_12_to_16_buy_no_1,False,0.0,0.0,0.0,0,[0.0],4
trading_outer_01,edge_0.01_12_to_16_buy_no_2,False,0.0,0.0,0.0,0,[0.0],4
trading_outer_01,edge_0.01_12_to_16_buy_no_unlimited,False,0.0,0.0,0.0,0,[0.0],3
trading_outer_01,edge_0.01_after_16_both_1,False,-0.0008604349698231317,-0.0007397558805594118,-0.4100000000000001,3,[-0.4100000000000001],3
trading_outer_01,edge_0.01_after_16_both_2,False,-0.0008604349698231317,-0.0007397558805594118,-0.4100000000000001,3,[-0.4100000000000001],3
trading_outer_01,edge_0.01_after_16_both_unlimited,False,-0.0008604349698231317,-0.0007397558805594118,-0.4100000000000001,3,[-0.4100000000000001],2
trading_outer_01,edge_0.01_after_16_buy_yes_1,False,-0.00031483826934353143,-0.0004798416522547866,-0.15000000000000008,2,[-0.15000000000000008],4
trading_outer_01,edge_0.01_after_16_buy_yes_2,False,-0.00031483826934353143,-0.0004798416522547866,-0.15000000000000008,2,[-0.15000000000000008],4
trading_outer_01,edge_0.01_after_16_buy_yes_unlimited,False,-0.00031483826934353143,-0.0004798416522547866,-0.15000000000000008,2,[-0.15000000000000008],3
trading_outer_01,edge_0.01_after_16_buy_no_1,False,-0.0005456866757179712,-0.000260000000000038,-0.26,1,[-0.26],4
trading_outer_01,edge_0.01_after_16_buy_no_2,False,-0.0005456866757179712,-0.000260000000000038,-0.26,1,[-0.26],4
trading_outer_01,edge_0.01_after_16_buy_no_unlimited,False,-0.0005456866757179712,-0.000260000000000038,-0.26,1,[-0.26],3
trading_outer_01,edge_0.01_after_12_both_1,False,0.0042028041683999096,-0.0006693373560174853,1.9999999999999991,14,[1.9999999999999991],3
trading_outer_01,edge_0.01_after_12_both_2,False,0.0038872737043704753,-0.000699370566490054,1.8499999999999992,17,[1.8499999999999992],3
trading_outer_01,edge_0.01_after_12_both_unlimited,False,0.0038872737043704753,-0.000699370566490054,1.8499999999999992,17,[1.8499999999999992],2
trading_outer_01,edge_0.01_after_12_buy_yes_1,False,0.0047498466328370625,-0.0006693373560174853,2.259999999999999,13,[2.259999999999999],4
trading_outer_01,edge_0.01_after_12_buy_yes_2,False,0.004434226173435363,-0.000699370566490054,2.1099999999999994,16,[2.1099999999999994],4
trading_outer_01,edge_0.01_after_12_buy_yes_unlimited,False,0.004434226173435363,-0.000699370566490054,2.1099999999999994,16,[2.1099999999999994],3
trading_outer_01,edge_0.01_after_12_buy_no_1,False,-0.0005456866757179712,-0.000260000000000038,-0.26,1,[-0.26],4
trading_outer_01,edge_0.01_after_12_buy_no_2,False,-0.0005456866757179712,-0.000260000000000038,-0.26,1,[-0.26],4
trading_outer_01,edge_0.01_after_12_buy_no_unlimited,False,-0.0005456866757179712,-0.000260000000000038,-0.26,1,[-0.26],3
trading_outer_01,edge_0.02_all_both_1,True,0.02461107781176275,-0.0006599999999999939,11.65,35,[11.65],2
trading_outer_01,edge_0.02_all_both_2,True,0.02490873877486055,-0.0006599999999999939,11.79,57,[11.79],2
trading_outer_01,edge_0.02_all_both_unlimited,True,0.023484628543035013,-0.0006599999999999939,11.120000000000001,68,[11.120000000000001],1
trading_outer_01,edge_0.02_all_buy_yes_1,True,0.02461107781176275,-0.0006599999999999939,11.65,35,[11.65],3
trading_outer_01,edge_0.02_all_buy_yes_2,True,0.02490873877486055,-0.0006599999999999939,11.79,57,[11.79],3
trading_outer_01,edge_0.02_all_buy_yes_unlimited,True,0.023484628543035013,-0.0006599999999999939,11.120000000000001,68,[11.120000000000001],2
trading_outer_01,edge_0.02_all_buy_no_1,False,0.0,0.0,0.0,0,[0.0],3
trading_outer_01,edge_0.02_all_buy_no_2,False,0.0,0.0,0.0,0,[0.0],3
trading_outer_01,edge_0.02_all_buy_no_unlimited,False,0.0,0.0,0.0,0,[0.0],2
trading_outer_01,edge_0.02_before_12_both_1,True,0.02087291597973917,-0.0006599999999999939,9.889999999999999,26,[9.889999999999999],3
trading_outer_01,edge_0.02_before_12_both_2,True,0.02034250733731735,-0.0006599999999999939,9.639999999999999,44,[9.639999999999999],3
trading_outer_01,edge_0.02_before_12_both_unlimited,True,0.019197317238417888,-0.0006599999999999939,9.099999999999998,53,[9.099999999999998],2
trading_outer_01,edge_0.02_before_12_buy_yes_1,True,0.02087291597973917,-0.0006599999999999939,9.889999999999999,26,[9.889999999999999],4
trading_outer_01,edge_0.02_before_12_buy_yes_2,True,0.02034250733731735,-0.0006599999999999939,9.639999999999999,44,[9.639999999999999],4
trading_outer_01,edge_0.02_before_12_buy_yes_unlimited,True,0.019197317238417888,-0.0006599999999999939,9.099999999999998,53,[9.099999999999998],3
trading_outer_01,edge_0.02_before_12_buy_no_1,False,0.0,0.0,0.0,0,[0.0],4
trading_outer_01,edge_0.02_before_12_buy_no_2,False,0.0,0.0,0.0,0,[0.0],4
trading_outer_01,edge_0.02_before_12_buy_no_unlimited,False,0.0,0.0,0.0,0,[0.0],3
trading_outer_01,edge_0.02_12_to_16_both_1,False,0.004876109354563951,-0.0001898746827093678,2.3199999999999994,10,[2.3199999999999994],3
trading_outer_01,edge_0.02_12_to_16_both_2,False,0.004560468126670214,-0.00021987467143735895,2.1699999999999995,13,[2.1699999999999995],3
trading_outer_01,edge_0.02_12_to_16_both_unlimited,False,0.004560468126670214,-0.00021987467143735895,2.1699999999999995,13,[2.1699999999999995],2
trading_outer_01,edge_0.02_12_to_16_buy_yes_1,False,0.004876109354563951,-0.0001898746827093678,2.3199999999999994,10,[2.3199999999999994],4
trading_outer_01,edge_0.02_12_to_16_buy_yes_2,False,0.004560468126670214,-0.00021987467143735895,2.1699999999999995,13,[2.1699999999999995],4
trading_outer_01,edge_0.02_12_to_16_buy_yes_unlimited,False,0.004560468126670214,-0.00021987467143735895,2.1699999999999995,13,[2.1699999999999995],3
trading_outer_01,edge_0.02_12_to_16_buy_no_1,False,0.0,0.0,0.0,0,[0.0],4
trading_outer_01,edge_0.02_12_to_16_buy_no_2,False,0.0,0.0,0.0,0,[0.0],4
trading_outer_01,edge_0.02_12_to_16_buy_no_unlimited,False,0.0,0.0,0.0,0,[0.0],3
trading_outer_01,edge_0.02_after_16_both_1,False,-0.00031483826934353143,-0.0004798416522547866,-0.15000000000000008,2,[-0.15000000000000008],3
trading_outer_01,edge_0.02_after_16_both_2,False,-0.00031483826934353143,-0.0004798416522547866,-0.15000000000000008,2,[-0.15000000000000008],3
trading_outer_01,edge_0.02_after_16_both_unlimited,False,-0.00031483826934353143,-0.0004798416522547866,-0.15000000000000008,2,[-0.15000000000000008],2
trading_outer_01,edge_0.02_after_16_buy_yes_1,False,-0.00031483826934353143,-0.0004798416522547866,-0.15000000000000008,2,[-0.15000000000000008],4
trading_outer_01,edge_0.02_after_16_buy_yes_2,False,-0.00031483826934353143,-0.0004798416522547866,-0.15000000000000008,2,[-0.15000000000000008],4
trading_outer_01,edge_0.02_after_16_buy_yes_unlimited,False,-0.00031483826934353143,-0.0004798416522547866,-0.15000000000000008,2,[-0.15000000000000008],3
trading_outer_01,edge_0.02_after_16_buy_no_1,False,0.0,0.0,0.0,0,[0.0],4
trading_outer_01,edge_0.02_after_16_buy_no_2,False,0.0,0.0,0.0,0,[0.0],4
trading_outer_01,edge_0.02_after_16_buy_no_unlimited,False,0.0,0.0,0.0,0,[0.0],3
trading_outer_01,edge_0.02_after_12_both_1,False,0.004560468126670214,-0.0006693373560174853,2.169999999999999,12,[2.169999999999999],3
trading_outer_01,edge_0.02_after_12_both_2,False,0.004244878819773978,-0.000699370566490054,2.019999999999999,15,[2.019999999999999],3
trading_outer_01,edge_0.02_after_12_both_unlimited,False,0.004244878819773978,-0.000699370566490054,2.019999999999999,15,[2.019999999999999],2
trading_outer_01,edge_0.02_after_12_buy_yes_1,False,0.004560468126670214,-0.0006693373560174853,2.169999999999999,12,[2.169999999999999],4
trading_outer_01,edge_0.02_after_12_buy_yes_2,False,0.004244878819773978,-0.000699370566490054,2.019999999999999,15,[2.019999999999999],4
trading_outer_01,edge_0.02_after_12_buy_yes_unlimited,False,0.004244878819773978,-0.000699370566490054,2.019999999999999,15,[2.019999999999999],3
trading_outer_01,edge_0.02_after_12_buy_no_1,False,0.0,0.0,0.0,0,[0.0],4
trading_outer_01,edge_0.02_after_12_buy_no_2,False,0.0,0.0,0.0,0,[0.0],4
trading_outer_01,edge_0.02_after_12_buy_no_unlimited,False,0.0,0.0,0.0,0,[0.0],3
trading_outer_01,edge_0.03_all_both_1,True,0.023080965087789007,-0.0006599999999999939,10.929999999999998,31,[10.929999999999998],2
trading_outer_01,edge_0.03_all_both_2,True,0.0234421337266586,-0.0006599999999999939,11.1,52,[11.1],2
trading_outer_01,edge_0.03_all_both_unlimited,True,0.02201909123753465,-0.0006599999999999939,10.43,63,[10.43],1
trading_outer_01,edge_0.03_all_buy_yes_1,True,0.023080965087789007,-0.0006599999999999939,10.929999999999998,31,[10.929999999999998],3
trading_outer_01,edge_0.03_all_buy_yes_2,True,0.0234421337266586,-0.0006599999999999939,11.1,52,[11.1],3
trading_outer_01,edge_0.03_all_buy_yes_unlimited,True,0.02201909123753465,-0.0006599999999999939,10.43,63,[10.43],2
trading_outer_01,edge_0.03_all_buy_no_1,False,0.0,0.0,0.0,0,[0.0],3
trading_outer_01,edge_0.03_all_buy_no_2,False,0.0,0.0,0.0,0,[0.0],3
trading_outer_01,edge_0.03_all_buy_no_unlimited,False,0.0,0.0,0.0,0,[0.0],2
trading_outer_01,edge_0.03_before_12_both_1,True,0.019006517688045177,-0.0006599999999999939,9.01,24,[9.01],3
trading_outer_01,edge_0.03_before_12_both_2,True,0.018476617075620316,-0.0006599999999999939,8.76,42,[8.76],3
trading_outer_01,edge_0.03_before_12_both_unlimited,True,0.01733252427895038,-0.0006599999999999939,8.22,51,[8.22],2
trading_outer_01,edge_0.03_before_12_buy_yes_1,True,0.019006517688045177,-0.0006599999999999939,9.01,24,[9.01],4
trading_outer_01,edge_0.03_before_12_buy_yes_2,True,0.018476617075620316,-0.0006599999999999939,8.76,42,[8.76],4
trading_outer_01,edge_0.03_before_12_buy_yes_unlimited,True,0.01733252427895038,-0.0006599999999999939,8.22,51,[8.22],3
trading_outer_01,edge_0.03_before_12_buy_no_1,False,0.0,0.0,0.0,0,[0.0],4
trading_outer_01,edge_0.03_before_12_buy_no_2,False,0.0,0.0,0.0,0,[0.0],4
trading_outer_01,edge_0.03_before_12_buy_no_unlimited,False,0.0,0.0,0.0,0,[0.0],3
trading_outer_01,edge_0.03_12_to_16_both_1,False,0.0042028041683999096,-0.0001898746827093678,1.9999999999999993,9,[1.9999999999999993],3
trading_outer_01,edge_0.03_12_to_16_both_2,False,0.003950375643603454,-0.00021987467143735895,1.8799999999999994,11,[1.8799999999999994],3
trading_outer_01,edge_0.03_12_to_16_both_unlimited,False,0.003950375643603454,-0.00021987467143735895,1.8799999999999994,11,[1.8799999999999994],2
trading_outer_01,edge_0.03_12_to_16_buy_yes_1,False,0.0042028041683999096,-0.0001898746827093678,1.9999999999999993,9,[1.9999999999999993],4
trading_outer_01,edge_0.03_12_to_16_buy_yes_2,False,0.003950375643603454,-0.00021987467143735895,1.8799999999999994,11,[1.8799999999999994],4
trading_outer_01,edge_0.03_12_to_16_buy_yes_unlimited,False,0.003950375643603454,-0.00021987467143735895,1.8799999999999994,11,[1.8799999999999994],3
trading_outer_01,edge_0.03_12_to_16_buy_no_1,False,0.0,0.0,0.0,0,[0.0],4
trading_outer_01,edge_0.03_12_to_16_buy_no_2,False,0.0,0.0,0.0,0,[0.0],4
trading_outer_01,edge_0.03_12_to_16_buy_no_unlimited,False,0.0,0.0,0.0,0,[0.0],3
trading_outer_01,edge_0.03_after_16_both_1,False,0.0006928269163000156,0.0,0.3299999999999999,1,[0.3299999999999999],3
trading_outer_01,edge_0.03_after_16_both_2,False,0.0006928269163000156,0.0,0.3299999999999999,1,[0.3299999999999999],3
trading_outer_01,edge_0.03_after_16_both_unlimited,False,0.0006928269163000156,0.0,0.3299999999999999,1,[0.3299999999999999],2
trading_outer_01,edge_0.03_after_16_buy_yes_1,False,0.0006928269163000156,0.0,0.3299999999999999,1,[0.3299999999999999],4
trading_outer_01,edge_0.03_after_16_buy_yes_2,False,0.0006928269163000156,0.0,0.3299999999999999,1,[0.3299999999999999],4
trading_outer_01,edge_0.03_after_16_buy_yes_unlimited,False,0.0006928269163000156,0.0,0.3299999999999999,1,[0.3299999999999999],3
trading_outer_01,edge_0.03_after_16_buy_no_1,False,0.0,0.0,0.0,0,[0.0],4
trading_outer_01,edge_0.03_after_16_buy_no_2,False,0.0,0.0,0.0,0,[0.0],4
trading_outer_01,edge_0.03_after_16_buy_no_unlimited,False,0.0,0.0,0.0,0,[0.0],3
trading_outer_01,edge_0.03_after_12_both_1,False,0.0048971539491886595,-0.00018981208603485733,2.3299999999999996,10,[2.3299999999999996],3
trading_outer_01,edge_0.03_after_12_both_2,False,0.004644634044023599,-0.00021980217803974078,2.2099999999999995,12,[2.2099999999999995],3
trading_outer_01,edge_0.03_after_12_both_unlimited,False,0.004644634044023599,-0.00021980217803974078,2.2099999999999995,12,[2.2099999999999995],2
trading_outer_01,edge_0.03_after_12_buy_yes_1,False,0.0048971539491886595,-0.00018981208603485733,2.3299999999999996,10,[2.3299999999999996],4
trading_outer_01,edge_0.03_after_12_buy_yes_2,False,0.004644634044023599,-0.00021980217803974078,2.2099999999999995,12,[2.2099999999999995],4
trading_outer_01,edge_0.03_after_12_buy_yes_unlimited,False,0.004644634044023599,-0.00021980217803974078,2.2099999999999995,12,[2.2099999999999995],3
trading_outer_01,edge_0.03_after_12_buy_no_1,False,0.0,0.0,0.0,0,[0.0],4
trading_outer_01,edge_0.03_after_12_buy_no_2,False,0.0,0.0,0.0,0,[0.0],4
trading_outer_01,edge_0.03_after_12_buy_no_unlimited,False,0.0,0.0,0.0,0,[0.0],3
trading_outer_01,edge_0.05_all_both_1,True,0.017968048262765768,-0.0006599999999999939,8.52,25,[8.52],2
trading_outer_01,edge_0.05_all_both_2,True,0.017523159653987097,-0.0006599999999999939,8.309999999999999,43,[8.309999999999999],2
trading_outer_01,edge_0.05_all_both_unlimited,True,0.01758670893518577,-0.0006599999999999939,8.339999999999998,50,[8.339999999999998],1
trading_outer_01,edge_0.05_all_buy_yes_1,True,0.017968048262765768,-0.0006599999999999939,8.52,25,[8.52],3
trading_outer_01,edge_0.05_all_buy_yes_2,True,0.017523159653987097,-0.0006599999999999939,8.309999999999999,43,[8.309999999999999],3
trading_outer_01,edge_0.05_all_buy_yes_unlimited,True,0.01758670893518577,-0.0006599999999999939,8.339999999999998,50,[8.339999999999998],2
trading_outer_01,edge_0.05_all_buy_no_1,False,0.0,0.0,0.0,0,[0.0],3
trading_outer_01,edge_0.05_all_buy_no_2,False,0.0,0.0,0.0,0,[0.0],3
trading_outer_01,edge_0.05_all_buy_no_unlimited,False,0.0,0.0,0.0,0,[0.0],2
trading_outer_01,edge_0.05_before_12_both_1,False,0.014094584283001144,-0.0006599999999999939,6.6899999999999995,19,[6.6899999999999995],3
trading_outer_01,edge_0.05_before_12_both_2,True,0.013840856769744558,-0.0006599999999999939,6.569999999999999,35,[6.569999999999999],3
trading_outer_01,edge_0.05_before_12_both_unlimited,True,0.014179167508347357,-0.0006599999999999939,6.729999999999999,40,[6.729999999999999],2
trading_outer_01,edge_0.05_before_12_buy_yes_1,False,0.014094584283001144,-0.0006599999999999939,6.6899999999999995,19,[6.6899999999999995],4
trading_outer_01,edge_0.05_before_12_buy_yes_2,True,0.013840856769744558,-0.0006599999999999939,6.569999999999999,35,[6.569999999999999],4
trading_outer_01,edge_0.05_before_12_buy_yes_unlimited,True,0.014179167508347357,-0.0006599999999999939,6.729999999999999,40,[6.729999999999999],3
trading_outer_01,edge_0.05_before_12_buy_no_1,False,0.0,0.0,0.0,0,[0.0],4
trading_outer_01,edge_0.05_before_12_buy_no_2,False,0.0,0.0,0.0,0,[0.0],4
trading_outer_01,edge_0.05_before_12_buy_no_unlimited,False,0.0,0.0,0.0,0,[0.0],3
trading_outer_01,edge_0.05_12_to_16_both_1,False,0.0029409938253266432,-0.0001898746827093678,1.3999999999999997,7,[1.3999999999999997],3
trading_outer_01,edge_0.05_12_to_16_both_2,False,0.002688731439012493,-0.00021987467143735895,1.2799999999999996,9,[1.2799999999999996],3
trading_outer_01,edge_0.05_12_to_16_both_unlimited,False,0.002688731439012493,-0.00021987467143735895,1.2799999999999996,9,[1.2799999999999996],2
trading_outer_01,edge_0.05_12_to_16_buy_yes_1,False,0.0029409938253266432,-0.0001898746827093678,1.3999999999999997,7,[1.3999999999999997],4
trading_outer_01,edge_0.05_12_to_16_buy_yes_2,False,0.002688731439012493,-0.00021987467143735895,1.2799999999999996,9,[1.2799999999999996],4
trading_outer_01,edge_0.05_12_to_16_buy_yes_unlimited,False,0.002688731439012493,-0.00021987467143735895,1.2799999999999996,9,[1.2799999999999996],3
trading_outer_01,edge_0.05_12_to_16_buy_no_1,False,0.0,0.0,0.0,0,[0.0],4
trading_outer_01,edge_0.05_12_to_16_buy_no_2,False,0.0,0.0,0.0,0,[0.0],4
trading_outer_01,edge_0.05_12_to_16_buy_no_unlimited,False,0.0,0.0,0.0,0,[0.0],3
trading_outer_01,edge_0.05_after_16_both_1,False,0.0006928269163000156,0.0,0.3299999999999999,1,[0.3299999999999999],3
trading_outer_01,edge_0.05_after_16_both_2,False,0.0006928269163000156,0.0,0.3299999999999999,1,[0.3299999999999999],3
trading_outer_01,edge_0.05_after_16_both_unlimited,False,0.0006928269163000156,0.0,0.3299999999999999,1,[0.3299999999999999],2
trading_outer_01,edge_0.05_after_16_buy_yes_1,False,0.0006928269163000156,0.0,0.3299999999999999,1,[0.3299999999999999],4
trading_outer_01,edge_0.05_after_16_buy_yes_2,False,0.0006928269163000156,0.0,0.3299999999999999,1,[0.3299999999999999],4
trading_outer_01,edge_0.05_after_16_buy_yes_unlimited,False,0.0006928269163000156,0.0,0.3299999999999999,1,[0.3299999999999999],3
trading_outer_01,edge_0.05_after_16_buy_no_1,False,0.0,0.0,0.0,0,[0.0],4
trading_outer_01,edge_0.05_after_16_buy_no_2,False,0.0,0.0,0.0,0,[0.0],4
trading_outer_01,edge_0.05_after_16_buy_no_unlimited,False,0.0,0.0,0.0,0,[0.0],3
trading_outer_01,edge_0.05_after_12_both_1,False,0.0036348867151188013,-0.00018981208603485733,1.7299999999999995,8,[1.7299999999999995],3
trading_outer_01,edge_0.05_after_12_both_2,False,0.003382532953859707,-0.00021980217803974078,1.6099999999999994,10,[1.6099999999999994],3
trading_outer_01,edge_0.05_after_12_both_unlimited,False,0.003382532953859707,-0.00021980217803974078,1.6099999999999994,10,[1.6099999999999994],2
trading_outer_01,edge_0.05_after_12_buy_yes_1,False,0.0036348867151188013,-0.00018981208603485733,1.7299999999999995,8,[1.7299999999999995],4
trading_outer_01,edge_0.05_after_12_buy_yes_2,False,0.003382532953859707,-0.00021980217803974078,1.6099999999999994,10,[1.6099999999999994],4
trading_outer_01,edge_0.05_after_12_buy_yes_unlimited,False,0.003382532953859707,-0.00021980217803974078,1.6099999999999994,10,[1.6099999999999994],3
trading_outer_01,edge_0.05_after_12_buy_no_1,False,0.0,0.0,0.0,0,[0.0],4
trading_outer_01,edge_0.05_after_12_buy_no_2,False,0.0,0.0,0.0,0,[0.0],4
trading_outer_01,edge_0.05_after_12_buy_no_unlimited,False,0.0,0.0,0.0,0,[0.0],3
trading_outer_01,edge_0.075_all_both_1,True,0.015025202924373149,-0.0006599999999999939,7.13,21,[7.13],2
trading_outer_01,edge_0.075_all_both_2,True,0.016421968961150668,-0.0006599999999999939,7.789999999999999,30,[7.789999999999999],2
trading_outer_01,edge_0.075_all_both_unlimited,True,0.017353705063693825,-0.0006599999999999939,8.229999999999999,32,[8.229999999999999],1
trading_outer_01,edge_0.075_all_buy_yes_1,True,0.015025202924373149,-0.0006599999999999939,7.13,21,[7.13],3
trading_outer_01,edge_0.075_all_buy_yes_2,True,0.016421968961150668,-0.0006599999999999939,7.789999999999999,30,[7.789999999999999],3
trading_outer_01,edge_0.075_all_buy_yes_unlimited,True,0.017353705063693825,-0.0006599999999999939,8.229999999999999,32,[8.229999999999999],2
trading_outer_01,edge_0.075_all_buy_no_1,False,0.0,0.0,0.0,0,[0.0],3
trading_outer_01,edge_0.075_all_buy_no_2,False,0.0,0.0,0.0,0,[0.0],3
trading_outer_01,edge_0.075_all_buy_no_unlimited,False,0.0,0.0,0.0,0,[0.0],2
trading_outer_01,edge_0.075_before_12_both_1,False,0.012065694983233621,-0.0006599999999999939,5.7299999999999995,16,[5.7299999999999995],3
trading_outer_01,edge_0.075_before_12_both_2,True,0.013819714310902897,-0.0006599999999999939,6.56,22,[6.56],3
trading_outer_01,edge_0.075_before_12_both_unlimited,True,0.01475020089667245,-0.0006599999999999939,7.0,24,[7.0],2
trading_outer_01,edge_0.075_before_12_buy_yes_1,False,0.012065694983233621,-0.0006599999999999939,5.7299999999999995,16,[5.7299999999999995],4
trading_outer_01,edge_0.075_before_12_buy_yes_2,True,0.013819714310902897,-0.0006599999999999939,6.56,22,[6.56],4
trading_outer_01,edge_0.075_before_12_buy_yes_unlimited,True,0.01475020089667245,-0.0006599999999999939,7.0,24,[7.0],3
trading_outer_01,edge_0.075_before_12_buy_no_1,False,0.0,0.0,0.0,0,[0.0],4
trading_outer_01,edge_0.075_before_12_buy_no_2,False,0.0,0.0,0.0,0,[0.0],4
trading_outer_01,edge_0.075_before_12_buy_no_unlimited,False,0.0,0.0,0.0,0,[0.0],3
trading_outer_01,edge_0.075_12_to_16_both_1,False,0.0021422769202046332,-0.0001898746827093678,1.0199999999999998,5,[1.0199999999999998],3
trading_outer_01,edge_0.075_12_to_16_both_2,False,0.0018901197498277789,-0.00021987467143735895,0.8999999999999999,7,[0.8999999999999999],3
trading_outer_01,edge_0.075_12_to_16_both_unlimited,False,0.0018901197498277789,-0.00021987467143735895,0.8999999999999999,7,[0.8999999999999999],2
trading_outer_01,edge_0.075_12_to_16_buy_yes_1,False,0.0021422769202046332,-0.0001898746827093678,1.0199999999999998,5,[1.0199999999999998],4
trading_outer_01,edge_0.075_12_to_16_buy_yes_2,False,0.0018901197498277789,-0.00021987467143735895,0.8999999999999999,7,[0.8999999999999999],4
trading_outer_01,edge_0.075_12_to_16_buy_yes_unlimited,False,0.0018901197498277789,-0.00021987467143735895,0.8999999999999999,7,[0.8999999999999999],3
trading_outer_01,edge_0.075_12_to_16_buy_no_1,False,0.0,0.0,0.0,0,[0.0],4
trading_outer_01,edge_0.075_12_to_16_buy_no_2,False,0.0,0.0,0.0,0,[0.0],4
trading_outer_01,edge_0.075_12_to_16_buy_no_unlimited,False,0.0,0.0,0.0,0,[0.0],3
trading_outer_01,edge_0.075_after_16_both_1,False,0.0006928269163000156,0.0,0.3299999999999999,1,[0.3299999999999999],3
trading_outer_01,edge_0.075_after_16_both_2,False,0.0006928269163000156,0.0,0.3299999999999999,1,[0.3299999999999999],3
trading_outer_01,edge_0.075_after_16_both_unlimited,False,0.0006928269163000156,0.0,0.3299999999999999,1,[0.3299999999999999],2
trading_outer_01,edge_0.075_after_16_buy_yes_1,False,0.0006928269163000156,0.0,0.3299999999999999,1,[0.3299999999999999],4
trading_outer_01,edge_0.075_after_16_buy_yes_2,False,0.0006928269163000156,0.0,0.3299999999999999,1,[0.3299999999999999],4
trading_outer_01,edge_0.075_after_16_buy_yes_unlimited,False,0.0006928269163000156,0.0,0.3299999999999999,1,[0.3299999999999999],3
trading_outer_01,edge_0.075_after_16_buy_no_1,False,0.0,0.0,0.0,0,[0.0],4
trading_outer_01,edge_0.075_after_16_buy_no_2,False,0.0,0.0,0.0,0,[0.0],4
trading_outer_01,edge_0.075_after_16_buy_no_unlimited,False,0.0,0.0,0.0,0,[0.0],3
trading_outer_01,edge_0.075_after_12_both_1,False,0.002835880459725937,-0.00018981208603485733,1.3499999999999999,6,[1.3499999999999999],3
trading_outer_01,edge_0.075_after_12_both_2,False,0.002583631917840723,-0.00021980217803974078,1.2299999999999998,8,[1.2299999999999998],3
trading_outer_01,edge_0.075_after_12_both_unlimited,False,0.002583631917840723,-0.00021980217803974078,1.2299999999999998,8,[1.2299999999999998],2
trading_outer_01,edge_0.075_after_12_buy_yes_1,False,0.002835880459725937,-0.00018981208603485733,1.3499999999999999,6,[1.3499999999999999],4
trading_outer_01,edge_0.075_after_12_buy_yes_2,False,0.002583631917840723,-0.00021980217803974078,1.2299999999999998,8,[1.2299999999999998],4
trading_outer_01,edge_0.075_after_12_buy_yes_unlimited,False,0.002583631917840723,-0.00021980217803974078,1.2299999999999998,8,[1.2299999999999998],3
trading_outer_01,edge_0.075_after_12_buy_no_1,False,0.0,0.0,0.0,0,[0.0],4
trading_outer_01,edge_0.075_after_12_buy_no_2,False,0.0,0.0,0.0,0,[0.0],4
trading_outer_01,edge_0.075_after_12_buy_no_unlimited,False,0.0,0.0,0.0,0,[0.0],3
trading_outer_01,edge_0.1_all_both_1,False,0.009047439964155135,-0.00019921112394916118,4.300000000000001,13,[4.300000000000001],2
trading_outer_01,edge_0.1_all_both_2,True,0.010545424146319426,-0.00021964636934534987,5.010000000000001,21,[5.010000000000001],2
trading_outer_01,edge_0.1_all_both_unlimited,True,0.01215018956123548,-0.00012979103643129264,5.77,22,[5.77],1
trading_outer_01,edge_0.1_all_buy_yes_1,False,0.009047439964155135,-0.00019921112394916118,4.300000000000001,13,[4.300000000000001],3
trading_outer_01,edge_0.1_all_buy_yes_2,True,0.010545424146319426,-0.00021964636934534987,5.010000000000001,21,[5.010000000000001],3
trading_outer_01,edge_0.1_all_buy_yes_unlimited,True,0.01215018956123548,-0.00012979103643129264,5.77,22,[5.77],2
trading_outer_01,edge_0.1_all_buy_no_1,False,0.0,0.0,0.0,0,[0.0],3
trading_outer_01,edge_0.1_all_buy_no_2,False,0.0,0.0,0.0,0,[0.0],3
trading_outer_01,edge_0.1_all_buy_no_unlimited,False,0.0,0.0,0.0,0,[0.0],2
trading_outer_01,edge_0.1_before_12_both_1,False,0.0067921124702554625,-0.00019942366560632419,3.23,9,[3.23],3
trading_outer_01,edge_0.1_before_12_both_2,False,0.008541342239653194,-8.990649724283095e-05,4.0600000000000005,15,[4.0600000000000005],3
trading_outer_01,edge_0.1_before_12_both_unlimited,False,0.010144441115792269,0.0,4.819999999999999,16,[4.819999999999999],2
trading_outer_01,edge_0.1_before_12_buy_yes_1,False,0.0067921124702554625,-0.00019942366560632419,3.23,9,[3.23],4
trading_outer_01,edge_0.1_before_12_buy_yes_2,False,0.008541342239653194,-8.990649724283095e-05,4.0600000000000005,15,[4.0600000000000005],4
trading_outer_01,edge_0.1_before_12_buy_yes_unlimited,False,0.010144441115792269,0.0,4.819999999999999,16,[4.819999999999999],3
trading_outer_01,edge_0.1_before_12_buy_no_1,False,0.0,0.0,0.0,0,[0.0],4
trading_outer_01,edge_0.1_before_12_buy_no_2,False,0.0,0.0,0.0,0,[0.0],4
trading_outer_01,edge_0.1_before_12_buy_no_unlimited,False,0.0,0.0,0.0,0,[0.0],3
trading_outer_01,edge_0.1_12_to_16_both_1,False,0.0022473522140229463,-0.0001898746827093678,1.0699999999999998,4,[1.0699999999999998],3
trading_outer_01,edge_0.1_12_to_16_both_2,False,0.0019951811996699043,-0.00021987467143735895,0.95,6,[0.95],3
trading_outer_01,edge_0.1_12_to_16_both_unlimited,False,0.0019951811996699043,-0.00021987467143735895,0.95,6,[0.95],2
trading_outer_01,edge_0.1_12_to_16_buy_yes_1,False,0.0022473522140229463,-0.0001898746827093678,1.0699999999999998,4,[1.0699999999999998],4
trading_outer_01,edge_0.1_12_to_16_buy_yes_2,False,0.0019951811996699043,-0.00021987467143735895,0.95,6,[0.95],4
trading_outer_01,edge_0.1_12_to_16_buy_yes_unlimited,False,0.0019951811996699043,-0.00021987467143735895,0.95,6,[0.95],3
trading_outer_01,edge_0.1_12_to_16_buy_no_1,False,0.0,0.0,0.0,0,[0.0],4
trading_outer_01,edge_0.1_12_to_16_buy_no_2,False,0.0,0.0,0.0,0,[0.0],4
trading_outer_01,edge_0.1_12_to_16_buy_no_unlimited,False,0.0,0.0,0.0,0,[0.0],3
trading_outer_01,edge_0.1_after_16_both_1,False,0.0,0.0,0.0,0,[0.0],3
trading_outer_01,edge_0.1_after_16_both_2,False,0.0,0.0,0.0,0,[0.0],3
trading_outer_01,edge_0.1_after_16_both_unlimited,False,0.0,0.0,0.0,0,[0.0],2
trading_outer_01,edge_0.1_after_16_buy_yes_1,False,0.0,0.0,0.0,0,[0.0],4
trading_outer_01,edge_0.1_after_16_buy_yes_2,False,0.0,0.0,0.0,0,[0.0],4
trading_outer_01,edge_0.1_after_16_buy_yes_unlimited,False,0.0,0.0,0.0,0,[0.0],3
trading_outer_01,edge_0.1_after_16_buy_no_1,False,0.0,0.0,0.0,0,[0.0],4
trading_outer_01,edge_0.1_after_16_buy_no_2,False,0.0,0.0,0.0,0,[0.0],4
trading_outer_01,edge_0.1_after_16_buy_no_unlimited,False,0.0,0.0,0.0,0,[0.0],3
trading_outer_01,edge_0.1_after_12_both_1,False,0.0022473522140229463,-0.0001898746827093678,1.0699999999999998,4,[1.0699999999999998],3
trading_outer_01,edge_0.1_after_12_both_2,False,0.0019951811996699043,-0.00021987467143735895,0.95,6,[0.95],3
trading_outer_01,edge_0.1_after_12_both_unlimited,False,0.0019951811996699043,-0.00021987467143735895,0.95,6,[0.95],2
trading_outer_01,edge_0.1_after_12_buy_yes_1,False,0.0022473522140229463,-0.0001898746827093678,1.0699999999999998,4,[1.0699999999999998],4
trading_outer_01,edge_0.1_after_12_buy_yes_2,False,0.0019951811996699043,-0.00021987467143735895,0.95,6,[0.95],4
trading_outer_01,edge_0.1_after_12_buy_yes_unlimited,False,0.0019951811996699043,-0.00021987467143735895,0.95,6,[0.95],3
trading_outer_01,edge_0.1_after_12_buy_no_1,False,0.0,0.0,0.0,0,[0.0],4
trading_outer_01,edge_0.1_after_12_buy_no_2,False,0.0,0.0,0.0,0,[0.0],4
trading_outer_01,edge_0.1_after_12_buy_no_unlimited,False,0.0,0.0,0.0,0,[0.0],3
trading_outer_01,edge_0.15_all_both_1,False,0.0048971539491886595,-0.00014970956344695363,2.33,6,[2.33],2
trading_outer_01,edge_0.15_all_both_2,False,0.006160251932359806,-5.996042611866592e-05,2.9299999999999997,8,[2.9299999999999997],2
trading_outer_01,edge_0.15_all_both_unlimited,False,0.006160251932359806,-5.996042611866592e-05,2.9299999999999997,8,[2.9299999999999997],1
trading_outer_01,edge_0.15_all_buy_yes_1,False,0.0048971539491886595,-0.00014970956344695363,2.33,6,[2.33],3
trading_outer_01,edge_0.15_all_buy_yes_2,False,0.006160251932359806,-5.996042611866592e-05,2.9299999999999997,8,[2.9299999999999997],3
trading_outer_01,edge_0.15_all_buy_yes_unlimited,False,0.006160251932359806,-5.996042611866592e-05,2.9299999999999997,8,[2.9299999999999997],2
trading_outer_01,edge_0.15_all_buy_no_1,False,0.0,0.0,0.0,0,[0.0],3
trading_outer_01,edge_0.15_all_buy_no_2,False,0.0,0.0,0.0,0,[0.0],3
trading_outer_01,edge_0.15_all_buy_no_unlimited,False,0.0,0.0,0.0,0,[0.0],2
trading_outer_01,edge_0.15_before_12_both_1,False,0.0023734501808578834,-0.00014988908207924645,1.13,3,[1.13],3
trading_outer_01,edge_0.15_before_12_both_2,False,0.0036348867151188013,0.0,1.73,5,[1.73],3
trading_outer_01,edge_0.15_before_12_both_unlimited,False,0.0036348867151188013,0.0,1.73,5,[1.73],2
trading_outer_01,edge_0.15_before_12_buy_yes_1,False,0.0023734501808578834,-0.00014988908207924645,1.13,3,[1.13],4
trading_outer_01,edge_0.15_before_12_buy_yes_2,False,0.0036348867151188013,0.0,1.73,5,[1.73],4
trading_outer_01,edge_0.15_before_12_buy_yes_unlimited,False,0.0036348867151188013,0.0,1.73,5,[1.73],3
trading_outer_01,edge_0.15_before_12_buy_no_1,False,0.0,0.0,0.0,0,[0.0],4
trading_outer_01,edge_0.15_before_12_buy_no_2,False,0.0,0.0,0.0,0,[0.0],4
trading_outer_01,edge_0.15_before_12_buy_no_unlimited,False,0.0,0.0,0.0,0,[0.0],3
trading_outer_01,edge_0.15_12_to_16_both_1,False,0.0025205749740015992,-5.996042611866592e-05,1.1999999999999997,3,[1.1999999999999997],3
trading_outer_01,edge_0.15_12_to_16_both_2,False,0.0025205749740015992,-5.996042611866592e-05,1.1999999999999997,3,[1.1999999999999997],3
trading_outer_01,edge_0.15_12_to_16_both_unlimited,False,0.0025205749740015992,-5.996042611866592e-05,1.1999999999999997,3,[1.1999999999999997],2
trading_outer_01,edge_0.15_12_to_16_buy_yes_1,False,0.0025205749740015992,-5.996042611866592e-05,1.1999999999999997,3,[1.1999999999999997],4
trading_outer_01,edge_0.15_12_to_16_buy_yes_2,False,0.0025205749740015992,-5.996042611866592e-05,1.1999999999999997,3,[1.1999999999999997],4
trading_outer_01,edge_0.15_12_to_16_buy_yes_unlimited,False,0.0025205749740015992,-5.996042611866592e-05,1.1999999999999997,3,[1.1999999999999997],3
trading_outer_01,edge_0.15_12_to_16_buy_no_1,False,0.0,0.0,0.0,0,[0.0],4
trading_outer_01,edge_0.15_12_to_16_buy_no_2,False,0.0,0.0,0.0,0,[0.0],4
trading_outer_01,edge_0.15_12_to_16_buy_no_unlimited,False,0.0,0.0,0.0,0,[0.0],3
trading_outer_01,edge_0.15_after_16_both_1,False,0.0,0.0,0.0,0,[0.0],3
trading_outer_01,edge_0.15_after_16_both_2,False,0.0,0.0,0.0,0,[0.0],3
trading_outer_01,edge_0.15_after_16_both_unlimited,False,0.0,0.0,0.0,0,[0.0],2
trading_outer_01,edge_0.15_after_16_buy_yes_1,False,0.0,0.0,0.0,0,[0.0],4
trading_outer_01,edge_0.15_after_16_buy_yes_2,False,0.0,0.0,0.0,0,[0.0],4
trading_outer_01,edge_0.15_after_16_buy_yes_unlimited,False,0.0,0.0,0.0,0,[0.0],3
trading_outer_01,edge_0.15_after_16_buy_no_1,False,0.0,0.0,0.0,0,[0.0],4
trading_outer_01,edge_0.15_after_16_buy_no_2,False,0.0,0.0,0.0,0,[0.0],4
trading_outer_01,edge_0.15_after_16_buy_no_unlimited,False,0.0,0.0,0.0,0,[0.0],3
trading_outer_01,edge_0.15_after_12_both_1,False,0.0025205749740015992,-5.996042611866592e-05,1.1999999999999997,3,[1.1999999999999997],3
trading_outer_01,edge_0.15_after_12_both_2,False,0.0025205749740015992,-5.996042611866592e-05,1.1999999999999997,3,[1.1999999999999997],3
trading_outer_01,edge_0.15_after_12_both_unlimited,False,0.0025205749740015992,-5.996042611866592e-05,1.1999999999999997,3,[1.1999999999999997],2
trading_outer_01,edge_0.15_after_12_buy_yes_1,False,0.0025205749740015992,-5.996042611866592e-05,1.1999999999999997,3,[1.1999999999999997],4
trading_outer_01,edge_0.15_after_12_buy_yes_2,False,0.0025205749740015992,-5.996042611866592e-05,1.1999999999999997,3,[1.1999999999999997],4
trading_outer_01,edge_0.15_after_12_buy_yes_unlimited,False,0.0025205749740015992,-5.996042611866592e-05,1.1999999999999997,3,[1.1999999999999997],3
trading_outer_01,edge_0.15_after_12_buy_no_1,False,0.0,0.0,0.0,0,[0.0],4
trading_outer_01,edge_0.15_after_12_buy_no_2,False,0.0,0.0,0.0,0,[0.0],4
trading_outer_01,edge_0.15_after_12_buy_no_unlimited,False,0.0,0.0,0.0,0,[0.0],3
trading_outer_02,edge_0_all_both_1,True,0.022625176361323662,-0.0007099999999999884,19.919999999999998,67,"[11.439999999999998, 8.479999999999999]",1
trading_outer_02,edge_0_all_both_2,True,0.02105584223146395,-0.0011490640529552287,18.539999999999996,116,"[11.7, 6.839999999999999]",1
trading_outer_02,edge_0_all_both_unlimited,True,0.018543228110995624,-0.0016128397781361992,16.33,161,"[12.32, 4.009999999999999]",0
trading_outer_02,edge_0_all_buy_yes_1,True,0.021965566386221935,-0.0007099999999999884,19.34,67,"[11.419999999999998, 7.919999999999998]",2
trading_outer_02,edge_0_all_buy_yes_2,True,0.02016895356376236,-0.001149944959899396,17.759999999999998,114,"[11.679999999999996, 6.079999999999999]",2
trading_outer_02,edge_0_all_buy_yes_unlimited,True,0.01907752358716741,-0.0016120946417512716,16.799999999999997,156,"[12.299999999999999, 4.499999999999998]",1
trading_outer_02,edge_0_all_buy_no_1,False,0.00034029489765452503,-0.0002599272203782643,0.30000000000000004,3,"[0.020000000000000018, 0.28]",2
trading_outer_02,edge_0_all_buy_no_2,False,-0.0006124962653452082,-0.0008197704642699533,-0.5399999999999999,4,"[0.020000000000000018, -0.5599999999999999]",2
trading_outer_02,edge_0_all_buy_no_unlimited,False,-0.0005331011078487657,-0.000749790058783506,-0.47000000000000003,5,"[0.020000000000000018, -0.49000000000000005]",1
trading_outer_02,edge_0_before_12_both_1,True,0.01620181400837728,-0.0011245265151514916,14.270000000000001,47,"[10.28, 3.989999999999999]",2
trading_outer_02,edge_0_before_12_both_2,True,0.016133627045639587,-0.0012629127899519421,14.209999999999999,81,"[10.349999999999996, 3.859999999999999]",2
trading_outer_02,edge_0_before_12_both_unlimited,True,0.01584952053226929,-0.0015585389190840848,13.959999999999999,108,"[10.700000000000001, 3.259999999999999]",1
trading_outer_02,edge_0_before_12_buy_yes_1,True,0.01620181400837728,-0.0011245265151514916,14.270000000000001,47,"[10.28, 3.989999999999999]",3
trading_outer_02,edge_0_before_12_buy_yes_2,True,0.016133627045639587,-0.0012629127899519421,14.209999999999999,81,"[10.349999999999996, 3.859999999999999]",3
trading_outer_02,edge_0_before_12_buy_yes_unlimited,True,0.01584952053226929,-0.0015585389190840848,13.959999999999999,108,"[10.700000000000001, 3.259999999999999]",2
trading_outer_02,edge_0_before_12_buy_no_1,False,0.0,0.0,0.0,0,"[0.0, 0.0]",3
trading_outer_02,edge_0_before_12_buy_no_2,False,0.0,0.0,0.0,0,"[0.0, 0.0]",3
trading_outer_02,edge_0_before_12_buy_no_unlimited,False,0.0,0.0,0.0,0,"[0.0, 0.0]",2
trading_outer_02,edge_0_12_to_16_both_1,True,0.0048107719236858415,-0.00026982191753444074,4.239999999999998,22,"[2.6599999999999997, 1.5799999999999996]",2
trading_outer_02,edge_0_12_to_16_both_2,True,0.0033695228914170094,-0.0004086758901159504,2.97,30,"[2.34, 0.6299999999999997]",2
trading_outer_02,edge_0_12_to_16_both_unlimited,True,0.0027340893440657155,-0.0007875899746774273,2.409999999999999,32,"[2.34, 0.06999999999999976]",1
trading_outer_02,edge_0_12_to_16_buy_yes_1,True,0.00385747742069964,-0.00027903175979349104,3.4,21,"[2.3799999999999994, 1.0199999999999996]",3
trading_outer_02,edge_0_12_to_16_buy_yes_2,False,0.002189469958867152,-0.0010669485272122303,1.9299999999999993,29,"[2.0599999999999996, -0.13000000000000023]",3
trading_outer_02,edge_0_12_to_16_buy_yes_unlimited,False,0.0020987034674031513,-0.0010670336464627672,1.8499999999999992,30,"[2.0599999999999996, -0.2100000000000002]",2
trading_outer_02,edge_0_12_to_16_buy_no_1,False,0.0006352282290316147,0.0,0.56,2,"[0.28, 0.28]",3
trading_outer_02,edge_0_12_to_16_buy_no_2,False,0.0006352282290316147,0.0,0.56,2,"[0.28, 0.28]",3
trading_outer_02,edge_0_12_to_16_buy_no_unlimited,False,0.0006352282290316147,0.0,0.56,2,"[0.28, 0.28]",2
trading_outer_02,edge_0_after_16_both_1,False,-0.00027222604742616063,-0.0014083522278933724,-0.2400000000000001,11,"[-0.44000000000000006, 0.19999999999999984]",2
trading_outer_02,edge_0_after_16_both_2,False,7.94009166749099e-05,-0.0013979450208193578,0.06999999999999973,18,"[-0.7200000000000002, 0.7899999999999997]",2
trading_outer_02,edge_0_after_16_both_unlimited,False,-4.5371617266365405e-05,-0.001398098585923102,-0.04000000000000026,21,"[-0.7200000000000002, 0.6799999999999997]",1
trading_outer_02,edge_0_after_16_buy_yes_1,False,0.0006579158347101988,-0.0008197294892685614,0.5799999999999997,10,"[-0.4600000000000001, 1.0399999999999996]",3
trading_outer_02,edge_0_after_16_buy_yes_2,False,0.0012478149554195905,-0.0007897393860026858,1.0999999999999996,15,"[-0.4600000000000001, 1.56]",3
trading_outer_02,edge_0_after_16_buy_yes_unlimited,False,0.0011230251706049188,-0.0007897393860026858,0.9899999999999999,18,"[-0.4600000000000001, 1.4500000000000006]",2
trading_outer_02,edge_0_after_16_buy_no_1,False,-0.001247630638247399,-0.0010999999999999899,-1.1,2,"[-0.26, -0.84]",3
trading_outer_02,edge_0_after_16_buy_no_2,False,-0.0011682414560780785,-0.0010299999999999754,-1.0300000000000002,3,"[-0.26, -0.77]",3
trading_outer_02,edge_0_after_16_buy_no_unlimited,False,-0.0011682414560780785,-0.0010299999999999754,-1.0300000000000002,3,"[-0.26, -0.77]",2
trading_outer_02,edge_0_after_12_both_1,True,0.006274968394466951,-0.0007492582343480159,5.5299999999999985,31,"[2.2199999999999993, 3.31]",2
trading_outer_02,edge_0_after_12_both_2,True,0.004356808799724998,-0.000865921509689338,3.8399999999999976,45,"[1.619999999999999, 2.2199999999999998]",2
trading_outer_02,edge_0_after_12_both_unlimited,True,0.0026887030574009874,-0.0020409788733796175,2.3699999999999988,53,"[1.619999999999999, 0.7499999999999992]",1
trading_outer_02,edge_0_after_12_buy_yes_1,True,0.005298809365296586,-0.0007492582343480159,4.669999999999998,30,"[1.9199999999999988, 2.75]",3
trading_outer_02,edge_0_after_12_buy_yes_2,True,0.0034716505848755297,-0.001523009386914187,3.0599999999999987,43,"[1.599999999999999, 1.46]",3
trading_outer_02,edge_0_after_12_buy_yes_unlimited,True,0.0032220072847102266,-0.0015531660692950089,2.8399999999999985,48,"[1.599999999999999, 1.2399999999999998]",2
trading_outer_02,edge_0_after_12_buy_no_1,False,0.00034029489765452503,-0.0002599272203782643,0.30000000000000004,3,"[0.020000000000000018, 0.28]",3
trading_outer_02,edge_0_after_12_buy_no_2,False,-0.0006124962653452082,-0.0008197704642699533,-0.5399999999999999,4,"[0.020000000000000018, -0.5599999999999999]",3
trading_outer_02,edge_0_after_12_buy_no_unlimited,False,-0.0005331011078487657,-0.000749790058783506,-0.47000000000000003,5,"[0.020000000000000018, -0.49000000000000005]",2
trading_outer_02,edge_0.01_all_both_1,True,0.0225683114479045,-0.0006599999999999939,19.869999999999997,65,"[11.389999999999999, 8.479999999999999]",2
trading_outer_02,edge_0.01_all_both_2,True,0.021510692318929214,-0.001148612829121709,18.939999999999994,108,"[12.099999999999998, 6.839999999999999]",2
trading_outer_02,edge_0.01_all_both_unlimited,True,0.0179975988932759,-0.0016136014797906162,15.849999999999998,148,"[11.84, 4.009999999999999]",1
trading_outer_02,edge_0.01_all_buy_yes_1,True,0.022227129830113546,-0.0006599999999999939,19.569999999999997,64,"[11.649999999999997, 7.919999999999998]",3
trading_outer_02,edge_0.01_all_buy_yes_2,True,0.020942133457400702,-0.0011491769143125996,18.439999999999998,107,"[12.359999999999998, 6.079999999999999]",3
trading_outer_02,edge_0.01_all_buy_yes_unlimited,True,0.01885015975533455,-0.001612411636892741,16.599999999999998,144,"[12.1, 4.499999999999998]",2
trading_outer_02,edge_0.01_all_buy_no_1,False,2.2685900030516848e-05,-0.000260000000000038,0.020000000000000018,2,"[-0.26, 0.28]",3
trading_outer_02,edge_0.01_all_buy_no_2,False,-0.0009300694273046695,-0.0008200000000000429,-0.82,3,"[-0.26, -0.5599999999999999]",3
trading_outer_02,edge_0.01_all_buy_no_unlimited,False,-0.0008506772571093002,-0.0007500000000000284,-0.75,4,"[-0.26, -0.49000000000000005]",2
trading_outer_02,edge_0.01_before_12_both_1,True,0.015656333476296247,-0.0011250592136428095,13.79,45,"[9.799999999999999, 3.989999999999999]",3
trading_outer_02,edge_0.01_before_12_both_2,True,0.015872248707190506,-0.001263199447350205,13.98,78,"[10.12, 3.859999999999999]",3
trading_outer_02,edge_0.01_before_12_both_unlimited,True,0.015042709335147064,-0.0015596312163148607,13.25,103,"[9.989999999999998, 3.259999999999999]",2
trading_outer_02,edge_0.01_before_12_buy_yes_1,True,0.015656333476296247,-0.0011250592136428095,13.79,45,"[9.799999999999999, 3.989999999999999]",4
trading_outer_02,edge_0.01_before_12_buy_yes_2,True,0.015872248707190506,-0.001263199447350205,13.98,78,"[10.12, 3.859999999999999]",4
trading_outer_02,edge_0.01_before_12_buy_yes_unlimited,True,0.015042709335147064,-0.0015596312163148607,13.25,103,"[9.989999999999998, 3.259999999999999]",3
trading_outer_02,edge_0.01_before_12_buy_no_1,False,0.0,0.0,0.0,0,"[0.0, 0.0]",4
trading_outer_02,edge_0.01_before_12_buy_no_2,False,0.0,0.0,0.0,0,"[0.0, 0.0]",4
trading_outer_02,edge_0.01_before_12_buy_no_unlimited,False,0.0,0.0,0.0,0,"[0.0, 0.0]",3
trading_outer_02,edge_0.01_12_to_16_both_1,False,0.004527042124967018,-0.0001898746827093678,3.9899999999999998,18,"[2.4099999999999997, 1.5799999999999996]",3
trading_outer_02,edge_0.01_12_to_16_both_2,True,0.0032787437526269336,-0.000408708481199338,2.8899999999999992,24,"[2.259999999999999, 0.6299999999999997]",3
trading_outer_02,edge_0.01_12_to_16_both_unlimited,True,0.002643317013962365,-0.0007876527946718559,2.3299999999999996,26,"[2.259999999999999, 0.06999999999999976]",2
trading_outer_02,edge_0.01_12_to_16_buy_yes_1,False,0.003891521808053078,-0.00027902341803687225,3.4299999999999993,18,"[2.4099999999999997, 1.0199999999999996]",4
trading_outer_02,edge_0.01_12_to_16_buy_yes_2,False,0.0024163904454570506,-0.0010667357884871498,2.129999999999999,24,"[2.259999999999999, -0.13000000000000023]",4
trading_outer_02,edge_0.01_12_to_16_buy_yes_unlimited,False,0.002325621520932186,-0.0010668208737961704,2.0499999999999994,25,"[2.259999999999999, -0.2100000000000002]",3
trading_outer_02,edge_0.01_12_to_16_buy_no_1,False,0.0003176081446967238,0.0,0.28,1,"[0.0, 0.28]",4
trading_outer_02,edge_0.01_12_to_16_buy_no_2,False,0.0003176081446967238,0.0,0.28,1,"[0.0, 0.28]",4
trading_outer_02,edge_0.01_12_to_16_buy_no_unlimited,False,0.0003176081446967238,0.0,0.28,1,"[0.0, 0.28]",3
trading_outer_02,edge_0.01_after_16_both_1,False,-0.00023819827139404115,-0.0014083100279664862,-0.21000000000000008,10,"[-0.4100000000000001, 0.19999999999999984]",3
trading_outer_02,edge_0.01_after_16_both_2,False,0.00043104251863068654,-0.0013975124278783335,0.38,16,"[-0.4100000000000001, 0.7899999999999997]",3
trading_outer_02,edge_0.01_after_16_both_unlimited,False,0.0003062647910614391,-0.0013976658979504286,0.2699999999999996,19,"[-0.4100000000000001, 0.6799999999999997]",2
trading_outer_02,edge_0.01_after_16_buy_yes_1,False,0.001009581509754609,-0.0006889115197987739,0.8899999999999998,8,"[-0.15000000000000008, 1.0399999999999996]",4
trading_outer_02,edge_0.01_after_16_buy_yes_2,False,0.0015995051646411351,-0.0007184696596250761,1.4100000000000006,13,"[-0.15000000000000008, 1.56]",4
trading_outer_02,edge_0.01_after_16_buy_yes_unlimited,False,0.0014747101908243465,-0.0007185485319654017,1.2999999999999998,16,"[-0.15000000000000008, 1.4500000000000006]",3
trading_outer_02,edge_0.01_after_16_buy_no_1,False,-0.001247630638247399,-0.0010999999999999899,-1.1,2,"[-0.26, -0.84]",4
trading_outer_02,edge_0.01_after_16_buy_no_2,False,-0.0011682414560780785,-0.0010299999999999754,-1.0300000000000002,3,"[-0.26, -0.77]",4
trading_outer_02,edge_0.01_after_16_buy_no_unlimited,False,-0.0011682414560780785,-0.0010299999999999754,-1.0300000000000002,3,"[-0.26, -0.77]",3
trading_outer_02,edge_0.01_after_12_both_1,True,0.00602524261784132,-0.0006693373560174853,5.309999999999999,26,"[1.9999999999999991, 3.31]",3
trading_outer_02,edge_0.01_after_12_both_2,True,0.004617834628387829,-0.0008657233267658215,4.0699999999999985,37,"[1.8499999999999992, 2.2199999999999998]",3
trading_outer_02,edge_0.01_after_12_both_unlimited,True,0.002949677527022354,-0.0020405116209625263,2.5999999999999996,45,"[1.8499999999999992, 0.7499999999999992]",2
trading_outer_02,edge_0.01_after_12_buy_yes_1,True,0.005684719295420804,-0.0006693373560174853,5.009999999999999,25,"[2.259999999999999, 2.75]",4
trading_outer_02,edge_0.01_after_12_buy_yes_2,True,0.004050397422986629,-0.0015222365933738047,3.569999999999999,36,"[2.1099999999999994, 1.46]",4
trading_outer_02,edge_0.01_after_12_buy_yes_unlimited,True,0.0038007370788744055,-0.0015523778248798248,3.349999999999999,41,"[2.1099999999999994, 1.2399999999999998]",3
trading_outer_02,edge_0.01_after_12_buy_no_1,False,2.2685900030516848e-05,-0.000260000000000038,0.020000000000000018,2,"[-0.26, 0.28]",4
trading_outer_02,edge_0.01_after_12_buy_no_2,False,-0.0009300694273046695,-0.0008200000000000429,-0.82,3,"[-0.26, -0.5599999999999999]",4
trading_outer_02,edge_0.01_after_12_buy_no_unlimited,False,-0.0008506772571093002,-0.0007500000000000284,-0.75,4,"[-0.26, -0.49000000000000005]",3
trading_outer_02,edge_0.02_all_both_1,True,0.02153343545284092,-0.0006599999999999939,18.959999999999997,60,"[11.65, 7.309999999999999]",2
trading_outer_02,edge_0.02_all_both_2,True,0.019873344288162453,-0.0011489624966856127,17.5,98,"[11.79, 5.709999999999999]",2
trading_outer_02,edge_0.02_all_both_unlimited,True,0.01604271193800888,-0.002363088556743609,14.129999999999999,121,"[11.120000000000001, 3.009999999999998]",1
trading_outer_02,edge_0.02_all_buy_yes_1,True,0.020896650367593583,-0.0006599999999999939,18.399999999999995,60,"[11.65, 6.749999999999998]",3
trading_outer_02,edge_0.02_all_buy_yes_2,True,0.01900931380695381,-0.0011498206476340256,16.74,98,"[11.79, 4.949999999999999]",3
trading_outer_02,edge_0.02_all_buy_yes_unlimited,True,0.016679137913476527,-0.002086819568855258,14.690000000000001,119,"[11.120000000000001, 3.5699999999999994]",2
trading_outer_02,edge_0.02_all_buy_no_1,False,0.0003176081446967238,0.0,0.28,1,"[0.0, 0.28]",3
trading_outer_02,edge_0.02_all_buy_no_2,False,-0.0006351804589007637,-0.0005599999999998939,-0.5599999999999999,2,"[0.0, -0.5599999999999999]",3
trading_outer_02,edge_0.02_all_buy_no_unlimited,False,-0.0006351804589007637,-0.0005599999999998939,-0.5599999999999999,2,"[0.0, -0.5599999999999999]",2
trading_outer_02,edge_0.02_before_12_both_1,True,0.01442912910961458,-0.001124959294236061,12.709999999999999,42,"[9.889999999999999, 2.819999999999999]",3
trading_outer_02,edge_0.02_before_12_both_2,True,0.014133717262231116,-0.0011848107264864627,12.450000000000001,69,"[9.639999999999999, 2.809999999999999]",3
trading_outer_02,edge_0.02_before_12_both_unlimited,True,0.012066119712404566,-0.0018681611956232747,10.63,83,"[9.099999999999998, 1.529999999999999]",2
trading_outer_02,edge_0.02_before_12_buy_yes_1,True,0.01442912910961458,-0.001124959294236061,12.709999999999999,42,"[9.889999999999999, 2.819999999999999]",4
trading_outer_02,edge_0.02_before_12_buy_yes_2,True,0.014133717262231116,-0.0011848107264864627,12.450000000000001,69,"[9.639999999999999, 2.809999999999999]",4
trading_outer_02,edge_0.02_before_12_buy_yes_unlimited,True,0.012066119712404566,-0.0018681611956232747,10.63,83,"[9.099999999999998, 1.529999999999999]",3
trading_outer_02,edge_0.02_before_12_buy_no_1,False,0.0,0.0,0.0,0,"[0.0, 0.0]",4
trading_outer_02,edge_0.02_before_12_buy_no_2,False,0.0,0.0,0.0,0,"[0.0, 0.0]",4
trading_outer_02,edge_0.02_before_12_buy_no_unlimited,False,0.0,0.0,0.0,0,"[0.0, 0.0]",3
trading_outer_02,edge_0.02_12_to_16_both_1,False,0.004424901719922714,-0.0001898746827093678,3.8999999999999995,17,"[2.3199999999999994, 1.5799999999999996]",3
trading_outer_02,edge_0.02_12_to_16_both_2,True,0.0031766183838943807,-0.0004087451523823171,2.8000000000000003,23,"[2.1699999999999995, 0.6299999999999997]",3
trading_outer_02,edge_0.02_12_to_16_both_unlimited,True,0.0025411993055650672,-0.0007877234791452414,2.2399999999999993,25,"[2.1699999999999995, 0.06999999999999976]",2
trading_outer_02,edge_0.02_12_to_16_buy_yes_1,False,0.0037893890560753984,-0.00027904844480319824,3.3399999999999994,17,"[2.3199999999999994, 1.0199999999999996]",4
trading_outer_02,edge_0.02_12_to_16_buy_yes_2,False,0.002314275473791705,-0.0010668315104140902,2.0399999999999996,23,"[2.1699999999999995, -0.13000000000000023]",4
trading_outer_02,edge_0.02_12_to_16_buy_yes_unlimited,False,0.002223507644092182,-0.0010669166109941175,1.959999999999999,24,"[2.1699999999999995, -0.2100000000000002]",3
trading_outer_02,edge_0.02_12_to_16_buy_no_1,False,0.0003176081446967238,0.0,0.28,1,"[0.0, 0.28]",4
trading_outer_02,edge_0.02_12_to_16_buy_no_2,False,0.0003176081446967238,0.0,0.28,1,"[0.0, 0.28]",4
trading_outer_02,edge_0.02_12_to_16_buy_no_unlimited,False,0.0003176081446967238,0.0,0.28,1,"[0.0, 0.28]",3
trading_outer_02,edge_0.02_after_16_both_1,False,0.000839418872475628,-0.000868731651788357,0.7399999999999999,8,"[-0.15000000000000008, 0.8899999999999999]",3
trading_outer_02,edge_0.02_after_16_both_2,False,0.001497400049127684,-0.000868228813221017,1.32,11,"[-0.15000000000000008, 1.47]",3
trading_outer_02,edge_0.02_after_16_both_unlimited,False,0.0014293306568073927,-0.0008682808040080259,1.26,13,"[-0.15000000000000008, 1.41]",2
trading_outer_02,edge_0.02_after_16_buy_yes_1,False,0.0017923737451057686,-0.0005098317555206622,1.5799999999999998,7,"[-0.15000000000000008, 1.7299999999999998]",4
trading_outer_02,edge_0.02_after_16_buy_yes_2,False,0.002450429043036273,-0.0004798416522547866,2.16,10,"[-0.15000000000000008, 2.31]",4
trading_outer_02,edge_0.02_after_16_buy_yes_unlimited,False,0.0023823519847208097,-0.0004798416522547866,2.1,12,"[-0.15000000000000008, 2.25]",3
trading_outer_02,edge_0.02_after_16_buy_no_1,False,-0.000952752767312548,-0.0008400000000000629,-0.84,1,"[0.0, -0.84]",4
trading_outer_02,edge_0.02_after_16_buy_no_2,False,-0.000952752767312548,-0.0008400000000000629,-0.84,1,"[0.0, -0.84]",4
trading_outer_02,edge_0.02_after_16_buy_no_unlimited,False,-0.000952752767312548,-0.0008400000000000629,-0.84,1,"[0.0, -0.84]",3
trading_outer_02,edge_0.02_after_12_both_1,True,0.006218211891781511,-0.0006693373560174853,5.479999999999999,24,"[2.169999999999999, 3.31]",3
trading_outer_02,edge_0.02_after_12_both_2,True,0.0056279667353733576,-0.000699370566490054,4.959999999999998,33,"[2.019999999999999, 2.9399999999999995]",3
trading_outer_02,edge_0.02_after_12_both_unlimited,True,0.003970959243442929,-0.0016221003711922588,3.5,38,"[2.019999999999999, 1.4799999999999993]",2
trading_outer_02,edge_0.02_after_12_buy_yes_1,True,0.0055825649603533645,-0.0006693373560174853,4.919999999999999,24,"[2.169999999999999, 2.75]",4
trading_outer_02,edge_0.02_after_12_buy_yes_2,True,0.004765374518398424,-0.0010646660232236371,4.199999999999998,33,"[2.019999999999999, 2.1799999999999997]",4
trading_outer_02,edge_0.02_after_12_buy_yes_unlimited,True,0.0046064855123311155,-0.0010648143540955557,4.059999999999999,36,"[2.019999999999999, 2.0399999999999996]",3
trading_outer_02,edge_0.02_after_12_buy_no_1,False,0.0003176081446967238,0.0,0.28,1,"[0.0, 0.28]",4
trading_outer_02,edge_0.02_after_12_buy_no_2,False,-0.0006351804589007637,-0.0005599999999998939,-0.5599999999999999,2,"[0.0, -0.5599999999999999]",4
trading_outer_02,edge_0.02_after_12_buy_no_unlimited,False,-0.0006351804589007637,-0.0005599999999998939,-0.5599999999999999,2,"[0.0, -0.5599999999999999]",3
trading_outer_02,edge_0.03_all_both_1,True,0.0200097780780919,-0.0006599999999999939,17.619999999999997,53,"[10.929999999999998, 6.689999999999998]",2
trading_outer_02,edge_0.03_all_both_2,True,0.018452287504347353,-0.0011502049724246843,16.25,88,"[11.1, 5.149999999999999]",2
trading_outer_02,edge_0.03_all_both_unlimited,True,0.01691780981671842,-0.0014769012642275037,14.899999999999997,106,"[10.43, 4.469999999999998]",1
trading_outer_02,edge_0.03_all_buy_yes_1,True,0.019373105547184855,-0.0006599999999999939,17.059999999999995,53,"[10.929999999999998, 6.129999999999998]",3
trading_outer_02,edge_0.03_all_buy_yes_2,True,0.018134002952459483,-0.0011505216681579888,15.970000000000002,87,"[11.1, 4.869999999999998]",3
trading_outer_02,edge_0.03_all_buy_yes_unlimited,True,0.016599582086425757,-0.0014773085408130715,14.619999999999997,105,"[10.43, 4.189999999999998]",2
trading_outer_02,edge_0.03_all_buy_no_1,False,0.0003176081446967238,0.0,0.28,1,"[0.0, 0.28]",3
trading_outer_02,edge_0.03_all_buy_no_2,False,0.0003176081446967238,0.0,0.28,1,"[0.0, 0.28]",3
trading_outer_02,edge_0.03_all_buy_no_unlimited,False,0.0003176081446967238,0.0,0.28,1,"[0.0, 0.28]",2
trading_outer_02,edge_0.03_before_12_both_1,True,0.013179379392644908,-0.001126181749928401,11.610000000000001,39,"[9.01, 2.5999999999999988]",3
trading_outer_02,edge_0.03_before_12_both_2,True,0.012952171772113052,-0.0011860285832887563,11.409999999999998,64,"[8.76, 2.649999999999999]",3
trading_outer_02,edge_0.03_before_12_both_unlimited,True,0.01158905279019562,-0.0012566170286448797,10.21,76,"[8.22, 1.9899999999999993]",2
trading_outer_02,edge_0.03_before_12_buy_yes_1,True,0.013179379392644908,-0.001126181749928401,11.610000000000001,39,"[9.01, 2.5999999999999988]",4
trading_outer_02,edge_0.03_before_12_buy_yes_2,True,0.012952171772113052,-0.0011860285832887563,11.409999999999998,64,"[8.76, 2.649999999999999]",4
trading_outer_02,edge_0.03_before_12_buy_yes_unlimited,True,0.01158905279019562,-0.0012566170286448797,10.21,76,"[8.22, 1.9899999999999993]",3
trading_outer_02,edge_0.03_before_12_buy_no_1,False,0.0,0.0,0.0,0,"[0.0, 0.0]",4
trading_outer_02,edge_0.03_before_12_buy_no_2,False,0.0,0.0,0.0,0,"[0.0, 0.0]",4
trading_outer_02,edge_0.03_before_12_buy_no_unlimited,False,0.0,0.0,0.0,0,"[0.0, 0.0]",3
trading_outer_02,edge_0.03_12_to_16_both_1,False,0.0037780410484651306,-0.0001898746827093678,3.3299999999999996,15,"[1.9999999999999993, 1.3299999999999998]",3
trading_outer_02,edge_0.03_12_to_16_both_2,True,0.0025638920232333717,-0.00040896531774603506,2.26,20,"[1.8799999999999994, 0.37999999999999984]",3
trading_outer_02,edge_0.03_12_to_16_both_unlimited,True,0.0025638920232333717,-0.00040896531774603506,2.26,20,"[1.8799999999999994, 0.37999999999999984]",2
trading_outer_02,edge_0.03_12_to_16_buy_yes_1,False,0.003142576867840141,-0.0002792070519724854,2.77,15,"[1.9999999999999993, 0.7699999999999996]",4
trading_outer_02,edge_0.03_12_to_16_buy_yes_2,False,0.0022461995102776022,-0.0005885697754456354,1.9799999999999993,19,"[1.8799999999999994, 0.09999999999999976]",4
trading_outer_02,edge_0.03_12_to_16_buy_yes_unlimited,False,0.0022461995102776022,-0.0005885697754456354,1.9799999999999993,19,"[1.8799999999999994, 0.09999999999999976]",3
trading_outer_02,edge_0.03_12_to_16_buy_no_1,False,0.0003176081446967238,0.0,0.28,1,"[0.0, 0.28]",4
trading_outer_02,edge_0.03_12_to_16_buy_no_2,False,0.0003176081446967238,0.0,0.28,1,"[0.0, 0.28]",4
trading_outer_02,edge_0.03_12_to_16_buy_no_unlimited,False,0.0003176081446967238,0.0,0.28,1,"[0.0, 0.28]",3
trading_outer_02,edge_0.03_after_16_both_1,False,0.002166778244754086,-2.9990103265986612e-05,1.91,5,"[0.3299999999999999, 1.5799999999999998]",3
trading_outer_02,edge_0.03_after_16_both_2,False,0.0028248626470399607,-2.9924590033036935e-05,2.4899999999999998,8,"[0.3299999999999999, 2.16]",3
trading_outer_02,edge_0.03_after_16_both_unlimited,False,0.0027567825786050104,-2.9926381102551858e-05,2.43,10,"[0.3299999999999999, 2.1]",2
trading_outer_02,edge_0.03_after_16_buy_yes_1,False,0.002166778244754086,-2.9990103265986612e-05,1.91,5,"[0.3299999999999999, 1.5799999999999998]",4
trading_outer_02,edge_0.03_after_16_buy_yes_2,False,0.0028248626470399607,-2.9924590033036935e-05,2.4899999999999998,8,"[0.3299999999999999, 2.16]",4
trading_outer_02,edge_0.03_after_16_buy_yes_unlimited,False,0.0027567825786050104,-2.9926381102551858e-05,2.43,10,"[0.3299999999999999, 2.1]",3
trading_outer_02,edge_0.03_after_16_buy_no_1,False,0.0,0.0,0.0,0,"[0.0, 0.0]",4
trading_outer_02,edge_0.03_after_16_buy_no_2,False,0.0,0.0,0.0,0,"[0.0, 0.0]",4
trading_outer_02,edge_0.03_after_16_buy_no_unlimited,False,0.0,0.0,0.0,0,"[0.0, 0.0]",3
trading_outer_02,edge_0.03_after_12_both_1,True,0.0059457859551805825,-0.00018981208603485733,5.239999999999998,20,"[2.3299999999999996, 2.91]",3
trading_outer_02,edge_0.03_after_12_both_2,True,0.005389610124150179,-0.0004079399034873088,4.749999999999999,28,"[2.2099999999999995, 2.54]",3
trading_outer_02,edge_0.03_after_12_both_unlimited,True,0.005321509463983576,-0.0004079642583507681,4.689999999999998,30,"[2.2099999999999995, 2.48]",2
trading_outer_02,edge_0.03_after_12_buy_yes_1,True,0.005310159407054371,-0.00027866796711717434,4.679999999999999,20,"[2.3299999999999996, 2.3500000000000005]",4
trading_outer_02,edge_0.03_after_12_buy_yes_2,True,0.005071811716330199,-0.0005870938852680085,4.469999999999999,27,"[2.2099999999999995, 2.2600000000000007]",4
trading_outer_02,edge_0.03_after_12_buy_yes_unlimited,True,0.005003713605174154,-0.0005871289394859813,4.409999999999998,29,"[2.2099999999999995, 2.1999999999999997]",3
trading_outer_02,edge_0.03_after_12_buy_no_1,False,0.0003176081446967238,0.0,0.28,1,"[0.0, 0.28]",4
trading_outer_02,edge_0.03_after_12_buy_no_2,False,0.0003176081446967238,0.0,0.28,1,"[0.0, 0.28]",4
trading_outer_02,edge_0.03_after_12_buy_no_unlimited,False,0.0003176081446967238,0.0,0.28,1,"[0.0, 0.28]",3
trading_outer_02,edge_0.05_all_both_1,True,0.016360919027979426,-0.0006599999999999939,14.410000000000002,44,"[8.52, 5.889999999999999]",2
trading_outer_02,edge_0.05_all_both_2,True,0.015588150848125926,-0.0006705254750376533,13.73,70,"[8.309999999999999, 5.419999999999998]",2
trading_outer_02,edge_0.05_all_both_unlimited,True,0.014338232071631651,-0.0011741026501173035,12.629999999999999,80,"[8.339999999999998, 4.289999999999998]",1
trading_outer_02,edge_0.05_all_buy_yes_1,True,0.01604271193800888,-0.0006599999999999939,14.129999999999999,43,"[8.52, 5.6099999999999985]",3
trading_outer_02,edge_0.05_all_buy_yes_2,True,0.015269972416175115,-0.0006707106573951016,13.450000000000001,69,"[8.309999999999999, 5.139999999999998]",3
trading_outer_02,edge_0.05_all_buy_yes_unlimited,True,0.014020100033500738,-0.0011744270966976833,12.350000000000001,79,"[8.339999999999998, 4.009999999999998]",2
trading_outer_02,edge_0.05_all_buy_no_1,False,0.0003176081446967238,0.0,0.28,1,"[0.0, 0.28]",3
trading_outer_02,edge_0.05_all_buy_no_2,False,0.0003176081446967238,0.0,0.28,1,"[0.0, 0.28]",3
trading_outer_02,edge_0.05_all_buy_no_unlimited,False,0.0003176081446967238,0.0,0.28,1,"[0.0, 0.28]",2
trading_outer_02,edge_0.05_before_12_both_1,True,0.010317004574689426,-0.0009508998880711772,9.090000000000002,30,"[6.6899999999999995, 2.3999999999999995]",3
trading_outer_02,edge_0.05_before_12_both_2,True,0.009749187107737978,-0.0009511825378739625,8.589999999999998,49,"[6.569999999999999, 2.0199999999999996]",3
trading_outer_02,edge_0.05_before_12_both_unlimited,True,0.00926089431888344,-0.000951587962412348,8.16,55,"[6.729999999999999, 1.4299999999999995]",2
trading_outer_02,edge_0.05_before_12_buy_yes_1,True,0.010317004574689426,-0.0009508998880711772,9.090000000000002,30,"[6.6899999999999995, 2.3999999999999995]",4
trading_outer_02,edge_0.05_before_12_buy_yes_2,True,0.009749187107737978,-0.0009511825378739625,8.589999999999998,49,"[6.569999999999999, 2.0199999999999996]",4
trading_outer_02,edge_0.05_before_12_buy_yes_unlimited,True,0.00926089431888344,-0.000951587962412348,8.16,55,"[6.729999999999999, 1.4299999999999995]",3
trading_outer_02,edge_0.05_before_12_buy_no_1,False,0.0,0.0,0.0,0,"[0.0, 0.0]",4
trading_outer_02,edge_0.05_before_12_buy_no_2,False,0.0,0.0,0.0,0,"[0.0, 0.0]",4
trading_outer_02,edge_0.05_before_12_buy_no_unlimited,False,0.0,0.0,0.0,0,"[0.0, 0.0]",3
trading_outer_02,edge_0.05_12_to_16_both_1,False,0.0031766183838943807,-0.0001898746827093678,2.8,12,"[1.3999999999999997, 1.4]",3
trading_outer_02,edge_0.05_12_to_16_both_2,False,0.0022802374236061684,-0.0004090958980653703,2.01,16,"[1.2799999999999996, 0.7299999999999998]",3
trading_outer_02,edge_0.05_12_to_16_both_unlimited,False,0.0022802374236061684,-0.0004090958980653703,2.01,16,"[1.2799999999999996, 0.7299999999999998]",2
trading_outer_02,edge_0.05_12_to_16_buy_yes_1,False,0.0028589028864600685,-0.0001898746827093678,2.52,11,"[1.3999999999999997, 1.1199999999999997]",4
trading_outer_02,edge_0.05_12_to_16_buy_yes_2,False,0.001962555555243828,-0.0004092102242670981,1.7299999999999993,15,"[1.2799999999999996, 0.44999999999999984]",4
trading_outer_02,edge_0.05_12_to_16_buy_yes_unlimited,False,0.001962555555243828,-0.0004092102242670981,1.7299999999999993,15,"[1.2799999999999996, 0.44999999999999984]",3
trading_outer_02,edge_0.05_12_to_16_buy_no_1,False,0.0003176081446967238,0.0,0.28,1,"[0.0, 0.28]",4
trading_outer_02,edge_0.05_12_to_16_buy_no_2,False,0.0003176081446967238,0.0,0.28,1,"[0.0, 0.28]",4
trading_outer_02,edge_0.05_12_to_16_buy_no_unlimited,False,0.0003176081446967238,0.0,0.28,1,"[0.0, 0.28]",3
trading_outer_02,edge_0.05_after_16_both_1,False,0.002166778244754086,-2.9990103265986612e-05,1.91,5,"[0.3299999999999999, 1.5799999999999998]",3
trading_outer_02,edge_0.05_after_16_both_2,False,0.0028248626470399607,-2.9924590033036935e-05,2.4899999999999998,8,"[0.3299999999999999, 2.16]",3
trading_outer_02,edge_0.05_after_16_both_unlimited,False,0.002790822544420646,-2.9925485540927e-05,2.46,9,"[0.3299999999999999, 2.13]",2
trading_outer_02,edge_0.05_after_16_buy_yes_1,False,0.002166778244754086,-2.9990103265986612e-05,1.91,5,"[0.3299999999999999, 1.5799999999999998]",4
trading_outer_02,edge_0.05_after_16_buy_yes_2,False,0.0028248626470399607,-2.9924590033036935e-05,2.4899999999999998,8,"[0.3299999999999999, 2.16]",4
trading_outer_02,edge_0.05_after_16_buy_yes_unlimited,False,0.002790822544420646,-2.9925485540927e-05,2.46,9,"[0.3299999999999999, 2.13]",3
trading_outer_02,edge_0.05_after_16_buy_no_1,False,0.0,0.0,0.0,0,"[0.0, 0.0]",4
trading_outer_02,edge_0.05_after_16_buy_no_2,False,0.0,0.0,0.0,0,"[0.0, 0.0]",4
trading_outer_02,edge_0.05_after_16_buy_no_unlimited,False,0.0,0.0,0.0,0,"[0.0, 0.0]",3
trading_outer_02,edge_0.05_after_12_both_1,False,0.005344209623355578,-0.00018981208603485733,4.709999999999999,17,"[1.7299999999999995, 2.98]",3
trading_outer_02,edge_0.05_after_12_both_2,True,0.00510586097676069,-0.0004080698297054264,4.5,24,"[1.6099999999999994, 2.890000000000001]",3
trading_outer_02,edge_0.05_after_12_both_unlimited,True,0.005071811716330199,-0.0004080820145317965,4.47,25,"[1.6099999999999994, 2.8600000000000008]",2
trading_outer_02,edge_0.05_after_12_buy_yes_1,False,0.005026412914861167,-0.00018981208603485733,4.43,16,"[1.7299999999999995, 2.7]",4
trading_outer_02,edge_0.05_after_12_buy_yes_2,True,0.004788073190687525,-0.0004081835830554992,4.219999999999999,23,"[1.6099999999999994, 2.6100000000000008]",4
trading_outer_02,edge_0.05_after_12_buy_yes_unlimited,True,0.00475402520502044,-0.0004081957746758791,4.1899999999999995,24,"[1.6099999999999994, 2.5800000000000005]",3
trading_outer_02,edge_0.05_after_12_buy_no_1,False,0.0003176081446967238,0.0,0.28,1,"[0.0, 0.28]",4
trading_outer_02,edge_0.05_after_12_buy_no_2,False,0.0003176081446967238,0.0,0.28,1,"[0.0, 0.28]",4
trading_outer_02,edge_0.05_after_12_buy_no_unlimited,False,0.0003176081446967238,0.0,0.28,1,"[0.0, 0.28]",3
trading_outer_02,edge_0.075_all_both_1,True,0.013633812730306394,-0.0006599999999999939,12.01,34,"[7.13, 4.879999999999999]",2
trading_outer_02,edge_0.075_all_both_2,True,0.013883761348514989,-0.0006599999999999939,12.229999999999999,50,"[7.789999999999999, 4.439999999999999]",2
trading_outer_02,edge_0.075_all_both_unlimited,True,0.014383680470081428,-0.0006599999999999939,12.67,52,"[8.229999999999999, 4.439999999999999]",1
trading_outer_02,edge_0.075_all_buy_yes_1,True,0.013633812730306394,-0.0006599999999999939,12.01,34,"[7.13, 4.879999999999999]",3
trading_outer_02,edge_0.075_all_buy_yes_2,True,0.013883761348514989,-0.0006599999999999939,12.229999999999999,50,"[7.789999999999999, 4.439999999999999]",3
trading_outer_02,edge_0.075_all_buy_yes_unlimited,True,0.014383680470081428,-0.0006599999999999939,12.67,52,"[8.229999999999999, 4.439999999999999]",2
trading_outer_02,edge_0.075_all_buy_no_1,False,0.0,0.0,0.0,0,"[0.0, 0.0]",3
trading_outer_02,edge_0.075_all_buy_no_2,False,0.0,0.0,0.0,0,"[0.0, 0.0]",3
trading_outer_02,edge_0.075_all_buy_no_unlimited,False,0.0,0.0,0.0,0,"[0.0, 0.0]",2
trading_outer_02,edge_0.075_before_12_both_1,True,0.009090566204391859,-0.0006599999999999939,8.009999999999998,22,"[5.7299999999999995, 2.28]",3
trading_outer_02,edge_0.075_before_12_both_2,True,0.009635628149962105,-0.0006599999999999939,8.49,30,"[6.56, 1.9299999999999993]",3
trading_outer_02,edge_0.075_before_12_both_unlimited,True,0.01013529887349196,-0.0006599999999999939,8.93,32,"[7.0, 1.9299999999999993]",2
trading_outer_02,edge_0.075_before_12_buy_yes_1,True,0.009090566204391859,-0.0006599999999999939,8.009999999999998,22,"[5.7299999999999995, 2.28]",4
trading_outer_02,edge_0.075_before_12_buy_yes_2,True,0.009635628149962105,-0.0006599999999999939,8.49,30,"[6.56, 1.9299999999999993]",4
trading_outer_02,edge_0.075_before_12_buy_yes_unlimited,True,0.01013529887349196,-0.0006599999999999939,8.93,32,"[7.0, 1.9299999999999993]",3
trading_outer_02,edge_0.075_before_12_buy_no_1,False,0.0,0.0,0.0,0,"[0.0, 0.0]",4
trading_outer_02,edge_0.075_before_12_buy_no_2,False,0.0,0.0,0.0,0,"[0.0, 0.0]",4
trading_outer_02,edge_0.075_before_12_buy_no_unlimited,False,0.0,0.0,0.0,0,"[0.0, 0.0]",3
trading_outer_02,edge_0.075_12_to_16_both_1,False,0.002314275473791705,-0.0001898746827093678,2.0399999999999996,8,"[1.0199999999999998, 1.0199999999999998]",3
trading_outer_02,edge_0.075_12_to_16_both_2,False,0.0014179858113432253,-0.0004094063607769094,1.2499999999999998,12,"[0.8999999999999999, 0.35]",3
trading_outer_02,edge_0.075_12_to_16_both_unlimited,False,0.0014179858113432253,-0.0004094063607769094,1.2499999999999998,12,"[0.8999999999999999, 0.35]",2
trading_outer_02,edge_0.075_12_to_16_buy_yes_1,False,0.002314275473791705,-0.0001898746827093678,2.0399999999999996,8,"[1.0199999999999998, 1.0199999999999998]",4
trading_outer_02,edge_0.075_12_to_16_buy_yes_2,False,0.0014179858113432253,-0.0004094063607769094,1.2499999999999998,12,"[0.8999999999999999, 0.35]",4
trading_outer_02,edge_0.075_12_to_16_buy_yes_unlimited,False,0.0014179858113432253,-0.0004094063607769094,1.2499999999999998,12,"[0.8999999999999999, 0.35]",3
trading_outer_02,edge_0.075_12_to_16_buy_no_1,False,0.0,0.0,0.0,0,"[0.0, 0.0]",4
trading_outer_02,edge_0.075_12_to_16_buy_no_2,False,0.0,0.0,0.0,0,"[0.0, 0.0]",4
trading_outer_02,edge_0.075_12_to_16_buy_no_unlimited,False,0.0,0.0,0.0,0,"[0.0, 0.0]",3
trading_outer_02,edge_0.075_after_16_both_1,False,0.002166778244754086,-2.9990103265986612e-05,1.91,5,"[0.3299999999999999, 1.5799999999999998]",3
trading_outer_02,edge_0.075_after_16_both_2,False,0.0028248626470399607,-2.9924590033036935e-05,2.4899999999999998,8,"[0.3299999999999999, 2.16]",3
trading_outer_02,edge_0.075_after_16_both_unlimited,False,0.0028248626470399607,-2.9924590033036935e-05,2.4899999999999998,8,"[0.3299999999999999, 2.16]",2
trading_outer_02,edge_0.075_after_16_buy_yes_1,False,0.002166778244754086,-2.9990103265986612e-05,1.91,5,"[0.3299999999999999, 1.5799999999999998]",4
trading_outer_02,edge_0.075_after_16_buy_yes_2,False,0.0028248626470399607,-2.9924590033036935e-05,2.4899999999999998,8,"[0.3299999999999999, 2.16]",4
trading_outer_02,edge_0.075_after_16_buy_yes_unlimited,False,0.0028248626470399607,-2.9924590033036935e-05,2.4899999999999998,8,"[0.3299999999999999, 2.16]",3
trading_outer_02,edge_0.075_after_16_buy_no_1,False,0.0,0.0,0.0,0,"[0.0, 0.0]",4
trading_outer_02,edge_0.075_after_16_buy_no_2,False,0.0,0.0,0.0,0,"[0.0, 0.0]",4
trading_outer_02,edge_0.075_after_16_buy_no_unlimited,False,0.0,0.0,0.0,0,"[0.0, 0.0]",3
trading_outer_02,edge_0.075_after_12_both_1,False,0.004481646237582293,-0.00018981208603485733,3.95,13,"[1.3499999999999999, 2.6000000000000005]",3
trading_outer_02,edge_0.075_after_12_both_2,True,0.004243321813998557,-0.0004083787364165259,3.74,20,"[1.2299999999999998, 2.5100000000000007]",3
trading_outer_02,edge_0.075_after_12_both_unlimited,True,0.004243321813998557,-0.0004083787364165259,3.74,20,"[1.2299999999999998, 2.5100000000000007]",2
trading_outer_02,edge_0.075_after_12_buy_yes_1,False,0.004481646237582293,-0.00018981208603485733,3.95,13,"[1.3499999999999999, 2.6000000000000005]",4
trading_outer_02,edge_0.075_after_12_buy_yes_2,True,0.004243321813998557,-0.0004083787364165259,3.74,20,"[1.2299999999999998, 2.5100000000000007]",4
trading_outer_02,edge_0.075_after_12_buy_yes_unlimited,True,0.004243321813998557,-0.0004083787364165259,3.74,20,"[1.2299999999999998, 2.5100000000000007]",3
trading_outer_02,edge_0.075_after_12_buy_no_1,False,0.0,0.0,0.0,0,"[0.0, 0.0]",4
trading_outer_02,edge_0.075_after_12_buy_no_2,False,0.0,0.0,0.0,0,"[0.0, 0.0]",4
trading_outer_02,edge_0.075_after_12_buy_no_unlimited,False,0.0,0.0,0.0,0,"[0.0, 0.0]",3
trading_outer_02,edge_0.1_all_both_1,True,0.009147341864377934,-0.00019921112394916118,8.06,22,"[4.300000000000001, 3.7600000000000002]",2
trading_outer_02,edge_0.1_all_both_2,True,0.010351074824427542,-0.00021964636934534987,9.12,34,"[5.010000000000001, 4.109999999999999]",2
trading_outer_02,edge_0.1_all_both_unlimited,True,0.011214233179264399,-0.00014851044028396654,9.879999999999999,35,"[5.77, 4.109999999999999]",1
trading_outer_02,edge_0.1_all_buy_yes_1,True,0.009147341864377934,-0.00019921112394916118,8.06,22,"[4.300000000000001, 3.7600000000000002]",3
trading_outer_02,edge_0.1_all_buy_yes_2,True,0.010351074824427542,-0.00021964636934534987,9.12,34,"[5.010000000000001, 4.109999999999999]",3
trading_outer_02,edge_0.1_all_buy_yes_unlimited,True,0.011214233179264399,-0.00014851044028396654,9.879999999999999,35,"[5.77, 4.109999999999999]",2
trading_outer_02,edge_0.1_all_buy_no_1,False,0.0,0.0,0.0,0,"[0.0, 0.0]",3
trading_outer_02,edge_0.1_all_buy_no_2,False,0.0,0.0,0.0,0,"[0.0, 0.0]",3
trading_outer_02,edge_0.1_all_buy_no_unlimited,False,0.0,0.0,0.0,0,"[0.0, 0.0]",2
trading_outer_02,edge_0.1_before_12_both_1,False,0.004946965596519082,-0.00019942366560632419,4.359999999999999,12,"[3.23, 1.13]",3
trading_outer_02,edge_0.1_before_12_both_2,True,0.005491762138397194,-0.00014925521646980133,4.839999999999998,20,"[4.0600000000000005, 0.7799999999999999]",3
trading_outer_02,edge_0.1_before_12_both_unlimited,True,0.0063544281349543486,-0.0001491424310215983,5.599999999999998,21,"[4.819999999999999, 0.7799999999999999]",2
trading_outer_02,edge_0.1_before_12_buy_yes_1,False,0.004946965596519082,-0.00019942366560632419,4.359999999999999,12,"[3.23, 1.13]",4
trading_outer_02,edge_0.1_before_12_buy_yes_2,True,0.005491762138397194,-0.00014925521646980133,4.839999999999998,20,"[4.0600000000000005, 0.7799999999999999]",4
trading_outer_02,edge_0.1_before_12_buy_yes_unlimited,True,0.0063544281349543486,-0.0001491424310215983,5.599999999999998,21,"[4.819999999999999, 0.7799999999999999]",3
trading_outer_02,edge_0.1_before_12_buy_no_1,False,0.0,0.0,0.0,0,"[0.0, 0.0]",4
trading_outer_02,edge_0.1_before_12_buy_no_2,False,0.0,0.0,0.0,0,"[0.0, 0.0]",4
trading_outer_02,edge_0.1_before_12_buy_no_unlimited,False,0.0,0.0,0.0,0,"[0.0, 0.0]",3
trading_outer_02,edge_0.1_12_to_16_both_1,False,0.002405044276673207,-0.0001898746827093678,2.1199999999999997,6,"[1.0699999999999998, 1.0499999999999998]",3
trading_outer_02,edge_0.1_12_to_16_both_2,False,0.0022688914372899216,-0.00021987467143735895,1.9999999999999998,8,"[0.95, 1.0499999999999998]",3
trading_outer_02,edge_0.1_12_to_16_both_unlimited,False,0.0022688914372899216,-0.00021987467143735895,1.9999999999999998,8,"[0.95, 1.0499999999999998]",2
trading_outer_02,edge_0.1_12_to_16_buy_yes_1,False,0.002405044276673207,-0.0001898746827093678,2.1199999999999997,6,"[1.0699999999999998, 1.0499999999999998]",4
trading_outer_02,edge_0.1_12_to_16_buy_yes_2,False,0.0022688914372899216,-0.00021987467143735895,1.9999999999999998,8,"[0.95, 1.0499999999999998]",4
trading_outer_02,edge_0.1_12_to_16_buy_yes_unlimited,False,0.0022688914372899216,-0.00021987467143735895,1.9999999999999998,8,"[0.95, 1.0499999999999998]",3
trading_outer_02,edge_0.1_12_to_16_buy_no_1,False,0.0,0.0,0.0,0,"[0.0, 0.0]",4
trading_outer_02,edge_0.1_12_to_16_buy_no_2,False,0.0,0.0,0.0,0,"[0.0, 0.0]",4
trading_outer_02,edge_0.1_12_to_16_buy_no_unlimited,False,0.0,0.0,0.0,0,"[0.0, 0.0]",3
trading_outer_02,edge_0.1_after_16_both_1,False,0.0017923737451057686,-2.999999999997449e-05,1.5799999999999998,4,"[0.0, 1.5799999999999998]",3
trading_outer_02,edge_0.1_after_16_both_2,False,0.0025865848017141424,-2.993085971403353e-05,2.2800000000000002,6,"[0.0, 2.2800000000000002]",3
trading_outer_02,edge_0.1_after_16_both_unlimited,False,0.0025865848017141424,-2.993085971403353e-05,2.2800000000000002,6,"[0.0, 2.2800000000000002]",2
trading_outer_02,edge_0.1_after_16_buy_yes_1,False,0.0017923737451057686,-2.999999999997449e-05,1.5799999999999998,4,"[0.0, 1.5799999999999998]",4
trading_outer_02,edge_0.1_after_16_buy_yes_2,False,0.0025865848017141424,-2.993085971403353e-05,2.2800000000000002,6,"[0.0, 2.2800000000000002]",4
trading_outer_02,edge_0.1_after_16_buy_yes_unlimited,False,0.0025865848017141424,-2.993085971403353e-05,2.2800000000000002,6,"[0.0, 2.2800000000000002]",3
trading_outer_02,edge_0.1_after_16_buy_no_1,False,0.0,0.0,0.0,0,"[0.0, 0.0]",4
trading_outer_02,edge_0.1_after_16_buy_no_2,False,0.0,0.0,0.0,0,"[0.0, 0.0]",4
trading_outer_02,edge_0.1_after_16_buy_no_unlimited,False,0.0,0.0,0.0,0,"[0.0, 0.0]",3
trading_outer_02,edge_0.1_after_12_both_1,False,0.0041979274448433745,-0.0001898746827093678,3.7,10,"[1.0699999999999998, 2.6300000000000003]",3
trading_outer_02,edge_0.1_after_12_both_2,False,0.004856169571807456,-0.00021987467143735895,4.28,14,"[0.95, 3.33]",3
trading_outer_02,edge_0.1_after_12_both_unlimited,False,0.004856169571807456,-0.00021987467143735895,4.28,14,"[0.95, 3.33]",2
trading_outer_02,edge_0.1_after_12_buy_yes_1,False,0.0041979274448433745,-0.0001898746827093678,3.7,10,"[1.0699999999999998, 2.6300000000000003]",4
trading_outer_02,edge_0.1_after_12_buy_yes_2,False,0.004856169571807456,-0.00021987467143735895,4.28,14,"[0.95, 3.33]",4
trading_outer_02,edge_0.1_after_12_buy_yes_unlimited,False,0.004856169571807456,-0.00021987467143735895,4.28,14,"[0.95, 3.33]",3
trading_outer_02,edge_0.1_after_12_buy_no_1,False,0.0,0.0,0.0,0,"[0.0, 0.0]",4
trading_outer_02,edge_0.1_after_12_buy_no_2,False,0.0,0.0,0.0,0,"[0.0, 0.0]",4
trading_outer_02,edge_0.1_after_12_buy_no_unlimited,False,0.0,0.0,0.0,0,"[0.0, 0.0]",3
trading_outer_02,edge_0.15_all_both_1,False,0.005242059384082731,-0.00014970956344695363,4.619999999999999,9,"[2.33, 2.29]",2
trading_outer_02,edge_0.15_all_both_2,False,0.005718771013454971,-5.996042611866592e-05,5.039999999999999,13,"[2.9299999999999997, 2.11]",2
trading_outer_02,edge_0.15_all_both_unlimited,False,0.005718771013454971,-5.996042611866592e-05,5.039999999999999,13,"[2.9299999999999997, 2.11]",1
trading_outer_02,edge_0.15_all_buy_yes_1,False,0.005242059384082731,-0.00014970956344695363,4.619999999999999,9,"[2.33, 2.29]",3
trading_outer_02,edge_0.15_all_buy_yes_2,False,0.005718771013454971,-5.996042611866592e-05,5.039999999999999,13,"[2.9299999999999997, 2.11]",3
trading_outer_02,edge_0.15_all_buy_yes_unlimited,False,0.005718771013454971,-5.996042611866592e-05,5.039999999999999,13,"[2.9299999999999997, 2.11]",2
trading_outer_02,edge_0.15_all_buy_no_1,False,0.0,0.0,0.0,0,"[0.0, 0.0]",3
trading_outer_02,edge_0.15_all_buy_no_2,False,0.0,0.0,0.0,0,"[0.0, 0.0]",3
trading_outer_02,edge_0.15_all_buy_no_unlimited,False,0.0,0.0,0.0,0,"[0.0, 0.0]",2
trading_outer_02,edge_0.15_before_12_both_1,False,0.0020192835858139357,-0.00014988908207924645,1.7799999999999998,4,"[1.13, 0.6499999999999999]",3
trading_outer_02,edge_0.15_before_12_both_2,False,0.002529852969535895,0.0,2.23,7,"[1.73, 0.4999999999999999]",3
trading_outer_02,edge_0.15_before_12_both_unlimited,False,0.002529852969535895,0.0,2.23,7,"[1.73, 0.4999999999999999]",2
trading_outer_02,edge_0.15_before_12_buy_yes_1,False,0.0020192835858139357,-0.00014988908207924645,1.7799999999999998,4,"[1.13, 0.6499999999999999]",4
trading_outer_02,edge_0.15_before_12_buy_yes_2,False,0.002529852969535895,0.0,2.23,7,"[1.73, 0.4999999999999999]",4
trading_outer_02,edge_0.15_before_12_buy_yes_unlimited,False,0.002529852969535895,0.0,2.23,7,"[1.73, 0.4999999999999999]",3
trading_outer_02,edge_0.15_before_12_buy_no_1,False,0.0,0.0,0.0,0,"[0.0, 0.0]",4
trading_outer_02,edge_0.15_before_12_buy_no_2,False,0.0,0.0,0.0,0,"[0.0, 0.0]",4
trading_outer_02,edge_0.15_before_12_buy_no_unlimited,False,0.0,0.0,0.0,0,"[0.0, 0.0]",3
trading_outer_02,edge_0.15_12_to_16_both_1,False,0.0013612618122713638,-5.996042611866592e-05,1.1999999999999997,3,"[1.1999999999999997, 0.0]",3
trading_outer_02,edge_0.15_12_to_16_both_2,False,0.0013612618122713638,-5.996042611866592e-05,1.1999999999999997,3,"[1.1999999999999997, 0.0]",3
trading_outer_02,edge_0.15_12_to_16_both_unlimited,False,0.0013612618122713638,-5.996042611866592e-05,1.1999999999999997,3,"[1.1999999999999997, 0.0]",2
trading_outer_02,edge_0.15_12_to_16_buy_yes_1,False,0.0013612618122713638,-5.996042611866592e-05,1.1999999999999997,3,"[1.1999999999999997, 0.0]",4
trading_outer_02,edge_0.15_12_to_16_buy_yes_2,False,0.0013612618122713638,-5.996042611866592e-05,1.1999999999999997,3,"[1.1999999999999997, 0.0]",4
trading_outer_02,edge_0.15_12_to_16_buy_yes_unlimited,False,0.0013612618122713638,-5.996042611866592e-05,1.1999999999999997,3,"[1.1999999999999997, 0.0]",3
trading_outer_02,edge_0.15_12_to_16_buy_no_1,False,0.0,0.0,0.0,0,"[0.0, 0.0]",4
trading_outer_02,edge_0.15_12_to_16_buy_no_2,False,0.0,0.0,0.0,0,"[0.0, 0.0]",4
trading_outer_02,edge_0.15_12_to_16_buy_no_unlimited,False,0.0,0.0,0.0,0,"[0.0, 0.0]",3
trading_outer_02,edge_0.15_after_16_both_1,False,0.0018604460584612514,0.0,1.6400000000000001,2,"[0.0, 1.6400000000000001]",3
trading_outer_02,edge_0.15_after_16_both_2,False,0.0018264098333311551,0.0,1.6099999999999999,3,"[0.0, 1.6099999999999999]",3
trading_outer_02,edge_0.15_after_16_both_unlimited,False,0.0018264098333311551,0.0,1.6099999999999999,3,"[0.0, 1.6099999999999999]",2
trading_outer_02,edge_0.15_after_16_buy_yes_1,False,0.0018604460584612514,0.0,1.6400000000000001,2,"[0.0, 1.6400000000000001]",4
trading_outer_02,edge_0.15_after_16_buy_yes_2,False,0.0018264098333311551,0.0,1.6099999999999999,3,"[0.0, 1.6099999999999999]",4
trading_outer_02,edge_0.15_after_16_buy_yes_unlimited,False,0.0018264098333311551,0.0,1.6099999999999999,3,"[0.0, 1.6099999999999999]",3
trading_outer_02,edge_0.15_after_16_buy_no_1,False,0.0,0.0,0.0,0,"[0.0, 0.0]",4
trading_outer_02,edge_0.15_after_16_buy_no_2,False,0.0,0.0,0.0,0,"[0.0, 0.0]",4
trading_outer_02,edge_0.15_after_16_buy_no_unlimited,False,0.0,0.0,0.0,0,"[0.0, 0.0]",3
trading_outer_02,edge_0.15_after_12_both_1,False,0.0032220072847102266,-5.996042611866592e-05,2.84,5,"[1.1999999999999997, 1.6400000000000001]",3
trading_outer_02,edge_0.15_after_12_both_2,False,0.003187965586304742,-5.996042611866592e-05,2.8099999999999996,6,"[1.1999999999999997, 1.6099999999999999]",3
trading_outer_02,edge_0.15_after_12_both_unlimited,False,0.003187965586304742,-5.996042611866592e-05,2.8099999999999996,6,"[1.1999999999999997, 1.6099999999999999]",2
trading_outer_02,edge_0.15_after_12_buy_yes_1,False,0.0032220072847102266,-5.996042611866592e-05,2.84,5,"[1.1999999999999997, 1.6400000000000001]",4
trading_outer_02,edge_0.15_after_12_buy_yes_2,False,0.003187965586304742,-5.996042611866592e-05,2.8099999999999996,6,"[1.1999999999999997, 1.6099999999999999]",4
trading_outer_02,edge_0.15_after_12_buy_yes_unlimited,False,0.003187965586304742,-5.996042611866592e-05,2.8099999999999996,6,"[1.1999999999999997, 1.6099999999999999]",3
trading_outer_02,edge_0.15_after_12_buy_no_1,False,0.0,0.0,0.0,0,"[0.0, 0.0]",4
trading_outer_02,edge_0.15_after_12_buy_no_2,False,0.0,0.0,0.0,0,"[0.0, 0.0]",4
trading_outer_02,edge_0.15_after_12_buy_no_unlimited,False,0.0,0.0,0.0,0,"[0.0, 0.0]",3
