trade_id,city,target_date,event_ticker,market_ticker,signal_timestamp,execution_timestamp,settlement_timestamp,prediction_time,probability_age_minutes,model_probability,side,entry_price,unadjusted_entry_price,quote_source,quote_field,execution_gap_minutes,contracts,gross_cost,fees,slippage_per_contract,cash_committed,predicted_edge,lower_confidence_edge,settlement,settlement_source,execution_assumption,evidence_label,supports_profitability_claim,cash_after_settlement,gross_pnl,net_pnl,outer_fold_id,selected_filter_candidate,kelly_fraction
1,NYC,2025-05-05,KXHIGHNY-25MAY05,KXHIGHNY-25MAY05-B60.5,2025-05-05 14:15:00+00:00,2025-05-05 14:16:00+00:00,2025-05-12 14:00:00+00:00,2025-05-05 14:00:00+00:00,15.0,0.1501730528692295,BUY_YES,0.06,0.05,kalshi_candlestick,yes_ask_open,1.0,62,3.7199999999999998,0.25,0.01,3.9699999999999998,0.0801730528692295,0.0141794466573023,1,kalshi_result,next_candle_open,counterfactual_sizing_sensitivity_no_historical_depth,False,1048.37,58.28,58.03,trading_outer_00,edge_0_all_both_unlimited,0.25
2,NYC,2025-05-05,KXHIGHNY-25MAY05,KXHIGHNY-25MAY05-B62.5,2025-05-05 14:15:00+00:00,2025-05-05 14:17:00+00:00,2025-05-12 14:00:00+00:00,2025-05-05 14:00:00+00:00,15.0,0.8498269471307706,BUY_YES,0.64,0.63,kalshi_candlestick,yes_ask_open,2.0,7,4.48,0.12,0.01,4.6000000000000005,0.1898269471307705,0.0864219120912067,0,kalshi_result,next_candle_open,counterfactual_sizing_sensitivity_no_historical_depth,False,1048.37,-4.48,-4.6000000000000005,trading_outer_00,edge_0_all_both_unlimited,0.25
3,NYC,2025-05-08,KXHIGHNY-25MAY08,KXHIGHNY-25MAY08-B71.5,2025-05-08 14:35:00+00:00,2025-05-08 14:37:00+00:00,2025-05-15 14:00:00+00:00,2025-05-08 14:00:00+00:00,35.0,0.1038972892374942,BUY_YES,0.04,0.03,kalshi_candlestick,yes_ask_open,2.0,9,0.36,0.03,0.01,0.39,0.0538972892374942,0.0014097910317482,0,kalshi_result,next_candle_open,counterfactual_sizing_sensitivity_no_historical_depth,False,1048.37,-0.36,-0.39,trading_outer_00,edge_0_all_both_unlimited,0.25
4,NYC,2025-05-10,KXHIGHNY-25MAY10,KXHIGHNY-25MAY10-B72.5,2025-05-10 20:20:00+00:00,2025-05-10 20:21:00+00:00,2025-05-17 14:00:00+00:00,2025-05-10 20:00:00+00:00,20.0,0.864207699718811,BUY_YES,0.65,0.64,kalshi_candlestick,yes_ask_open,1.0,7,4.55,0.12,0.01,4.67,0.1942076997188109,0.0931593100724633,1,kalshi_result,next_candle_open,counterfactual_sizing_sensitivity_no_historical_depth,False,1044.46,2.45,2.33,trading_outer_00,edge_0_all_both_unlimited,0.25
5,NYC,2025-05-15,KXHIGHNY-25MAY15,KXHIGHNY-25MAY15-B69.5,2025-05-15 19:45:00+00:00,2025-05-15 19:46:00+00:00,2025-05-22 14:00:00+00:00,2025-05-15 19:00:00+00:00,45.0,0.7156708123451629,BUY_YES,0.32,0.31,kalshi_candlestick,yes_ask_open,1.0,16,5.12,0.25,0.01,5.37,0.3756708123451629,0.2591925931803211,1,kalshi_result,next_candle_open,counterfactual_sizing_sensitivity_no_historical_depth,False,1044.03,10.879999999999999,10.629999999999999,trading_outer_00,edge_0_all_both_unlimited,0.25
6,NYC,2025-05-15,KXHIGHNY-25MAY15,KXHIGHNY-25MAY15-B71.5,2025-05-15 19:45:00+00:00,2025-05-15 19:46:00+00:00,2025-05-22 14:00:00+00:00,2025-05-15 19:00:00+00:00,45.0,0.2843291876548369,BUY_YES,0.08,0.07,kalshi_candlestick,yes_ask_open,1.0,65,5.2,0.34,0.0099999999999999,5.54,0.1943291876548369,0.1009153816589255,0,kalshi_result,next_candle_open,counterfactual_sizing_sensitivity_no_historical_depth,False,1044.03,-5.2,-5.54,trading_outer_00,edge_0_all_both_unlimited,0.25
7,NYC,2025-05-17,KXHIGHNY-25MAY17,KXHIGHNY-25MAY17-B80.5,2025-05-17 20:45:00+00:00,2025-05-17 20:46:00+00:00,2025-05-24 14:00:00+00:00,2025-05-17 20:00:00+00:00,45.0,0.6250337320493871,BUY_YES,0.46,0.45,kalshi_candlestick,yes_ask_open,1.0,11,5.0600000000000005,0.2,0.01,5.260000000000001,0.145033732049387,0.0262026040078233,0,kalshi_result,next_candle_open,counterfactual_sizing_sensitivity_no_historical_depth,False,1032.92,-5.0600000000000005,-5.260000000000001,trading_outer_00,edge_0_all_both_unlimited,0.25
8,NYC,2025-05-18,KXHIGHNY-25MAY18,KXHIGHNY-25MAY18-B68.5,2025-05-18 14:30:00+00:00,2025-05-18 14:31:00+00:00,2025-05-25 14:00:00+00:00,2025-05-18 14:00:00+00:00,30.0,0.1595822321120766,BUY_YES,0.02,0.01,kalshi_candlestick,yes_ask_open,1.0,263,5.26,0.37,0.01,5.63,0.1295822321120766,0.0611667990921707,0,kalshi_result,next_candle_open,counterfactual_sizing_sensitivity_no_historical_depth,False,1032.92,-5.26,-5.63,trading_outer_00,edge_0_all_both_unlimited,0.25
9,NYC,2025-05-18,KXHIGHNY-25MAY18,KXHIGHNY-25MAY18-B70.5,2025-05-18 14:30:00+00:00,2025-05-18 14:31:00+00:00,2025-05-25 14:00:00+00:00,2025-05-18 14:00:00+00:00,30.0,0.2306190767665832,BUY_YES,0.08,0.07,kalshi_candlestick,yes_ask_open,1.0,65,5.2,0.34,0.0099999999999999,5.54,0.1406190767665832,0.0565594926174563,0,kalshi_result,next_candle_open,counterfactual_sizing_sensitivity_no_historical_depth,False,1032.92,-5.2,-5.54,trading_outer_00,edge_0_all_both_unlimited,0.25
11,NYC,2025-05-24,KXHIGHNY-25MAY24,KXHIGHNY-25MAY24-B64.5,2025-05-24 13:30:00+00:00,2025-05-24 13:31:00+00:00,2025-05-31 14:00:00+00:00,2025-05-24 13:00:00+00:00,30.0,0.5970331875068354,BUY_YES,0.31,0.3,kalshi_candlestick,yes_ask_open,1.0,17,5.27,0.26,0.01,5.529999999999999,0.2670331875068354,0.1483048391819731,1,kalshi_result,next_candle_open,counterfactual_sizing_sensitivity_no_historical_depth,False,1038.81,11.73,11.47,trading_outer_00,edge_0_all_both_unlimited,0.25
12,NYC,2025-05-24,KXHIGHNY-25MAY24,KXHIGHNY-25MAY24-T62,2025-05-24 13:30:00+00:00,2025-05-24 13:31:00+00:00,2025-05-31 14:00:00+00:00,2025-05-24 13:00:00+00:00,30.0,0.4029668124931647,BUY_YES,0.17,0.16,kalshi_candlestick,yes_ask_open,1.0,31,5.2700000000000005,0.31,0.01,5.58,0.2229668124931646,0.1146154526138885,0,kalshi_result,next_candle_open,counterfactual_sizing_sensitivity_no_historical_depth,False,1038.81,-5.2700000000000005,-5.58,trading_outer_00,edge_0_all_both_unlimited,0.25
14,NYC,2025-05-30,KXHIGHNY-25MAY30,KXHIGHNY-25MAY30-B77.5,2025-05-30 15:15:00+00:00,2025-05-30 15:16:00+00:00,2025-06-06 14:00:00+00:00,2025-05-30 15:00:00+00:00,15.0,0.2108169634787051,BUY_YES,0.08,0.07,kalshi_candlestick,yes_ask_open,1.0,65,5.2,0.34,0.0099999999999999,5.54,0.1208169634787051,0.0407012019804581,0,kalshi_result,next_candle_open,counterfactual_sizing_sensitivity_no_historical_depth,False,997.3299999999999,-5.2,-5.54,trading_outer_00,edge_0_all_both_unlimited,0.25
15,NYC,2025-05-30,KXHIGHNY-25MAY30,KXHIGHNY-25MAY30-T73,2025-05-30 15:15:00+00:00,2025-05-30 15:16:00+00:00,2025-06-06 14:00:00+00:00,2025-05-30 15:00:00+00:00,15.0,0.1948029769595473,BUY_YES,0.09,0.08,kalshi_candlestick,yes_ask_open,1.0,57,5.13,0.33,0.0099999999999999,5.46,0.0948029769595473,0.0180977896389079,0,kalshi_result,next_candle_open,counterfactual_sizing_sensitivity_no_historical_depth,False,997.3299999999999,-5.13,-5.46,trading_outer_00,edge_0_all_both_unlimited,0.25
16,NYC,2025-05-30,KXHIGHNY-25MAY30,KXHIGHNY-25MAY30-T80,2025-05-30 15:25:00+00:00,2025-05-30 15:26:00+00:00,2025-06-06 14:00:00+00:00,2025-05-30 15:00:00+00:00,25.0,0.1599461869335233,BUY_YES,0.02,0.01,kalshi_candlestick,yes_ask_open,1.0,5,0.1,0.01,0.01,0.11,0.1299461869335233,0.0614389670502386,0,kalshi_result,next_candle_open,counterfactual_sizing_sensitivity_no_historical_depth,False,997.3299999999999,-0.1,-0.11,trading_outer_00,edge_0_all_both_unlimited,0.25
17,NYC,2025-05-31,KXHIGHNY-25MAY31,KXHIGHNY-25MAY31-B70.5,2025-05-31 14:50:00+00:00,2025-05-31 14:51:00+00:00,2025-06-07 14:00:00+00:00,2025-05-31 14:00:00+00:00,50.0,0.3201989846676697,BUY_YES,0.14,0.13,kalshi_candlestick,yes_ask_open,1.0,37,5.180000000000001,0.32,0.01,5.500000000000001,0.1701989846676697,0.07150056386714,0,kalshi_result,next_candle_open,counterfactual_sizing_sensitivity_no_historical_depth,False,997.3299999999999,-5.180000000000001,-5.500000000000001,trading_outer_00,edge_0_all_both_unlimited,0.25
18,NYC,2025-05-31,KXHIGHNY-25MAY31,KXHIGHNY-25MAY31-T68,2025-05-31 14:50:00+00:00,2025-05-31 14:51:00+00:00,2025-06-07 14:00:00+00:00,2025-05-31 14:00:00+00:00,50.0,0.6798010153323303,BUY_YES,0.43,0.42,kalshi_candlestick,yes_ask_open,1.0,12,5.16,0.21,0.01,5.37,0.2298010153323303,0.1118741933368297,1,kalshi_result,next_candle_open,counterfactual_sizing_sensitivity_no_historical_depth,False,1009.3299999999999,6.84,6.63,trading_outer_00,edge_0_all_both_unlimited,0.25
19,NYC,2025-06-01,KXHIGHNY-25JUN01,KXHIGHNY-25JUN01-B66.5,2025-06-01 15:50:00+00:00,2025-06-01 15:51:00+00:00,2025-06-08 14:00:00+00:00,2025-06-01 15:00:00+00:00,50.0,0.6129781318249845,BUY_YES,0.44,0.43,kalshi_candlestick,yes_ask_open,1.0,11,4.84,0.19,0.01,5.03,0.1529781318249845,0.0341460047308899,1,kalshi_result,next_candle_open,counterfactual_sizing_sensitivity_no_historical_depth,False,1011.8399999999999,6.16,5.97,trading_outer_00,edge_0_all_both_unlimited,0.25
20,NYC,2025-06-01,KXHIGHNY-25JUN01,KXHIGHNY-25JUN01-B68.5,2025-06-01 15:50:00+00:00,2025-06-01 15:51:00+00:00,2025-06-08 14:00:00+00:00,2025-06-01 15:00:00+00:00,50.0,0.3870218681750155,BUY_YES,0.25,0.24,kalshi_candlestick,yes_ask_open,1.0,14,3.5,0.19,0.01,3.69,0.1170218681750155,0.0102719244933662,0,kalshi_result,next_candle_open,counterfactual_sizing_sensitivity_no_historical_depth,False,1011.8399999999999,-3.5,-3.69,trading_outer_00,edge_0_all_both_unlimited,0.25
21,NYC,2025-06-04,KXHIGHNY-25JUN04,KXHIGHNY-25JUN04-B82.5,2025-06-04 13:25:00+00:00,2025-06-04 13:26:00+00:00,2025-06-11 14:00:00+00:00,2025-06-04 13:00:00+00:00,25.0,0.6411170125100824,BUY_YES,0.47,0.46,kalshi_candlestick,yes_ask_open,1.0,11,5.17,0.2,0.01,5.37,0.1511170125100823,0.032396016029363,1,kalshi_result,next_candle_open,counterfactual_sizing_sensitivity_no_historical_depth,False,1022.8399999999999,5.83,5.63,trading_outer_00,edge_0_all_both_unlimited,0.25
22,NYC,2025-06-04,KXHIGHNY-25JUN04,KXHIGHNY-25JUN04-B86.5,2025-06-04 17:40:00+00:00,2025-06-04 17:41:00+00:00,2025-06-11 14:00:00+00:00,2025-06-04 17:00:00+00:00,40.0,0.3670646893318238,BUY_YES,0.12,0.11,kalshi_candlestick,yes_ask_open,1.0,43,5.16,0.32,0.0099999999999999,5.48,0.2370646893318238,0.1324884229407857,0,kalshi_result,next_candle_open,counterfactual_sizing_sensitivity_no_historical_depth,False,1022.8399999999999,-5.16,-5.48,trading_outer_00,edge_0_all_both_unlimited,0.25
26,NYC,2025-06-05,KXHIGHNY-25JUN05,KXHIGHNY-25JUN05-B84.5,2025-06-05 13:45:00+00:00,2025-06-05 13:46:00+00:00,2025-06-12 14:00:00+00:00,2025-06-05 13:00:00+00:00,45.0,0.2765118358628871,BUY_YES,0.04,0.03,kalshi_candlestick,yes_ask_open,1.0,8,0.32,0.03,0.01,0.35,0.226511835862887,0.1343471534820813,0,kalshi_result,next_candle_open,counterfactual_sizing_sensitivity_no_historical_depth,False,1045.84,-0.32,-0.35,trading_outer_00,edge_0_all_both_unlimited,0.25
23,NYC,2025-06-05,KXHIGHNY-25JUN05,KXHIGHNY-25JUN05-B86.5,2025-06-05 13:05:00+00:00,2025-06-05 13:06:00+00:00,2025-06-12 14:00:00+00:00,2025-06-05 13:00:00+00:00,5.0,0.4675700204996347,BUY_YES,0.22,0.21,kalshi_candlestick,yes_ask_open,1.0,23,5.06,0.28,0.01,5.34,0.2275700204996347,0.1139151649257775,1,kalshi_result,next_candle_open,counterfactual_sizing_sensitivity_no_historical_depth,False,1045.84,17.94,17.66,trading_outer_00,edge_0_all_both_unlimited,0.25
24,NYC,2025-06-05,KXHIGHNY-25JUN05,KXHIGHNY-25JUN05-B90.5,2025-06-05 13:05:00+00:00,2025-06-05 13:06:00+00:00,2025-06-12 14:00:00+00:00,2025-06-05 13:00:00+00:00,5.0,0.5324299795003652,BUY_YES,0.3,0.29,kalshi_candlestick,yes_ask_open,1.0,17,5.1,0.25,0.01,5.35,0.2124299795003652,0.0953069752321019,0,kalshi_result,next_candle_open,counterfactual_sizing_sensitivity_no_historical_depth,False,1045.84,-5.1,-5.35,trading_outer_00,edge_0_all_both_unlimited,0.25
28,NYC,2025-06-07,KXHIGHNY-25JUN07,KXHIGHNY-25JUN07-B81.5,2025-06-07 14:45:00+00:00,2025-06-07 14:47:00+00:00,2025-06-14 14:00:00+00:00,2025-06-07 14:00:00+00:00,45.0,0.1072564513735608,BUY_YES,0.03,0.02,kalshi_candlestick,yes_ask_open,2.0,122,3.6599999999999997,0.25,0.0099999999999999,3.9099999999999997,0.0672564513735608,0.0136846172775631,0,kalshi_result,next_candle_open,counterfactual_sizing_sensitivity_no_historical_depth,False,1041.36,-3.6599999999999997,-3.9099999999999997,trading_outer_00,edge_0_all_both_unlimited,0.25
29,NYC,2025-06-07,KXHIGHNY-25JUN07,KXHIGHNY-25JUN07-T77,2025-06-07 14:45:00+00:00,2025-06-07 14:46:00+00:00,2025-06-14 14:00:00+00:00,2025-06-07 14:00:00+00:00,45.0,0.8927435486264392,BUY_YES,0.75,0.74,kalshi_candlestick,yes_ask_open,1.0,6,4.5,0.08,0.01,4.58,0.1227435486264392,0.0271706696210595,1,kalshi_result,next_candle_open,counterfactual_sizing_sensitivity_no_historical_depth,False,1041.36,1.5,1.42,trading_outer_00,edge_0_all_both_unlimited,0.25
30,NYC,2025-06-12,KXHIGHNY-25JUN12,KXHIGHNY-25JUN12-B87.5,2025-06-12 15:25:00+00:00,2025-06-12 15:26:00+00:00,2025-06-19 14:00:00+00:00,2025-06-12 15:00:00+00:00,25.0,0.7280932364501377,BUY_YES,0.48,0.47,kalshi_candlestick,yes_ask_open,1.0,10,4.8,0.18,0.01,4.9799999999999995,0.2280932364501377,0.1122885832535,1,kalshi_result,next_candle_open,counterfactual_sizing_sensitivity_no_historical_depth,False,1033.62,5.2,5.0200000000000005,trading_outer_00,edge_0_all_both_unlimited,0.25
31,NYC,2025-06-12,KXHIGHNY-25JUN12,KXHIGHNY-25JUN12-B91.5,2025-06-12 15:25:00+00:00,2025-06-12 15:26:00+00:00,2025-06-19 14:00:00+00:00,2025-06-12 15:00:00+00:00,25.0,0.2719067635498623,BUY_YES,0.11,0.1,kalshi_candlestick,yes_ask_open,1.0,47,5.17,0.33,0.0099999999999999,5.5,0.1519067635498623,0.0604950107615793,0,kalshi_result,next_candle_open,counterfactual_sizing_sensitivity_no_historical_depth,False,1033.62,-5.17,-5.5,trading_outer_00,edge_0_all_both_unlimited,0.25
32,NYC,2025-06-15,KXHIGHNY-25JUN15,KXHIGHNY-25JUN15-B64.5,2025-06-15 15:15:00+00:00,2025-06-15 15:16:00+00:00,2025-06-22 14:00:00+00:00,2025-06-15 15:00:00+00:00,15.0,0.594505114558709,BUY_YES,0.45,0.44,kalshi_candlestick,yes_ask_open,1.0,6,2.7,0.11,0.01,2.81,0.124505114558709,0.0058040720029661,1,kalshi_result,next_candle_open,counterfactual_sizing_sensitivity_no_historical_depth,False,1017.7099999999999,3.3,3.19,trading_outer_00,edge_0_all_both_unlimited,0.25
34,NYC,2025-06-15,KXHIGHNY-25JUN15,KXHIGHNY-25JUN15-B66.5,2025-06-15 18:40:00+00:00,2025-06-15 18:41:00+00:00,2025-06-22 14:00:00+00:00,2025-06-15 18:00:00+00:00,40.0,0.3525343619246598,BUY_YES,0.05,0.04,kalshi_candlestick,yes_ask_open,1.0,51,2.5500000000000003,0.17,0.01,2.72,0.2925343619246598,0.1896620798157838,0,kalshi_result,next_candle_open,counterfactual_sizing_sensitivity_no_historical_depth,False,1017.7099999999999,-2.5500000000000003,-2.72,trading_outer_00,edge_0_all_both_unlimited,0.25
33,NYC,2025-06-15,KXHIGHNY-25JUN15,KXHIGHNY-25JUN15-B70.5,2025-06-15 18:05:00+00:00,2025-06-15 18:07:00+00:00,2025-06-22 14:00:00+00:00,2025-06-15 18:00:00+00:00,5.0,0.2284551519982186,BUY_YES,0.02,0.01,kalshi_candlestick,yes_ask_open,2.0,262,5.24,0.36,0.01,5.6000000000000005,0.1984551519982186,0.1148125717389254,0,kalshi_result,next_candle_open,counterfactual_sizing_sensitivity_no_historical_depth,False,1017.7099999999999,-5.24,-5.6000000000000005,trading_outer_00,edge_0_all_both_unlimited,0.25
35,NYC,2025-06-16,KXHIGHNY-25JUN16,KXHIGHNY-25JUN16-B68.5,2025-06-16 15:20:00+00:00,2025-06-16 15:21:00+00:00,2025-06-23 14:00:00+00:00,2025-06-16 15:00:00+00:00,20.0,0.4659609245744473,BUY_YES,0.33,0.32,kalshi_candlestick,yes_ask_open,1.0,2,0.66,0.04,0.01,0.7000000000000001,0.1159609245744473,0.0024155683353141,1,kalshi_result,next_candle_open,counterfactual_sizing_sensitivity_no_historical_depth,False,1019.7099999999999,1.3399999999999999,1.2999999999999998,trading_outer_00,edge_0_all_both_unlimited,0.25
36,NYC,2025-06-16,KXHIGHNY-25JUN16,KXHIGHNY-25JUN16-B70.5,2025-06-16 15:20:00+00:00,2025-06-16 15:22:00+00:00,2025-06-23 14:00:00+00:00,2025-06-16 15:00:00+00:00,20.0,0.1723209791175651,BUY_YES,0.08,0.07,kalshi_candlestick,yes_ask_open,2.0,38,3.04,0.2,0.0099999999999999,3.24,0.0823209791175651,0.0107726209390207,0,kalshi_result,next_candle_open,counterfactual_sizing_sensitivity_no_historical_depth,False,1019.7099999999999,-3.04,-3.24,trading_outer_00,edge_0_all_both_unlimited,0.25
37,NYC,2025-06-16,KXHIGHNY-25JUN16,KXHIGHNY-25JUN16-T66,2025-06-16 15:20:00+00:00,2025-06-16 15:22:00+00:00,2025-06-23 14:00:00+00:00,2025-06-16 15:00:00+00:00,20.0,0.3617180963079877,BUY_YES,0.23,0.22,kalshi_candlestick,yes_ask_open,2.0,11,2.5300000000000002,0.14,0.01,2.6700000000000004,0.1117180963079876,0.0077567729222853,0,kalshi_result,next_candle_open,counterfactual_sizing_sensitivity_no_historical_depth,False,1019.7099999999999,-2.5300000000000002,-2.6700000000000004,trading_outer_00,edge_0_all_both_unlimited,0.25
38,NYC,2025-06-19,KXHIGHNY-25JUN19,KXHIGHNY-25JUN19-B87.5,2025-06-19 15:25:00+00:00,2025-06-19 15:26:00+00:00,2025-06-26 14:00:00+00:00,2025-06-19 15:00:00+00:00,25.0,0.56697667776777,BUY_YES,0.24,0.23,kalshi_candlestick,yes_ask_open,1.0,21,5.04,0.27,0.01,5.3100000000000005,0.3069766777677701,0.1887620415747312,1,kalshi_result,next_candle_open,counterfactual_sizing_sensitivity_no_historical_depth,False,1035.52,15.96,15.69,trading_outer_00,edge_0_all_both_unlimited,0.25
39,NYC,2025-06-19,KXHIGHNY-25JUN19,KXHIGHNY-25JUN19-B93.5,2025-06-19 15:25:00+00:00,2025-06-19 15:26:00+00:00,2025-06-26 14:00:00+00:00,2025-06-19 15:00:00+00:00,25.0,0.43302332223223,BUY_YES,0.15,0.14,kalshi_candlestick,yes_ask_open,1.0,35,5.25,0.32,0.01,5.57,0.2730233222322301,0.1619713509910247,0,kalshi_result,next_candle_open,counterfactual_sizing_sensitivity_no_historical_depth,False,1035.52,-5.25,-5.57,trading_outer_00,edge_0_all_both_unlimited,0.25
40,NYC,2025-06-21,KXHIGHNY-25JUN21,KXHIGHNY-25JUN21-B86.5,2025-06-21 15:35:00+00:00,2025-06-21 15:36:00+00:00,2025-06-28 14:00:00+00:00,2025-06-21 15:00:00+00:00,35.0,0.5795870001384559,BUY_YES,0.4,0.39,kalshi_candlestick,yes_ask_open,1.0,13,5.2,0.22,0.01,5.42,0.1595870001384558,0.0411068078424047,1,kalshi_result,next_candle_open,counterfactual_sizing_sensitivity_no_historical_depth,False,1048.52,7.8,7.58,trading_outer_00,edge_0_all_both_unlimited,0.25
41,NYC,2025-06-21,KXHIGHNY-25JUN21,KXHIGHNY-25JUN21-B92.5,2025-06-21 15:45:00+00:00,2025-06-21 15:46:00+00:00,2025-06-28 14:00:00+00:00,2025-06-21 15:00:00+00:00,45.0,0.1355977569291851,BUY_YES,0.03,0.02,kalshi_candlestick,yes_ask_open,1.0,175,5.25,0.36,0.0099999999999999,5.61,0.0955977569291851,0.033553099579282,0,kalshi_result,next_candle_open,counterfactual_sizing_sensitivity_no_historical_depth,False,1048.52,-5.25,-5.61,trading_outer_00,edge_0_all_both_unlimited,0.25
44,NYC,2025-06-24,KXHIGHNY-25JUN24,KXHIGHNY-25JUN24-B98.5,2025-06-24 13:25:00+00:00,2025-06-24 13:26:00+00:00,2025-07-01 14:00:00+00:00,2025-06-24 13:00:00+00:00,25.0,0.4892260881647723,BUY_YES,0.33,0.32,kalshi_candlestick,yes_ask_open,1.0,15,4.95,0.24,0.01,5.19,0.1392260881647723,0.0242082425508274,1,kalshi_result,next_candle_open,counterfactual_sizing_sensitivity_no_historical_depth,False,1063.52,10.05,9.809999999999999,trading_outer_00,edge_0_all_both_unlimited,0.25
46,NYC,2025-07-01,KXHIGHNY-25JUL01,KXHIGHNY-25JUL01-B88.5,2025-07-01 17:00:00+00:00,2025-07-01 17:01:00+00:00,2025-07-08 14:00:00+00:00,2025-07-01 17:00:00+00:00,0.0,0.7362967364132657,BUY_YES,0.55,0.54,kalshi_candlestick,yes_ask_open,1.0,9,4.95,0.16,0.01,5.11,0.1662967364132656,0.0509881394695801,1,kalshi_result,next_candle_open,counterfactual_sizing_sensitivity_no_historical_depth,False,1067.41,4.05,3.8899999999999997,trading_outer_00,edge_0_all_both_unlimited,0.25
47,NYC,2025-07-09,KXHIGHNY-25JUL09,KXHIGHNY-25JUL09-B86.5,2025-07-09 18:05:00+00:00,2025-07-09 18:07:00+00:00,2025-07-16 14:00:00+00:00,2025-07-09 18:00:00+00:00,5.0,0.1019309033746959,BUY_YES,0.02,0.01,kalshi_candlestick,yes_ask_open,2.0,266,5.32,0.37,0.01,5.69,0.0719309033746959,0.0200869705381324,0,kalshi_result,next_candle_open,counterfactual_sizing_sensitivity_no_historical_depth,False,1070.16,-5.32,-5.69,trading_outer_00,edge_0_all_both_unlimited,0.25
48,NYC,2025-07-09,KXHIGHNY-25JUL09,KXHIGHNY-25JUL09-B90.5,2025-07-09 18:05:00+00:00,2025-07-09 18:06:00+00:00,2025-07-16 14:00:00+00:00,2025-07-09 18:00:00+00:00,5.0,0.7611716549055991,BUY_YES,0.38,0.37,kalshi_candlestick,yes_ask_open,1.0,14,5.32,0.24,0.01,5.5600000000000005,0.3611716549055991,0.2476296170720512,1,kalshi_result,next_candle_open,counterfactual_sizing_sensitivity_no_historical_depth,False,1070.16,8.68,8.44,trading_outer_00,edge_0_all_both_unlimited,0.25
49,NYC,2025-07-18,KXHIGHNY-25JUL18,KXHIGHNY-25JUL18-B81.5,2025-07-18 22:30:00+00:00,2025-07-18 22:31:00+00:00,2025-07-25 14:00:00+00:00,2025-07-18 22:00:00+00:00,30.0,0.6223599256905106,BUY_NO,0.24,0.2299999999999999,kalshi_candlestick,implied_no_ask_from_yes_bid_open,1.0,17,4.08,0.22,0.01,4.3,0.1176400743094894,0.0118882486760169,0,kalshi_result,next_candle_open,counterfactual_sizing_sensitivity_no_historical_depth,False,1041.1899999999998,-4.08,-4.3,trading_outer_00,edge_0_all_both_unlimited,0.25
50,NYC,2025-07-18,KXHIGHNY-25JUL18,KXHIGHNY-25JUL18-B83.5,2025-07-18 22:50:00+00:00,2025-07-18 22:51:00+00:00,2025-07-25 14:00:00+00:00,2025-07-18 22:00:00+00:00,50.0,0.3933011640099827,BUY_YES,0.26,0.25,kalshi_candlestick,yes_ask_open,1.0,8,2.08,0.11,0.01,2.19,0.1133011640099827,0.0059063920893173,0,kalshi_result,next_candle_open,counterfactual_sizing_sensitivity_no_historical_depth,False,1041.1899999999998,-2.08,-2.19,trading_outer_00,edge_0_all_both_unlimited,0.25
51,NYC,2025-07-19,KXHIGHNY-25JUL19,KXHIGHNY-25JUL19-B81.5,2025-07-19 13:40:00+00:00,2025-07-19 13:41:00+00:00,2025-07-26 14:00:00+00:00,2025-07-19 13:00:00+00:00,40.0,0.753717063552469,BUY_YES,0.5,0.49,kalshi_candlestick,yes_ask_open,1.0,10,5.0,0.18,0.01,5.18,0.233717063552469,0.1196029171195283,1,kalshi_result,next_candle_open,counterfactual_sizing_sensitivity_no_historical_depth,False,1044.1399999999999,5.0,4.82,trading_outer_00,edge_0_all_both_unlimited,0.25
52,NYC,2025-07-19,KXHIGHNY-25JUL19,KXHIGHNY-25JUL19-B85.5,2025-07-19 13:40:00+00:00,2025-07-19 13:42:00+00:00,2025-07-26 14:00:00+00:00,2025-07-19 13:00:00+00:00,40.0,0.2462829364475309,BUY_YES,0.08,0.07,kalshi_candlestick,yes_ask_open,2.0,66,5.28,0.35,0.0099999999999999,5.63,0.1562829364475309,0.0693019709867866,0,kalshi_result,next_candle_open,counterfactual_sizing_sensitivity_no_historical_depth,False,1044.1399999999999,-5.28,-5.63,trading_outer_00,edge_0_all_both_unlimited,0.25
53,NYC,2025-07-19,KXHIGHNY-25JUL19,KXHIGHNY-25JUL19-T79,2025-07-19 14:55:00+00:00,2025-07-19 14:56:00+00:00,2025-07-26 14:00:00+00:00,2025-07-19 14:00:00+00:00,55.0,0.1715690369943384,BUY_YES,0.03,0.02,kalshi_candlestick,yes_ask_open,1.0,14,0.42,0.03,0.0099999999999999,0.44999999999999996,0.1315690369943384,0.0602011667487016,0,kalshi_result,next_candle_open,counterfactual_sizing_sensitivity_no_historical_depth,False,1044.1399999999999,-0.42,-0.44999999999999996,trading_outer_00,edge_0_all_both_unlimited,0.25
54,NYC,2025-07-20,KXHIGHNY-25JUL20,KXHIGHNY-25JUL20-B87.5,2025-07-20 15:10:00+00:00,2025-07-20 15:11:00+00:00,2025-07-27 14:00:00+00:00,2025-07-20 15:00:00+00:00,10.0,0.7468446202830277,BUY_YES,0.53,0.52,kalshi_candlestick,yes_ask_open,1.0,10,5.300000000000001,0.18,0.01,5.48,0.1968446202830276,0.0822358396013114,1,kalshi_result,next_candle_open,counterfactual_sizing_sensitivity_no_historical_depth,False,1054.1399999999999,4.699999999999999,4.52,trading_outer_00,edge_0_all_both_unlimited,0.25
56,NYC,2025-07-20,KXHIGHNY-25JUL20,KXHIGHNY-25JUL20-B91.5,2025-07-20 16:20:00+00:00,2025-07-20 16:22:00+00:00,2025-07-27 14:00:00+00:00,2025-07-20 16:00:00+00:00,20.0,0.111000350484258,BUY_YES,0.04,0.03,kalshi_candlestick,yes_ask_open,2.0,2,0.08,0.01,0.01,0.09,0.061000350484258,0.0062416558920877,0,kalshi_result,next_candle_open,counterfactual_sizing_sensitivity_no_historical_depth,False,1054.1399999999999,-0.08,-0.09,trading_outer_00,edge_0_all_both_unlimited,0.25
55,NYC,2025-07-20,KXHIGHNY-25JUL20,KXHIGHNY-25JUL20-T87,2025-07-20 15:10:00+00:00,2025-07-20 15:11:00+00:00,2025-07-27 14:00:00+00:00,2025-07-20 15:00:00+00:00,10.0,0.2531553797169723,BUY_YES,0.09,0.08,kalshi_candlestick,yes_ask_open,1.0,59,5.31,0.34,0.0099999999999999,5.6499999999999995,0.1531553797169723,0.0649448225539017,0,kalshi_result,next_candle_open,counterfactual_sizing_sensitivity_no_historical_depth,False,1054.1399999999999,-5.31,-5.6499999999999995,trading_outer_00,edge_0_all_both_unlimited,0.25
57,NYC,2025-07-25,KXHIGHNY-25JUL25,KXHIGHNY-25JUL25-B94.5,2025-07-25 16:20:00+00:00,2025-07-25 16:21:00+00:00,2025-08-01 14:00:00+00:00,2025-07-25 16:00:00+00:00,20.0,0.7337822885989222,BUY_YES,0.55,0.54,kalshi_candlestick,yes_ask_open,1.0,9,4.95,0.16,0.01,5.11,0.1637822885989222,0.0483172281922261,1,kalshi_result,next_candle_open,counterfactual_sizing_sensitivity_no_historical_depth,False,1047.49,4.05,3.8899999999999997,trading_outer_00,edge_0_all_both_unlimited,0.25
58,NYC,2025-07-25,KXHIGHNY-25JUL25,KXHIGHNY-25JUL25-T94,2025-07-25 16:35:00+00:00,2025-07-25 16:37:00+00:00,2025-08-01 14:00:00+00:00,2025-07-25 16:00:00+00:00,35.0,0.2301865843023351,BUY_YES,0.13,0.12,kalshi_candlestick,yes_ask_open,2.0,14,1.82,0.12,0.01,1.94,0.0901865843023351,0.0062100782282583,0,kalshi_result,next_candle_open,counterfactual_sizing_sensitivity_no_historical_depth,False,1047.49,-1.82,-1.94,trading_outer_00,edge_0_all_both_unlimited,0.25
59,NYC,2025-07-29,KXHIGHNY-25JUL29,KXHIGHNY-25JUL29-B97.5,2025-07-29 19:30:00+00:00,2025-07-29 19:31:00+00:00,2025-08-05 14:00:00+00:00,2025-07-29 19:00:00+00:00,30.0,0.9898883308800998,BUY_YES,0.9,0.89,kalshi_candlestick,yes_ask_open,1.0,5,4.5,0.04,0.01,4.54,0.0798883308800997,0.018744893381611,1,kalshi_result,next_candle_open,counterfactual_sizing_sensitivity_no_historical_depth,False,1037.23,0.5,0.45999999999999996,trading_outer_00,edge_0_all_both_unlimited,0.25
60,NYC,2025-07-30,KXHIGHNY-25JUL30,KXHIGHNY-25JUL30-B95.5,2025-07-30 13:10:00+00:00,2025-07-30 13:12:00+00:00,2025-08-06 14:00:00+00:00,2025-07-30 13:00:00+00:00,10.0,0.8719100854518144,BUY_YES,0.68,0.67,kalshi_candlestick,yes_ask_open,2.0,7,4.760000000000001,0.11,0.01,4.870000000000001,0.1719100854518143,0.0722281467576742,1,kalshi_result,next_candle_open,counterfactual_sizing_sensitivity_no_historical_depth,False,1033.05,2.2399999999999993,2.129999999999999,trading_outer_00,edge_0_all_both_unlimited,0.25
62,NYC,2025-07-30,KXHIGHNY-25JUL30,KXHIGHNY-25JUL30-T100,2025-07-30 14:10:00+00:00,2025-07-30 14:12:00+00:00,2025-08-06 14:00:00+00:00,2025-07-30 14:00:00+00:00,10.0,0.091352300496119,BUY_YES,0.02,0.01,kalshi_candlestick,yes_ask_open,2.0,42,0.84,0.06,0.01,0.8999999999999999,0.061352300496119,0.0130893187424263,0,kalshi_result,next_candle_open,counterfactual_sizing_sensitivity_no_historical_depth,False,1033.05,-0.84,-0.8999999999999999,trading_outer_00,edge_0_all_both_unlimited,0.25
61,NYC,2025-07-30,KXHIGHNY-25JUL30,KXHIGHNY-25JUL30-T93,2025-07-30 13:10:00+00:00,2025-07-30 13:12:00+00:00,2025-08-06 14:00:00+00:00,2025-07-30 13:00:00+00:00,10.0,0.1280899145481856,BUY_YES,0.04,0.03,kalshi_candlestick,yes_ask_open,2.0,125,5.0,0.34,0.01,5.34,0.0780899145481856,0.0181810345228498,0,kalshi_result,next_candle_open,counterfactual_sizing_sensitivity_no_historical_depth,False,1033.05,-5.0,-5.34,trading_outer_00,edge_0_all_both_unlimited,0.25
63,NYC,2025-08-02,KXHIGHNY-25AUG02,KXHIGHNY-25AUG02-B79.5,2025-08-02 14:35:00+00:00,2025-08-02 14:36:00+00:00,2025-08-09 14:00:00+00:00,2025-08-02 14:00:00+00:00,35.0,0.7507200706254045,BUY_YES,0.5700000000000001,0.56,kalshi_candlestick,yes_ask_open,1.0,9,5.130000000000001,0.1599999999999991,0.01,5.29,0.1607200706254045,0.046386402161719,1,kalshi_result,next_candle_open,counterfactual_sizing_sensitivity_no_historical_depth,False,1026.67,3.869999999999999,3.71,trading_outer_00,edge_0_all_both_unlimited,0.25
65,NYC,2025-08-03,KXHIGHNY-25AUG03,KXHIGHNY-25AUG03-B82.5,2025-08-03 21:05:00+00:00,2025-08-03 21:07:00+00:00,2025-08-10 14:00:00+00:00,2025-08-03 21:00:00+00:00,5.0,0.0707052531899332,BUY_YES,0.02,0.01,kalshi_candlestick,yes_ask_open,2.0,1,0.02,0.01,0.01,0.03,0.0407052531899332,9.6712655568763e-05,0,kalshi_result,next_candle_open,counterfactual_sizing_sensitivity_no_historical_depth,False,1022.4200000000001,-0.02,-0.03,trading_outer_00,edge_0_all_both_unlimited,0.25
64,NYC,2025-08-03,KXHIGHNY-25AUG03,KXHIGHNY-25AUG03-B84.5,2025-08-03 15:25:00+00:00,2025-08-03 15:26:00+00:00,2025-08-10 14:00:00+00:00,2025-08-03 15:00:00+00:00,25.0,0.8565795706388912,BUY_YES,0.7,0.69,kalshi_candlestick,yes_ask_open,1.0,7,4.8999999999999995,0.11,0.01,5.01,0.1365795706388912,0.0342508481976038,1,kalshi_result,next_candle_open,counterfactual_sizing_sensitivity_no_historical_depth,False,1022.4200000000001,2.1000000000000005,1.9900000000000002,trading_outer_00,edge_0_all_both_unlimited,0.25
66,NYC,2025-08-04,KXHIGHNY-25AUG04,KXHIGHNY-25AUG04-B88.5,2025-08-04 18:00:00+00:00,2025-08-04 18:01:00+00:00,2025-08-11 14:00:00+00:00,2025-08-04 18:00:00+00:00,0.0,0.9441969255695098,BUY_YES,0.81,0.8,kalshi_candlestick,yes_ask_open,1.0,6,4.86,0.07,0.01,4.930000000000001,0.1141969255695097,0.0322944190002789,1,kalshi_result,next_candle_open,counterfactual_sizing_sensitivity_no_historical_depth,False,1015.3900000000001,1.1399999999999997,1.0699999999999994,trading_outer_00,edge_0_all_both_unlimited,0.25
67,NYC,2025-08-06,KXHIGHNY-25AUG06,KXHIGHNY-25AUG06-B79.5,2025-08-06 13:20:00+00:00,2025-08-06 13:21:00+00:00,2025-08-13 14:00:00+00:00,2025-08-06 13:00:00+00:00,20.0,0.4978188042200664,BUY_YES,0.29,0.28,kalshi_candlestick,yes_ask_open,1.0,18,5.22,0.26,0.01,5.4799999999999995,0.1878188042200664,0.0723171268428962,1,kalshi_result,next_candle_open,counterfactual_sizing_sensitivity_no_historical_depth,False,1028.13,12.780000000000001,12.52,trading_outer_00,edge_0_all_both_unlimited,0.25
68,NYC,2025-08-06,KXHIGHNY-25AUG06,KXHIGHNY-25AUG06-B83.5,2025-08-06 13:20:00+00:00,2025-08-06 13:21:00+00:00,2025-08-13 14:00:00+00:00,2025-08-06 13:00:00+00:00,20.0,0.2968374246567353,BUY_YES,0.14,0.13,kalshi_candlestick,yes_ask_open,1.0,37,5.180000000000001,0.32,0.01,5.500000000000001,0.1468374246567352,0.0514990292985204,0,kalshi_result,next_candle_open,counterfactual_sizing_sensitivity_no_historical_depth,False,1028.13,-5.180000000000001,-5.500000000000001,trading_outer_00,edge_0_all_both_unlimited,0.25
69,NYC,2025-08-06,KXHIGHNY-25AUG06,KXHIGHNY-25AUG06-T79,2025-08-06 13:20:00+00:00,2025-08-06 13:21:00+00:00,2025-08-13 14:00:00+00:00,2025-08-06 13:00:00+00:00,20.0,0.2053437711231983,BUY_YES,0.06,0.05,kalshi_candlestick,yes_ask_open,1.0,3,0.18,0.02,0.01,0.19999999999999998,0.1353437711231984,0.0563704993261412,0,kalshi_result,next_candle_open,counterfactual_sizing_sensitivity_no_historical_depth,False,1028.13,-0.18,-0.19999999999999998,trading_outer_00,edge_0_all_both_unlimited,0.25
70,NYC,2025-08-07,KXHIGHNY-25AUG07,KXHIGHNY-25AUG07-B78.5,2025-08-07 13:15:00+00:00,2025-08-07 13:16:00+00:00,2025-08-14 14:00:00+00:00,2025-08-07 13:00:00+00:00,15.0,0.2619025911925707,BUY_YES,0.11,0.1,kalshi_candlestick,yes_ask_open,1.0,48,5.28,0.33,0.0099999999999999,5.61,0.1419025911925707,0.0521712423948364,0,kalshi_result,next_candle_open,counterfactual_sizing_sensitivity_no_historical_depth,False,1028.13,-5.28,-5.61,trading_outer_00,edge_0_all_both_unlimited,0.25
71,NYC,2025-08-07,KXHIGHNY-25AUG07,KXHIGHNY-25AUG07-B80.5,2025-08-07 13:15:00+00:00,2025-08-07 13:16:00+00:00,2025-08-14 14:00:00+00:00,2025-08-07 13:00:00+00:00,15.0,0.7380974088074292,BUY_YES,0.51,0.5,kalshi_candlestick,yes_ask_open,1.0,10,5.1,0.18,0.01,5.279999999999999,0.2080974088074292,0.0929032866678971,1,kalshi_result,next_candle_open,counterfactual_sizing_sensitivity_no_historical_depth,False,1038.13,4.9,4.720000000000001,trading_outer_00,edge_0_all_both_unlimited,0.25
72,NYC,2025-08-08,KXHIGHNY-25AUG08,KXHIGHNY-25AUG08-B81.5,2025-08-08 18:00:00+00:00,2025-08-08 18:01:00+00:00,2025-08-15 14:00:00+00:00,2025-08-08 18:00:00+00:00,0.0,0.974738943906292,BUY_YES,0.89,0.88,kalshi_candlestick,yes_ask_open,1.0,5,4.45,0.04,0.01,4.49,0.0747389439062918,0.0050706610429522,1,kalshi_result,next_candle_open,counterfactual_sizing_sensitivity_no_historical_depth,False,1043.13,0.5499999999999998,0.5099999999999998,trading_outer_00,edge_0_all_both_unlimited,0.25
73,NYC,2025-08-09,KXHIGHNY-25AUG09,KXHIGHNY-25AUG09-B81.5,2025-08-09 15:05:00+00:00,2025-08-09 15:06:00+00:00,2025-08-16 14:00:00+00:00,2025-08-09 15:00:00+00:00,5.0,0.4583974643561988,BUY_YES,0.14,0.13,kalshi_candlestick,yes_ask_open,1.0,37,5.180000000000001,0.32,0.01,5.500000000000001,0.3083974643561988,0.1953821008870522,0,kalshi_result,next_candle_open,counterfactual_sizing_sensitivity_no_historical_depth,False,1043.13,-5.180000000000001,-5.500000000000001,trading_outer_00,edge_0_all_both_unlimited,0.25
74,NYC,2025-08-09,KXHIGHNY-25AUG09,KXHIGHNY-25AUG09-B85.5,2025-08-09 15:05:00+00:00,2025-08-09 15:06:00+00:00,2025-08-16 14:00:00+00:00,2025-08-09 15:00:00+00:00,5.0,0.5416025356438011,BUY_YES,0.22,0.21,kalshi_candlestick,yes_ask_open,1.0,24,5.28,0.29,0.01,5.57,0.3016025356438011,0.1841380858076586,1,kalshi_result,next_candle_open,counterfactual_sizing_sensitivity_no_historical_depth,False,1067.13,18.72,18.43,trading_outer_00,edge_0_all_both_unlimited,0.25
75,NYC,2025-08-09,KXHIGHNY-25AUG09,KXHIGHNY-25AUG09-B87.5,2025-08-09 17:35:00+00:00,2025-08-09 17:36:00+00:00,2025-08-16 14:00:00+00:00,2025-08-09 17:00:00+00:00,35.0,0.1914582383018584,BUY_YES,0.04,0.03,kalshi_candlestick,yes_ask_open,1.0,4,0.16,0.02,0.01,0.18,0.1414582383018584,0.0654920208302305,0,kalshi_result,next_candle_open,counterfactual_sizing_sensitivity_no_historical_depth,False,1067.13,-0.16,-0.18,trading_outer_00,edge_0_all_both_unlimited,0.25
76,NYC,2025-08-10,KXHIGHNY-25AUG10,KXHIGHNY-25AUG10-B85.5,2025-08-10 15:20:00+00:00,2025-08-10 15:21:00+00:00,2025-08-17 14:00:00+00:00,2025-08-10 15:00:00+00:00,20.0,0.2658040253166772,BUY_YES,0.04,0.03,kalshi_candlestick,yes_ask_open,1.0,133,5.32,0.36,0.01,5.680000000000001,0.2158040253166772,0.1254099801869351,0,kalshi_result,next_candle_open,counterfactual_sizing_sensitivity_no_historical_depth,False,1067.13,-5.32,-5.680000000000001,trading_outer_00,edge_0_all_both_unlimited,0.25
77,NYC,2025-08-10,KXHIGHNY-25AUG10,KXHIGHNY-25AUG10-B89.5,2025-08-10 15:20:00+00:00,2025-08-10 15:21:00+00:00,2025-08-17 14:00:00+00:00,2025-08-10 15:00:00+00:00,20.0,0.7341959746833228,BUY_YES,0.48,0.47,kalshi_candlestick,yes_ask_open,1.0,11,5.279999999999999,0.2,0.01,5.4799999999999995,0.2341959746833228,0.1187563860057049,1,kalshi_result,next_candle_open,counterfactual_sizing_sensitivity_no_historical_depth,False,1078.13,5.720000000000001,5.5200000000000005,trading_outer_00,edge_0_all_both_unlimited,0.25
78,NYC,2025-08-11,KXHIGHNY-25AUG11,KXHIGHNY-25AUG11-B86.5,2025-08-11 13:15:00+00:00,2025-08-11 13:16:00+00:00,2025-08-18 14:00:00+00:00,2025-08-11 13:00:00+00:00,15.0,0.2309986553009145,BUY_YES,0.0699999999999999,0.06,kalshi_candlestick,yes_ask_open,1.0,25,1.7499999999999973,0.1200000000000025,0.0099999999999999,1.8699999999999999,0.1509986553009145,0.066866266627502,0,kalshi_result,next_candle_open,counterfactual_sizing_sensitivity_no_historical_depth,False,1078.13,-1.7499999999999973,-1.8699999999999999,trading_outer_00,edge_0_all_both_unlimited,0.25
80,NYC,2025-08-11,KXHIGHNY-25AUG11,KXHIGHNY-25AUG11-B92.5,2025-08-11 17:40:00+00:00,2025-08-11 17:41:00+00:00,2025-08-18 14:00:00+00:00,2025-08-11 17:00:00+00:00,40.0,0.2045635431842691,BUY_YES,0.04,0.03,kalshi_candlestick,yes_ask_open,1.0,123,4.92,0.34,0.01,5.26,0.1545635431842691,0.0757550651585974,0,kalshi_result,next_candle_open,counterfactual_sizing_sensitivity_no_historical_depth,False,1078.13,-4.92,-5.26,trading_outer_00,edge_0_all_both_unlimited,0.25
81,NYC,2025-08-19,KXHIGHNY-25AUG19,KXHIGHNY-25AUG19-B77.5,2025-08-19 13:50:00+00:00,2025-08-19 13:52:00+00:00,2025-08-26 14:00:00+00:00,2025-08-19 13:00:00+00:00,50.0,0.6731544351584088,BUY_YES,0.44,0.43,kalshi_candlestick,yes_ask_open,2.0,12,5.28,0.21,0.01,5.49,0.2131544351584088,0.0950362893736219,1,kalshi_result,next_candle_open,counterfactual_sizing_sensitivity_no_historical_depth,False,1067.5600000000002,6.72,6.51,trading_outer_00,edge_0_all_both_unlimited,0.25
82,NYC,2025-08-19,KXHIGHNY-25AUG19,KXHIGHNY-25AUG19-T75,2025-08-19 13:50:00+00:00,2025-08-19 13:52:00+00:00,2025-08-26 14:00:00+00:00,2025-08-19 13:00:00+00:00,50.0,0.1816979133430693,BUY_YES,0.05,0.04,kalshi_candlestick,yes_ask_open,2.0,2,0.1,0.01,0.01,0.11,0.1216979133430693,0.0479434933854298,0,kalshi_result,next_candle_open,counterfactual_sizing_sensitivity_no_historical_depth,False,1067.5600000000002,-0.1,-0.11,trading_outer_00,edge_0_all_both_unlimited,0.25
83,NYC,2025-08-19,KXHIGHNY-25AUG19,KXHIGHNY-25AUG19-T82,2025-08-19 13:50:00+00:00,2025-08-19 13:51:00+00:00,2025-08-26 14:00:00+00:00,2025-08-19 13:00:00+00:00,50.0,0.1451476514985218,BUY_YES,0.02,0.01,kalshi_candlestick,yes_ask_open,1.0,269,5.38,0.37,0.01,5.75,0.1151476514985218,0.050487504943033,0,kalshi_result,next_candle_open,counterfactual_sizing_sensitivity_no_historical_depth,False,1055.5600000000002,-5.38,-5.75,trading_outer_00,edge_0_all_both_unlimited,0.25
85,NYC,2025-08-21,KXHIGHNY-25AUG21,KXHIGHNY-25AUG21-B71.5,2025-08-21 15:35:00+00:00,2025-08-21 15:36:00+00:00,2025-08-28 14:00:00+00:00,2025-08-21 15:00:00+00:00,35.0,0.726115174371478,BUY_YES,0.44,0.43,kalshi_candlestick,yes_ask_open,1.0,12,5.28,0.21,0.01,5.49,0.2661151743714779,0.1501970776659909,1,kalshi_result,next_candle_open,counterfactual_sizing_sensitivity_no_historical_depth,False,1071.67,6.72,6.51,trading_outer_00,edge_0_all_both_unlimited,0.25
86,NYC,2025-08-21,KXHIGHNY-25AUG21,KXHIGHNY-25AUG21-B75.5,2025-08-21 15:35:00+00:00,2025-08-21 15:36:00+00:00,2025-08-28 14:00:00+00:00,2025-08-21 15:00:00+00:00,35.0,0.2738848256285219,BUY_YES,0.04,0.03,kalshi_candlestick,yes_ask_open,1.0,134,5.36,0.37,0.01,5.73,0.2238848256285219,0.1321480900852584,0,kalshi_result,next_candle_open,counterfactual_sizing_sensitivity_no_historical_depth,False,1071.67,-5.36,-5.73,trading_outer_00,edge_0_all_both_unlimited,0.25
87,NYC,2025-08-27,KXHIGHNY-25AUG27,KXHIGHNY-25AUG27-B75.5,2025-08-27 16:20:00+00:00,2025-08-27 16:21:00+00:00,2025-09-03 14:00:00+00:00,2025-08-27 16:00:00+00:00,20.0,0.8158845121688325,BUY_YES,0.66,0.65,kalshi_candlestick,yes_ask_open,1.0,8,5.28,0.13,0.01,5.41,0.1358845121688325,0.0277928655636271,1,kalshi_result,next_candle_open,counterfactual_sizing_sensitivity_no_historical_depth,False,1079.67,2.7199999999999998,2.59,trading_outer_00,edge_0_all_both_unlimited,0.25
88,NYC,2025-08-27,KXHIGHNY-25AUG27,KXHIGHNY-25AUG27-B77.5,2025-08-27 19:15:00+00:00,2025-08-27 19:16:00+00:00,2025-09-03 14:00:00+00:00,2025-08-27 19:00:00+00:00,15.0,0.0841567629426489,BUY_YES,0.02,0.01,kalshi_candlestick,yes_ask_open,1.0,116,2.32,0.16,0.01,2.48,0.0541567629426489,0.0084535327918882,0,kalshi_result,next_candle_open,counterfactual_sizing_sensitivity_no_historical_depth,False,1079.67,-2.32,-2.48,trading_outer_00,edge_0_all_both_unlimited,0.25
89,NYC,2025-10-09,KXHIGHNY-25OCT09,KXHIGHNY-25OCT09-B58.5,2025-10-09 13:00:00+00:00,2025-10-09 13:01:00+00:00,2025-10-16 14:00:00+00:00,2025-10-09 13:00:00+00:00,0.0,0.5425756868863468,BUY_YES,0.31,0.3,kalshi_candlestick,yes_ask_open,1.0,17,5.27,0.26,0.01,5.529999999999999,0.2125756868863468,0.095077191549216,1,kalshi_result,next_candle_open,counterfactual_sizing_sensitivity_no_historical_depth,False,1085.2900000000002,11.73,11.47,trading_outer_00,edge_0_all_both_unlimited,0.25
90,NYC,2025-10-09,KXHIGHNY-25OCT09,KXHIGHNY-25OCT09-B62.5,2025-10-09 13:00:00+00:00,2025-10-09 13:01:00+00:00,2025-10-16 14:00:00+00:00,2025-10-09 13:00:00+00:00,0.0,0.3136027674559281,BUY_YES,0.15,0.14,kalshi_candlestick,yes_ask_open,1.0,35,5.25,0.32,0.01,5.57,0.1536027674559281,0.0558228941653648,0,kalshi_result,next_candle_open,counterfactual_sizing_sensitivity_no_historical_depth,False,1085.2900000000002,-5.25,-5.57,trading_outer_00,edge_0_all_both_unlimited,0.25
91,NYC,2025-10-09,KXHIGHNY-25OCT09,KXHIGHNY-25OCT09-T65,2025-10-09 13:00:00+00:00,2025-10-09 13:01:00+00:00,2025-10-16 14:00:00+00:00,2025-10-09 13:00:00+00:00,0.0,0.143821545657725,BUY_YES,0.02,0.01,kalshi_candlestick,yes_ask_open,1.0,13,0.26,0.02,0.01,0.28,0.113821545657725,0.0495180985345027,0,kalshi_result,next_candle_open,counterfactual_sizing_sensitivity_no_historical_depth,False,1085.2900000000002,-0.26,-0.28,trading_outer_00,edge_0_all_both_unlimited,0.25
92,NYC,2025-10-26,KXHIGHNY-25OCT26,KXHIGHNY-25OCT26-B58.5,2025-10-26 14:55:00+00:00,2025-10-26 14:56:00+00:00,2025-11-02 14:00:00+00:00,2025-10-26 14:00:00+00:00,55.0,0.7147792681959673,BUY_YES,0.55,0.54,kalshi_candlestick,yes_ask_open,1.0,9,4.95,0.16,0.01,5.11,0.1447792681959672,0.0634976987862289,1,kalshi_result,next_candle_open,counterfactual_sizing_sensitivity_no_historical_depth,False,1089.1800000000003,4.05,3.8899999999999997,trading_outer_01,edge_0.01_all_buy_yes_2,0.25
93,NYC,2025-11-06,KXHIGHNY-25NOV06,KXHIGHNY-25NOV06-B53.5,2025-11-06 16:20:00+00:00,2025-11-06 16:21:00+00:00,2025-11-13 15:00:00+00:00,2025-11-06 16:00:00+00:00,20.0,0.0897211456883576,BUY_YES,0.02,0.01,kalshi_candlestick,yes_ask_open,1.0,272,5.44,0.38,0.01,5.82,0.0597211456883576,0.0222000825777272,0,kalshi_result,next_candle_open,counterfactual_sizing_sensitivity_no_historical_depth,False,1072.3900000000003,-5.44,-5.82,trading_outer_01,edge_0.01_all_buy_yes_2,0.25
94,NYC,2025-11-06,KXHIGHNY-25NOV06,KXHIGHNY-25NOV06-B57.5,2025-11-06 16:20:00+00:00,2025-11-06 16:24:00+00:00,2025-11-13 15:00:00+00:00,2025-11-06 16:00:00+00:00,20.0,0.9102788543116422,BUY_YES,0.76,0.75,kalshi_candlestick,yes_ask_open,4.0,7,5.32,0.09,0.01,5.41,0.1302788543116422,0.0700546398912125,1,kalshi_result,next_candle_open,counterfactual_sizing_sensitivity_no_historical_depth,False,1079.3900000000003,1.6799999999999997,1.5899999999999999,trading_outer_01,edge_0.01_all_buy_yes_2,0.25
95,NYC,2025-11-12,KXHIGHNY-25NOV12,KXHIGHNY-25NOV12-B49.5,2025-11-12 14:30:00+00:00,2025-11-12 14:31:00+00:00,2025-11-19 15:00:00+00:00,2025-11-12 14:00:00+00:00,30.0,0.7311507947261643,BUY_YES,0.6,0.59,kalshi_candlestick,yes_ask_open,1.0,9,5.3999999999999995,0.16,0.01,5.56,0.1111507947261643,0.0307311926392203,1,kalshi_result,next_candle_open,counterfactual_sizing_sensitivity_no_historical_depth,False,1076.9800000000002,3.6000000000000005,3.4400000000000004,trading_outer_01,edge_0.01_all_buy_yes_2,0.25
96,NYC,2025-11-15,KXHIGHNY-25NOV15,KXHIGHNY-25NOV15-B49.5,2025-11-15 20:40:00+00:00,2025-11-15 20:41:00+00:00,2025-11-22 15:00:00+00:00,2025-11-15 20:00:00+00:00,40.0,0.3746287818689022,BUY_YES,0.15,0.14,kalshi_candlestick,yes_ask_open,1.0,36,5.3999999999999995,0.33,0.01,5.7299999999999995,0.2146287818689022,0.1375113378493091,1,kalshi_result,next_candle_open,counterfactual_sizing_sensitivity_no_historical_depth,False,1107.7700000000002,30.6,30.27,trading_outer_01,edge_0.01_all_buy_yes_2,0.25
97,NYC,2025-11-15,KXHIGHNY-25NOV15,KXHIGHNY-25NOV15-B53.5,2025-11-15 20:40:00+00:00,2025-11-15 20:41:00+00:00,2025-11-22 15:00:00+00:00,2025-11-15 20:00:00+00:00,40.0,0.4646246907471067,BUY_YES,0.27,0.26,kalshi_candlestick,yes_ask_open,1.0,20,5.4,0.28,0.01,5.680000000000001,0.1746246907471067,0.0926376652233952,0,kalshi_result,next_candle_open,counterfactual_sizing_sensitivity_no_historical_depth,False,1107.7700000000002,-5.4,-5.680000000000001,trading_outer_01,edge_0.01_all_buy_yes_2,0.25
99,NYC,2025-11-20,KXHIGHNY-25NOV20,KXHIGHNY-25NOV20-B47.5,2025-11-20 17:00:00+00:00,2025-11-20 17:01:00+00:00,2025-11-27 15:00:00+00:00,2025-11-20 17:00:00+00:00,0.0,0.8414483940310131,BUY_YES,0.73,0.72,kalshi_candlestick,yes_ask_open,1.0,7,5.109999999999999,0.1,0.01,5.209999999999999,0.0914483940310131,0.0205153358329811,1,kalshi_result,next_candle_open,counterfactual_sizing_sensitivity_no_historical_depth,False,1103.0300000000002,1.8900000000000006,1.790000000000001,trading_outer_01,edge_0.01_all_buy_yes_2,0.25
101,NYC,2025-11-25,KXHIGHNY-25NOV25,KXHIGHNY-25NOV25-B54.5,2025-11-26 03:05:00+00:00,2025-11-26 03:06:00+00:00,2025-12-02 15:00:00+00:00,2025-11-26 02:00:00+00:00,65.0,0.219297021775594,BUY_YES,0.02,0.01,kalshi_candlestick,yes_ask_open,1.0,278,5.5600000000000005,0.39,0.01,5.95,0.189297021775594,0.1278014374879595,0,kalshi_result,next_candle_open,counterfactual_sizing_sensitivity_no_historical_depth,False,1097.6200000000001,-5.5600000000000005,-5.95,trading_outer_01,edge_0.01_all_buy_yes_2,0.25
102,NYC,2025-11-25,KXHIGHNY-25NOV25,KXHIGHNY-25NOV25-B58.5,2025-11-26 03:05:00+00:00,2025-11-26 03:06:00+00:00,2025-12-02 15:00:00+00:00,2025-11-26 02:00:00+00:00,65.0,0.4704240370984131,BUY_YES,0.25,0.24,kalshi_candlestick,yes_ask_open,1.0,22,5.5,0.29,0.01,5.79,0.2004240370984131,0.118215507806184,1,kalshi_result,next_candle_open,counterfactual_sizing_sensitivity_no_historical_depth,False,1119.6200000000001,16.5,16.21,trading_outer_01,edge_0.01_all_buy_yes_2,0.25
104,NYC,2025-12-01,KXHIGHNY-25DEC01,KXHIGHNY-25DEC01-B42.5,2025-12-01 15:25:00+00:00,2025-12-01 15:26:00+00:00,2025-12-08 15:00:00+00:00,2025-12-01 15:00:00+00:00,25.0,0.8688865135407554,BUY_YES,0.76,0.75,kalshi_candlestick,yes_ask_open,1.0,7,5.32,0.09,0.01,5.41,0.0888865135407554,0.0216172475336306,1,kalshi_result,next_candle_open,counterfactual_sizing_sensitivity_no_historical_depth,False,1126.6200000000001,1.6799999999999997,1.5899999999999999,trading_outer_01,edge_0.01_all_buy_yes_2,0.25
105,NYC,2025-12-18,KXHIGHNY-25DEC18,KXHIGHNY-25DEC18-B50.5,2025-12-18 23:45:00+00:00,2025-12-18 23:46:00+00:00,2025-12-25 15:00:00+00:00,2025-12-18 23:00:00+00:00,45.0,0.5693247861801279,BUY_YES,0.25,0.24,kalshi_candlestick,yes_ask_open,1.0,22,5.5,0.29,0.01,5.79,0.2993247861801279,0.2150192311682858,1,kalshi_result,next_candle_open,counterfactual_sizing_sensitivity_no_historical_depth,False,1131.19,16.5,16.21,trading_outer_01,edge_0.01_all_buy_yes_2,0.25
106,NYC,2025-12-18,KXHIGHNY-25DEC18,KXHIGHNY-25DEC18-B52.5,2025-12-18 23:45:00+00:00,2025-12-18 23:46:00+00:00,2025-12-25 15:00:00+00:00,2025-12-18 23:00:00+00:00,45.0,0.2709622291661141,BUY_YES,0.11,0.1,kalshi_candlestick,yes_ask_open,1.0,51,5.61,0.35,0.0099999999999999,5.96,0.1509622291661141,0.0830986158839212,0,kalshi_result,next_candle_open,counterfactual_sizing_sensitivity_no_historical_depth,False,1131.19,-5.61,-5.96,trading_outer_01,edge_0.01_all_buy_yes_2,0.25
108,NYC,2025-12-20,KXHIGHNY-25DEC20,KXHIGHNY-25DEC20-B38.5,2025-12-20 14:30:00+00:00,2025-12-20 14:31:00+00:00,2025-12-27 15:00:00+00:00,2025-12-20 14:00:00+00:00,30.0,0.7075274751754214,BUY_YES,0.55,0.54,kalshi_candlestick,yes_ask_open,1.0,10,5.5,0.18,0.01,5.68,0.1375274751754213,0.0559017351873296,1,kalshi_result,next_candle_open,counterfactual_sizing_sensitivity_no_historical_depth,False,1141.19,4.5,4.32,trading_outer_01,edge_0.01_all_buy_yes_2,0.25
109,NYC,2026-01-05,KXHIGHNY-26JAN05,KXHIGHNY-26JAN05-B35.5,2026-01-06 00:15:00+00:00,2026-01-06 00:16:00+00:00,2026-01-12 15:00:00+00:00,2026-01-06 00:00:00+00:00,15.0,0.4389622619544403,BUY_YES,0.02,0.01,kalshi_candlestick,yes_ask_open,1.0,285,5.7,0.4,0.01,6.1000000000000005,0.4089622619544403,0.3280873779145222,0,kalshi_result,next_candle_open,counterfactual_sizing_sensitivity_no_historical_depth,False,1129.0400000000002,-5.7,-6.1000000000000005,trading_outer_01,edge_0.01_all_buy_yes_2,0.25
110,NYC,2026-01-05,KXHIGHNY-26JAN05,KXHIGHNY-26JAN05-B39.5,2026-01-06 00:15:00+00:00,2026-01-06 00:16:00+00:00,2026-01-12 15:00:00+00:00,2026-01-06 00:00:00+00:00,15.0,0.5610377380455597,BUY_YES,0.08,0.07,kalshi_candlestick,yes_ask_open,1.0,71,5.68,0.37,0.0099999999999999,6.05,0.4710377380455596,0.3867852755906359,1,kalshi_result,next_candle_open,counterfactual_sizing_sensitivity_no_historical_depth,False,1200.0400000000002,65.32,64.95,trading_outer_01,edge_0.01_all_buy_yes_2,0.25
111,NYC,2026-01-21,KXHIGHNY-26JAN21,KXHIGHNY-26JAN21-B33.5,2026-01-21 20:00:00+00:00,2026-01-21 20:01:00+00:00,2026-01-28 15:00:00+00:00,2026-01-21 20:00:00+00:00,0.0,0.3966374606431411,BUY_YES,0.26,0.25,kalshi_candlestick,yes_ask_open,1.0,23,5.98,0.31,0.01,6.29,0.1166374606431411,0.0380751351904538,0,kalshi_result,next_candle_open,counterfactual_sizing_sensitivity_no_historical_depth,False,1182.15,-5.98,-6.29,trading_outer_01,edge_0.01_all_buy_yes_2,0.25
113,NYC,2026-01-21,KXHIGHNY-26JAN21,KXHIGHNY-26JAN21-B35.5,2026-01-21 20:55:00+00:00,2026-01-21 20:56:00+00:00,2026-01-28 15:00:00+00:00,2026-01-21 20:00:00+00:00,55.0,0.5935213606743549,BUY_YES,0.46,0.45,kalshi_candlestick,yes_ask_open,1.0,13,5.98,0.23,0.01,6.210000000000001,0.1135213606743548,0.0291921945244307,0,kalshi_result,next_candle_open,counterfactual_sizing_sensitivity_no_historical_depth,False,1182.15,-5.98,-6.210000000000001,trading_outer_01,edge_0.01_all_buy_yes_2,0.25
116,NYC,2026-01-23,KXHIGHNY-26JAN23,KXHIGHNY-26JAN23-B38.5,2026-01-23 18:10:00+00:00,2026-01-23 18:11:00+00:00,2026-01-30 15:00:00+00:00,2026-01-23 18:00:00+00:00,10.0,0.9960509247777712,BUY_YES,0.89,0.88,kalshi_candlestick,yes_ask_open,1.0,6,5.34,0.05,0.01,5.39,0.0960509247777712,0.0650867484728619,1,kalshi_result,next_candle_open,counterfactual_sizing_sensitivity_no_historical_depth,False,1188.15,0.6600000000000001,0.6100000000000003,trading_outer_01,edge_0.01_all_buy_yes_2,0.25
117,NYC,2026-02-11,KXHIGHNY-26FEB11,KXHIGHNY-26FEB11-B40.5,2026-02-11 14:05:00+00:00,2026-02-11 14:06:00+00:00,2026-02-18 15:00:00+00:00,2026-02-11 14:00:00+00:00,5.0,0.6085321318553918,BUY_YES,0.33,0.32,kalshi_candlestick,yes_ask_open,1.0,18,5.94,0.28,0.01,6.220000000000001,0.2585321318553917,0.1742882816841185,1,kalshi_result,next_candle_open,counterfactual_sizing_sensitivity_no_historical_depth,False,1169.7700000000002,12.059999999999999,11.78,trading_outer_01,edge_0.01_all_buy_yes_2,0.25
118,NYC,2026-02-11,KXHIGHNY-26FEB11,KXHIGHNY-26FEB11-T43,2026-02-11 14:05:00+00:00,2026-02-11 14:06:00+00:00,2026-02-18 15:00:00+00:00,2026-02-11 14:00:00+00:00,5.0,0.3914678681446082,BUY_YES,0.14,0.13,kalshi_candlestick,yes_ask_open,1.0,42,5.880000000000001,0.36,0.01,6.240000000000001,0.2414678681446082,0.1632297416064043,0,kalshi_result,next_candle_open,counterfactual_sizing_sensitivity_no_historical_depth,False,1169.7700000000002,-5.880000000000001,-6.240000000000001,trading_outer_01,edge_0.01_all_buy_yes_2,0.25
120,NYC,2026-02-16,KXHIGHNY-26FEB16,KXHIGHNY-26FEB16-B39.5,2026-02-16 15:15:00+00:00,2026-02-16 15:16:00+00:00,2026-02-23 15:00:00+00:00,2026-02-16 15:00:00+00:00,15.0,0.7443224947609964,BUY_YES,0.56,0.55,kalshi_candlestick,yes_ask_open,1.0,10,5.6000000000000005,0.18,0.01,5.78,0.1643224947609964,0.0846853804917105,1,kalshi_result,next_candle_open,counterfactual_sizing_sensitivity_no_historical_depth,False,1179.7700000000002,4.3999999999999995,4.22,trading_outer_01,edge_0.01_all_buy_yes_2,0.25
122,NYC,2026-02-16,KXHIGHNY-26FEB16,KXHIGHNY-26FEB16-T37,2026-02-16 15:15:00+00:00,2026-02-16 15:16:00+00:00,2026-02-23 15:00:00+00:00,2026-02-16 15:00:00+00:00,15.0,0.0987321523605675,BUY_YES,0.02,0.01,kalshi_candlestick,yes_ask_open,1.0,297,5.94,0.41,0.01,6.3500000000000005,0.0687321523605675,0.0289888774390719,0,kalshi_result,next_candle_open,counterfactual_sizing_sensitivity_no_historical_depth,False,1179.7700000000002,-5.94,-6.3500000000000005,trading_outer_01,edge_0.01_all_buy_yes_2,0.25
123,NYC,2026-02-18,KXHIGHNY-26FEB18,KXHIGHNY-26FEB18-B46.5,2026-02-18 14:55:00+00:00,2026-02-18 14:56:00+00:00,2026-02-25 15:00:00+00:00,2026-02-18 14:00:00+00:00,55.0,0.1457109736011921,BUY_YES,0.05,0.04,kalshi_candlestick,yes_ask_open,1.0,118,5.9,0.4,0.01,6.300000000000001,0.085710973601192,0.0360140559174668,0,kalshi_result,next_candle_open,counterfactual_sizing_sensitivity_no_historical_depth,False,1167.6400000000003,-5.9,-6.300000000000001,trading_outer_01,edge_0.01_all_buy_yes_2,0.25
124,NYC,2026-02-18,KXHIGHNY-26FEB18,KXHIGHNY-26FEB18-T44,2026-02-18 14:55:00+00:00,2026-02-18 14:56:00+00:00,2026-02-25 15:00:00+00:00,2026-02-18 14:00:00+00:00,55.0,0.8542890263988079,BUY_YES,0.67,0.66,kalshi_candlestick,yes_ask_open,1.0,8,5.36,0.13,0.01,5.49,0.1642890263988078,0.0949872051496069,1,kalshi_result,next_candle_open,counterfactual_sizing_sensitivity_no_historical_depth,False,1175.6400000000003,2.6399999999999997,2.51,trading_outer_01,edge_0.01_all_buy_yes_2,0.25
128,NYC,2026-02-24,KXHIGHNY-26FEB24,KXHIGHNY-26FEB24-B28.5,2026-02-24 16:40:00+00:00,2026-02-24 16:43:00+00:00,2026-03-03 15:00:00+00:00,2026-02-24 16:00:00+00:00,40.0,0.1262790192040208,BUY_YES,0.02,0.01,kalshi_candlestick,yes_ask_open,3.0,297,5.94,0.41,0.01,6.3500000000000005,0.0962790192040208,0.0504088347801423,0,kalshi_result,next_candle_open,counterfactual_sizing_sensitivity_no_historical_depth,False,1167.8100000000004,-5.94,-6.3500000000000005,trading_outer_01,edge_0.01_all_buy_yes_2,0.25
125,NYC,2026-02-24,KXHIGHNY-26FEB24,KXHIGHNY-26FEB24-B30.5,2026-02-24 14:20:00+00:00,2026-02-24 14:21:00+00:00,2026-03-03 15:00:00+00:00,2026-02-24 14:00:00+00:00,20.0,0.7414773796147578,BUY_YES,0.56,0.55,kalshi_candlestick,yes_ask_open,1.0,10,5.6000000000000005,0.18,0.01,5.78,0.1614773796147577,0.081664319023518,1,kalshi_result,next_candle_open,counterfactual_sizing_sensitivity_no_historical_depth,False,1167.8100000000004,4.3999999999999995,4.22,trading_outer_01,edge_0.01_all_buy_yes_2,0.25
133,NYC,2026-02-25,KXHIGHNY-26FEB25,KXHIGHNY-26FEB25-B39.5,2026-02-25 17:15:00+00:00,2026-02-25 17:16:00+00:00,2026-03-04 15:00:00+00:00,2026-02-25 17:00:00+00:00,15.0,0.5448465204755123,BUY_YES,0.36,0.35,kalshi_candlestick,yes_ask_open,1.0,16,5.76,0.26,0.01,6.02,0.1648465204755123,0.0807631986078899,0,kalshi_result,next_candle_open,counterfactual_sizing_sensitivity_no_historical_depth,False,1161.7800000000004,-5.76,-6.02,trading_outer_01,edge_0.01_all_buy_yes_2,0.25
134,NYC,2026-02-25,KXHIGHNY-26FEB25,KXHIGHNY-26FEB25-B45.5,2026-02-25 17:15:00+00:00,2026-02-25 17:16:00+00:00,2026-03-04 15:00:00+00:00,2026-02-25 17:00:00+00:00,15.0,0.175725953088169,BUY_YES,0.02,0.01,kalshi_candlestick,yes_ask_open,1.0,296,5.92,0.41,0.01,6.33,0.145725953088169,0.0907597127827646,0,kalshi_result,next_candle_open,counterfactual_sizing_sensitivity_no_historical_depth,False,1161.7800000000004,-5.92,-6.33,trading_outer_01,edge_0.01_all_buy_yes_2,0.25
135,NYC,2026-02-27,KXHIGHNY-26FEB27,KXHIGHNY-26FEB27-B44.5,2026-02-27 19:25:00+00:00,2026-02-27 19:26:00+00:00,2026-03-06 15:00:00+00:00,2026-02-27 19:00:00+00:00,25.0,0.9732642976989416,BUY_YES,0.77,0.76,kalshi_candlestick,yes_ask_open,1.0,7,5.390000000000001,0.09,0.01,5.48,0.1832642976989417,0.1403136437929369,1,kalshi_result,next_candle_open,counterfactual_sizing_sensitivity_no_historical_depth,False,1168.7800000000004,1.6099999999999994,1.5199999999999996,trading_outer_01,edge_0.01_all_buy_yes_2,0.25
136,NYC,2026-03-03,KXHIGHNY-26MAR03,KXHIGHNY-26MAR03-T39,2026-03-03 16:10:00+00:00,2026-03-03 16:11:00+00:00,2026-03-10 15:00:00+00:00,2026-03-03 16:00:00+00:00,10.0,0.6636851402269575,BUY_YES,0.53,0.52,kalshi_candlestick,yes_ask_open,1.0,11,5.83,0.2,0.01,6.03,0.1136851402269574,0.0304403897327929,1,kalshi_result,next_candle_open,counterfactual_sizing_sensitivity_no_historical_depth,False,1155.4400000000005,5.17,4.97,trading_outer_01,edge_0.01_all_buy_yes_2,0.25
138,NYC,2026-03-07,KXHIGHNY-26MAR07,KXHIGHNY-26MAR07-B54.5,2026-03-08 01:25:00+00:00,2026-03-08 01:26:00+00:00,2026-03-14 15:00:00+00:00,2026-03-08 01:00:00+00:00,25.0,0.1915838188355345,BUY_YES,0.02,0.01,kalshi_candlestick,yes_ask_open,1.0,293,5.86,0.41,0.01,6.2700000000000005,0.1615838188355345,0.1041018093937476,0,kalshi_result,next_candle_open,counterfactual_sizing_sensitivity_no_historical_depth,False,1124.9500000000007,-5.86,-6.2700000000000005,trading_outer_01,edge_0.01_all_buy_yes_2,0.25
137,NYC,2026-03-07,KXHIGHNY-26MAR07,KXHIGHNY-26MAR07-T50,2026-03-07 14:30:00+00:00,2026-03-07 14:31:00+00:00,2026-03-14 15:00:00+00:00,2026-03-07 14:00:00+00:00,30.0,0.7219667275514704,BUY_YES,0.58,0.57,kalshi_candlestick,yes_ask_open,1.0,10,5.8,0.18,0.01,5.9799999999999995,0.1219667275514704,0.0410488576138703,0,kalshi_result,next_candle_open,counterfactual_sizing_sensitivity_no_historical_depth,False,1124.9500000000007,-5.8,-5.9799999999999995,trading_outer_01,edge_0.01_all_buy_yes_2,0.25
141,NYC,2026-03-08,KXHIGHNY-26MAR08,KXHIGHNY-26MAR08-B66.5,2026-03-08 13:20:00+00:00,2026-03-08 13:21:00+00:00,2026-03-15 15:00:00+00:00,2026-03-08 13:00:00+00:00,20.0,0.6086517004126132,BUY_YES,0.43,0.42,kalshi_candlestick,yes_ask_open,1.0,13,5.59,0.23,0.01,5.82,0.1586517004126132,0.0744088417662049,0,kalshi_result,next_candle_open,counterfactual_sizing_sensitivity_no_historical_depth,False,1118.8600000000008,-5.59,-5.82,trading_outer_01,edge_0.01_all_buy_yes_2,0.25
142,NYC,2026-03-08,KXHIGHNY-26MAR08,KXHIGHNY-26MAR08-T62,2026-03-08 13:20:00+00:00,2026-03-08 13:21:00+00:00,2026-03-15 15:00:00+00:00,2026-03-08 13:00:00+00:00,20.0,0.1042157729242124,BUY_YES,0.02,0.01,kalshi_candlestick,yes_ask_open,1.0,293,5.86,0.41,0.01,6.2700000000000005,0.0742157729242124,0.0331773545133393,0,kalshi_result,next_candle_open,counterfactual_sizing_sensitivity_no_historical_depth,False,1118.8600000000008,-5.86,-6.2700000000000005,trading_outer_01,edge_0.01_all_buy_yes_2,0.25
144,NYC,2026-03-11,KXHIGHNY-26MAR11,KXHIGHNY-26MAR11-B66.5,2026-03-11 15:10:00+00:00,2026-03-11 15:11:00+00:00,2026-03-18 14:00:00+00:00,2026-03-11 15:00:00+00:00,10.0,0.1062014643964296,BUY_YES,0.02,0.01,kalshi_candlestick,yes_ask_open,1.0,294,5.88,0.41,0.01,6.29,0.0762014643964296,0.0347040184656933,0,kalshi_result,next_candle_open,counterfactual_sizing_sensitivity_no_historical_depth,False,1112.7200000000007,-5.88,-6.29,trading_outer_01,edge_0.01_all_buy_yes_2,0.25
145,NYC,2026-03-11,KXHIGHNY-26MAR11,KXHIGHNY-26MAR11-B68.5,2026-03-11 15:10:00+00:00,2026-03-11 15:11:00+00:00,2026-03-18 14:00:00+00:00,2026-03-11 15:00:00+00:00,10.0,0.1062034253056499,BUY_YES,0.02,0.01,kalshi_candlestick,yes_ask_open,1.0,294,5.88,0.41,0.01,6.29,0.0762034253056499,0.0347055286172443,0,kalshi_result,next_candle_open,counterfactual_sizing_sensitivity_no_historical_depth,False,1112.7200000000007,-5.88,-6.29,trading_outer_01,edge_0.01_all_buy_yes_2,0.25
149,NYC,2026-03-13,KXHIGHNY-26MAR13,KXHIGHNY-26MAR13-T45,2026-03-13 21:50:00+00:00,2026-03-13 21:51:00+00:00,2026-03-20 14:00:00+00:00,2026-03-13 21:00:00+00:00,50.0,0.9326741659174866,BUY_YES,0.84,0.83,kalshi_candlestick,yes_ask_open,1.0,7,5.88,0.07,0.01,5.95,0.0826741659174866,0.0273363190227401,1,kalshi_result,next_candle_open,counterfactual_sizing_sensitivity_no_historical_depth,False,1104.9000000000005,1.12,1.0499999999999998,trading_outer_01,edge_0.01_all_buy_yes_2,0.25
150,NYC,2026-03-14,KXHIGHNY-26MAR14,KXHIGHNY-26MAR14-B51.5,2026-03-14 14:10:00+00:00,2026-03-14 14:11:00+00:00,2026-03-21 14:00:00+00:00,2026-03-14 14:00:00+00:00,10.0,0.6023946060834426,BUY_YES,0.35,0.34,kalshi_candlestick,yes_ask_open,1.0,16,5.6,0.26,0.01,5.859999999999999,0.2323946060834426,0.1481065066702099,1,kalshi_result,next_candle_open,counterfactual_sizing_sensitivity_no_historical_depth,False,1120.9000000000005,10.4,10.14,trading_outer_01,edge_0.01_all_buy_yes_2,0.25
151,NYC,2026-03-14,KXHIGHNY-26MAR14,KXHIGHNY-26MAR14-T49,2026-03-14 14:10:00+00:00,2026-03-14 14:11:00+00:00,2026-03-21 14:00:00+00:00,2026-03-14 14:00:00+00:00,10.0,0.3976053939165574,BUY_YES,0.18,0.17,kalshi_candlestick,yes_ask_open,1.0,32,5.76,0.34,0.01,6.1,0.1976053939165574,0.1189833925992649,0,kalshi_result,next_candle_open,counterfactual_sizing_sensitivity_no_historical_depth,False,1120.9000000000005,-5.76,-6.1,trading_outer_01,edge_0.01_all_buy_yes_2,0.25
155,NYC,2026-03-15,KXHIGHNY-26MAR15,KXHIGHNY-26MAR15-B49.5,2026-03-15 14:05:00+00:00,2026-03-15 14:06:00+00:00,2026-03-22 14:00:00+00:00,2026-03-15 14:00:00+00:00,5.0,0.3458767120732219,BUY_YES,0.14,0.13,kalshi_candlestick,yes_ask_open,1.0,41,5.74,0.35,0.01,6.09,0.1958767120732219,0.1209074857085557,0,kalshi_result,next_candle_open,counterfactual_sizing_sensitivity_no_historical_depth,False,1120.9000000000005,-5.74,-6.09,trading_outer_01,edge_0.01_all_buy_yes_2,0.25
156,NYC,2026-03-15,KXHIGHNY-26MAR15,KXHIGHNY-26MAR15-B51.5,2026-03-15 19:30:00+00:00,2026-03-15 19:31:00+00:00,2026-03-22 14:00:00+00:00,2026-03-15 19:00:00+00:00,30.0,0.166800520563069,BUY_YES,0.06,0.05,kalshi_candlestick,yes_ask_open,1.0,96,5.76,0.38,0.01,6.14,0.096800520563069,0.043327932610733,0,kalshi_result,next_candle_open,counterfactual_sizing_sensitivity_no_historical_depth,False,1120.9000000000005,-5.76,-6.14,trading_outer_01,edge_0.01_all_buy_yes_2,0.25
159,NYC,2026-03-18,KXHIGHNY-26MAR18,KXHIGHNY-26MAR18-B37.5,2026-03-18 14:25:00+00:00,2026-03-18 14:27:00+00:00,2026-03-25 14:00:00+00:00,2026-03-18 14:00:00+00:00,25.0,0.5748926595766473,BUY_YES,0.46,0.45,kalshi_candlestick,yes_ask_open,2.0,12,5.5200000000000005,0.21,0.01,5.73,0.0948926595766472,0.0105642588530988,1,kalshi_result,next_candle_open,counterfactual_sizing_sensitivity_no_historical_depth,False,1132.9000000000005,6.4799999999999995,6.27,trading_outer_01,edge_0.01_all_buy_yes_2,0.25
160,NYC,2026-03-19,KXHIGHNY-26MAR19,KXHIGHNY-26MAR19-B43.5,2026-03-19 14:20:00+00:00,2026-03-19 14:21:00+00:00,2026-03-26 14:00:00+00:00,2026-03-19 14:00:00+00:00,20.0,0.4509264093382506,BUY_YES,0.33,0.32,kalshi_candlestick,yes_ask_open,1.0,17,5.61,0.27,0.01,5.880000000000001,0.1009264093382506,0.0195061520917406,1,kalshi_result,next_candle_open,counterfactual_sizing_sensitivity_no_historical_depth,False,1149.8100000000006,11.39,11.12,trading_outer_01,edge_0.01_all_buy_yes_2,0.25
161,NYC,2026-03-19,KXHIGHNY-26MAR19,KXHIGHNY-26MAR19-T50,2026-03-19 14:20:00+00:00,2026-03-19 14:21:00+00:00,2026-03-26 14:00:00+00:00,2026-03-19 14:00:00+00:00,20.0,0.0871147524825373,BUY_YES,0.03,0.02,kalshi_candlestick,yes_ask_open,1.0,100,3.0,0.21,0.0099999999999999,3.21,0.0471147524825373,0.0102599171802807,0,kalshi_result,next_candle_open,counterfactual_sizing_sensitivity_no_historical_depth,False,1149.8100000000006,-3.0,-3.21,trading_outer_01,edge_0.01_all_buy_yes_2,0.25
163,NYC,2026-03-25,KXHIGHNY-26MAR25,KXHIGHNY-26MAR25-T58,2026-03-25 14:30:00+00:00,2026-03-25 14:31:00+00:00,2026-04-01 14:00:00+00:00,2026-03-25 14:00:00+00:00,30.0,0.0556737860135414,BUY_YES,0.02,0.01,kalshi_candlestick,yes_ask_open,1.0,4,0.08,0.01,0.01,0.09,0.0256737860135414,0.0016070229021222,0,kalshi_result,next_candle_open,counterfactual_sizing_sensitivity_no_historical_depth,False,1136.1600000000008,-0.08,-0.09,trading_outer_02,edge_0_all_both_1,0.05
167,NYC,2026-03-29,KXHIGHNY-26MAR29,KXHIGHNY-26MAR29-T57,2026-03-29 15:55:00+00:00,2026-03-29 15:56:00+00:00,2026-04-05 14:00:00+00:00,2026-03-29 15:00:00+00:00,55.0,0.1146034680553609,BUY_YES,0.04,0.03,kalshi_candlestick,yes_ask_open,1.0,41,1.6400000000000001,0.12,0.01,1.7600000000000002,0.0646034680553609,0.027764205435018,0,kalshi_result,next_candle_open,counterfactual_sizing_sensitivity_no_historical_depth,False,1135.6500000000008,-1.6400000000000001,-1.7600000000000002,trading_outer_02,edge_0_all_both_1,0.05
168,NYC,2026-03-30,KXHIGHNY-26MAR30,KXHIGHNY-26MAR30-B66.5,2026-03-30 16:20:00+00:00,2026-03-30 16:21:00+00:00,2026-04-06 14:00:00+00:00,2026-03-30 16:00:00+00:00,20.0,0.0912008690545404,BUY_YES,0.03,0.02,kalshi_candlestick,yes_ask_open,1.0,37,1.1099999999999999,0.08,0.0099999999999999,1.19,0.0512008690545404,0.0188312339405729,0,kalshi_result,next_candle_open,counterfactual_sizing_sensitivity_no_historical_depth,False,1135.6500000000008,-1.1099999999999999,-1.19,trading_outer_02,edge_0_all_both_1,0.05
171,NYC,2026-03-31,KXHIGHNY-26MAR31,KXHIGHNY-26MAR31-T77,2026-03-31 17:40:00+00:00,2026-03-31 17:41:00+00:00,2026-04-07 14:00:00+00:00,2026-03-31 17:00:00+00:00,40.0,0.9267730112091048,BUY_YES,0.75,0.74,kalshi_candlestick,yes_ask_open,1.0,7,5.25,0.1,0.01,5.35,0.1567730112091048,0.1124710766810194,1,kalshi_result,next_candle_open,counterfactual_sizing_sensitivity_no_historical_depth,False,1140.5000000000007,1.75,1.6500000000000004,trading_outer_02,edge_0_all_both_1,0.05
173,NYC,2026-04-01,KXHIGHNY-26APR01,KXHIGHNY-26APR01-T72,2026-04-01 13:20:00+00:00,2026-04-01 13:21:00+00:00,2026-04-08 14:00:00+00:00,2026-04-01 13:00:00+00:00,20.0,0.1592307017281898,BUY_YES,0.02,0.01,kalshi_candlestick,yes_ask_open,1.0,250,5.0,0.35,0.01,5.35,0.1292307017281898,0.0852961297083205,0,kalshi_result,next_candle_open,counterfactual_sizing_sensitivity_no_historical_depth,False,1140.5000000000007,-5.0,-5.35,trading_outer_02,edge_0_all_both_1,0.05
177,NYC,2026-04-03,KXHIGHNY-26APR03,KXHIGHNY-26APR03-T65,2026-04-03 14:00:00+00:00,2026-04-03 14:01:00+00:00,2026-04-10 14:00:00+00:00,2026-04-03 14:00:00+00:00,0.0,0.1865120764229182,BUY_YES,0.12,0.11,kalshi_candlestick,yes_ask_open,1.0,4,0.48,0.03,0.0099999999999999,0.51,0.0565120764229182,0.0089324976276263,0,kalshi_result,next_candle_open,counterfactual_sizing_sensitivity_no_historical_depth,False,1138.2300000000007,-0.48,-0.51,trading_outer_02,edge_0_all_both_1,0.05
181,NYC,2026-04-06,KXHIGHNY-26APR06,KXHIGHNY-26APR06-T61,2026-04-06 15:40:00+00:00,2026-04-06 15:41:00+00:00,2026-04-13 14:00:00+00:00,2026-04-06 15:00:00+00:00,40.0,0.0684057817898257,BUY_YES,0.02,0.01,kalshi_candlestick,yes_ask_open,1.0,32,0.64,0.05,0.01,0.6900000000000001,0.0384057817898257,0.0110974702317855,0,kalshi_result,next_candle_open,counterfactual_sizing_sensitivity_no_historical_depth,False,1132.4000000000008,-0.64,-0.6900000000000001,trading_outer_02,edge_0_all_both_1,0.05
183,NYC,2026-04-07,KXHIGHNY-26APR07,KXHIGHNY-26APR07-B48.5,2026-04-07 13:30:00+00:00,2026-04-07 13:31:00+00:00,2026-04-14 14:00:00+00:00,2026-04-07 13:00:00+00:00,30.0,0.0841669983951498,BUY_YES,0.02,0.01,kalshi_candlestick,yes_ask_open,1.0,68,1.36,0.1,0.01,1.4600000000000002,0.0541669983951497,0.0232734517852766,0,kalshi_result,next_candle_open,counterfactual_sizing_sensitivity_no_historical_depth,False,1129.8400000000008,-1.36,-1.4600000000000002,trading_outer_02,edge_0_all_both_1,0.05
188,NYC,2026-04-08,KXHIGHNY-26APR08,KXHIGHNY-26APR08-B46.5,2026-04-08 18:05:00+00:00,2026-04-08 18:06:00+00:00,2026-04-15 14:00:00+00:00,2026-04-08 18:00:00+00:00,5.0,0.1375502507373678,BUY_YES,0.06,0.05,kalshi_candlestick,yes_ask_open,1.0,27,1.6199999999999999,0.11,0.01,1.73,0.0675502507373678,0.0268631970679068,0,kalshi_result,next_candle_open,counterfactual_sizing_sensitivity_no_historical_depth,False,1124.720000000001,-1.6199999999999999,-1.73,trading_outer_02,edge_0_all_both_1,0.05
194,NYC,2026-04-09,KXHIGHNY-26APR09,KXHIGHNY-26APR09-B59.5,2026-04-09 14:40:00+00:00,2026-04-09 14:41:00+00:00,2026-04-16 14:00:00+00:00,2026-04-09 14:00:00+00:00,40.0,0.0652927113321501,BUY_YES,0.02,0.01,kalshi_candlestick,yes_ask_open,1.0,25,0.5,0.04,0.01,0.54,0.0352927113321501,0.0087449942996961,0,kalshi_result,next_candle_open,counterfactual_sizing_sensitivity_no_historical_depth,False,1122.700000000001,-0.5,-0.54,trading_outer_02,edge_0_all_both_1,0.05
196,NYC,2026-04-10,KXHIGHNY-26APR10,KXHIGHNY-26APR10-T68,2026-04-10 14:25:00+00:00,2026-04-10 14:26:00+00:00,2026-04-17 14:00:00+00:00,2026-04-10 14:00:00+00:00,25.0,0.0730116637922581,BUY_YES,0.03,0.02,kalshi_candlestick,yes_ask_open,1.0,9,0.27,0.02,0.0099999999999999,0.29000000000000004,0.0330116637922581,0.0046118689987849,0,kalshi_result,next_candle_open,counterfactual_sizing_sensitivity_no_historical_depth,False,1120.010000000001,-0.27,-0.29000000000000004,trading_outer_02,edge_0_all_both_1,0.05
201,NYC,2026-04-12,KXHIGHNY-26APR12,KXHIGHNY-26APR12-B60.5,2026-04-12 14:00:00+00:00,2026-04-12 14:02:00+00:00,2026-04-19 14:00:00+00:00,2026-04-12 14:00:00+00:00,0.0,0.2267817854881468,BUY_YES,0.08,0.07,kalshi_candlestick,yes_ask_open,2.0,65,5.2,0.34,0.0099999999999999,5.54,0.1367817854881468,0.0845639281903712,0,kalshi_result,next_candle_open,counterfactual_sizing_sensitivity_no_historical_depth,False,1120.010000000001,-5.2,-5.54,trading_outer_02,edge_0_all_both_1,0.05
207,NYC,2026-04-13,KXHIGHNY-26APR13,KXHIGHNY-26APR13-B78.5,2026-04-13 15:35:00+00:00,2026-04-13 15:36:00+00:00,2026-04-20 14:00:00+00:00,2026-04-13 15:00:00+00:00,35.0,0.3363882942603981,BUY_YES,0.22,0.21,kalshi_candlestick,yes_ask_open,1.0,11,2.42,0.14,0.01,2.56,0.0963882942603981,0.0349669625500606,1,kalshi_result,next_candle_open,counterfactual_sizing_sensitivity_no_historical_depth,False,1131.010000000001,8.58,8.44,trading_outer_02,edge_0_all_both_1,0.05
209,NYC,2026-04-14,KXHIGHNY-26APR14,KXHIGHNY-26APR14-B81.5,2026-04-14 14:05:00+00:00,2026-04-14 14:06:00+00:00,2026-04-21 14:00:00+00:00,2026-04-14 14:00:00+00:00,5.0,0.1880374356645613,BUY_YES,0.05,0.04,kalshi_candlestick,yes_ask_open,1.0,96,4.800000000000001,0.32,0.01,5.120000000000001,0.1280374356645612,0.0802669592973299,0,kalshi_result,next_candle_open,counterfactual_sizing_sensitivity_no_historical_depth,False,1125.7900000000009,-4.800000000000001,-5.120000000000001,trading_outer_02,edge_0_all_both_1,0.05
214,NYC,2026-04-15,KXHIGHNY-26APR15,KXHIGHNY-26APR15-B87.5,2026-04-15 20:15:00+00:00,2026-04-15 20:16:00+00:00,2026-04-22 14:00:00+00:00,2026-04-15 20:00:00+00:00,15.0,0.0568859814932251,BUY_YES,0.02,0.01,kalshi_candlestick,yes_ask_open,1.0,7,0.14,0.01,0.01,0.15000000000000002,0.0268859814932251,0.0024947661061086,0,kalshi_result,next_candle_open,counterfactual_sizing_sensitivity_no_historical_depth,False,1120.1500000000008,-0.14,-0.15000000000000002,trading_outer_02,edge_0_all_both_1,0.05
215,NYC,2026-04-16,KXHIGHNY-26APR16,KXHIGHNY-26APR16-B84.5,2026-04-16 13:10:00+00:00,2026-04-16 13:11:00+00:00,2026-04-23 14:00:00+00:00,2026-04-16 13:00:00+00:00,10.0,0.1294006042553405,BUY_YES,0.05,0.04,kalshi_candlestick,yes_ask_open,1.0,35,1.75,0.12,0.01,1.87,0.0694006042553405,0.0300273375959693,0,kalshi_result,next_candle_open,counterfactual_sizing_sensitivity_no_historical_depth,False,1114.5900000000008,-1.75,-1.87,trading_outer_02,edge_0_all_both_1,0.05
221,NYC,2026-04-17,KXHIGHNY-26APR17,KXHIGHNY-26APR17-B81.5,2026-04-17 13:15:00+00:00,2026-04-17 13:16:00+00:00,2026-04-24 14:00:00+00:00,2026-04-17 13:00:00+00:00,15.0,0.211469041365354,BUY_YES,0.11,0.1,kalshi_candlestick,yes_ask_open,1.0,23,2.53,0.16,0.0099999999999999,2.69,0.091469041365354,0.0409206357087947,1,kalshi_result,next_candle_open,counterfactual_sizing_sensitivity_no_historical_depth,False,1137.5900000000008,20.47,20.31,trading_outer_02,edge_0_all_both_1,0.05
226,NYC,2026-04-20,KXHIGHNY-26APR20,KXHIGHNY-26APR20-B51.5,2026-04-20 20:05:00+00:00,2026-04-20 20:06:00+00:00,2026-04-27 14:00:00+00:00,2026-04-20 20:00:00+00:00,5.0,0.9793348705466286,BUY_YES,0.86,0.85,kalshi_candlestick,yes_ask_open,1.0,6,5.16,0.06,0.01,5.22,0.1093348705466286,0.0790993379719774,1,kalshi_result,next_candle_open,counterfactual_sizing_sensitivity_no_historical_depth,False,1136.2600000000007,0.8399999999999999,0.7800000000000002,trading_outer_02,edge_0_all_both_1,0.05
230,NYC,2026-04-21,KXHIGHNY-26APR21,KXHIGHNY-26APR21-B53.5,2026-04-21 19:10:00+00:00,2026-04-21 19:11:00+00:00,2026-04-28 14:00:00+00:00,2026-04-21 19:00:00+00:00,10.0,0.8846179266081674,BUY_YES,0.6900000000000001,0.68,kalshi_candlestick,yes_ask_open,1.0,8,5.5200000000000005,0.1199999999999992,0.01,5.64,0.1746179266081674,0.1233539444368487,1,kalshi_result,next_candle_open,counterfactual_sizing_sensitivity_no_historical_depth,False,1144.2600000000007,2.4799999999999995,2.3600000000000003,trading_outer_02,edge_0_all_both_1,0.05
232,NYC,2026-04-22,KXHIGHNY-26APR22,KXHIGHNY-26APR22-T57,2026-04-22 16:50:00+00:00,2026-04-22 16:51:00+00:00,2026-04-29 14:00:00+00:00,2026-04-22 16:00:00+00:00,50.0,0.775235327038813,BUY_YES,0.6,0.59,kalshi_candlestick,yes_ask_open,1.0,9,5.3999999999999995,0.16,0.01,5.56,0.155235327038813,0.0930078433527872,1,kalshi_result,next_candle_open,counterfactual_sizing_sensitivity_no_historical_depth,False,1153.0600000000006,3.6000000000000005,3.4400000000000004,trading_outer_02,edge_0_all_both_1,0.05
233,NYC,2026-04-25,KXHIGHNY-26APR25,KXHIGHNY-26APR25-B53.5,2026-04-25 13:00:00+00:00,2026-04-25 13:01:00+00:00,2026-05-02 14:00:00+00:00,2026-04-25 13:00:00+00:00,0.0,0.1724092753713346,BUY_YES,0.04,0.03,kalshi_candlestick,yes_ask_open,1.0,115,4.6000000000000005,0.31,0.01,4.91,0.1224092753713346,0.0766575114919548,0,kalshi_result,next_candle_open,counterfactual_sizing_sensitivity_no_historical_depth,False,1150.5300000000007,-4.6000000000000005,-4.91,trading_outer_02,edge_0_all_both_1,0.05
236,NYC,2026-04-26,KXHIGHNY-26APR26,KXHIGHNY-26APR26-B51.5,2026-04-26 14:20:00+00:00,2026-04-26 14:21:00+00:00,2026-05-03 14:00:00+00:00,2026-04-26 14:00:00+00:00,20.0,0.069746210770669,BUY_YES,0.03,0.02,kalshi_candlestick,yes_ask_open,1.0,4,0.12,0.01,0.0099999999999999,0.13,0.029746210770669,0.0021161989467006,0,kalshi_result,next_candle_open,counterfactual_sizing_sensitivity_no_historical_depth,False,1144.3700000000006,-0.12,-0.13,trading_outer_02,edge_0_all_both_1,0.05
240,NYC,2026-04-27,KXHIGHNY-26APR27,KXHIGHNY-26APR27-T62,2026-04-27 13:15:00+00:00,2026-04-27 13:16:00+00:00,2026-05-04 14:00:00+00:00,2026-04-27 13:00:00+00:00,15.0,0.1009599175689029,BUY_YES,0.02,0.01,kalshi_candlestick,yes_ask_open,1.0,107,2.14,0.15,0.01,2.29,0.0709599175689029,0.0366498252795146,0,kalshi_result,next_candle_open,counterfactual_sizing_sensitivity_no_historical_depth,False,1138.6200000000006,-2.14,-2.29,trading_outer_02,edge_0_all_both_1,0.05
242,NYC,2026-04-29,KXHIGHNY-26APR29,KXHIGHNY-26APR29-B58.5,2026-04-29 13:30:00+00:00,2026-04-29 13:31:00+00:00,2026-05-06 14:00:00+00:00,2026-04-29 13:00:00+00:00,30.0,0.0713351929653761,BUY_YES,0.03,0.02,kalshi_candlestick,yes_ask_open,1.0,6,0.18,0.02,0.0099999999999999,0.19999999999999998,0.0313351929653761,0.0033281803062986,0,kalshi_result,next_candle_open,counterfactual_sizing_sensitivity_no_historical_depth,False,1138.6200000000006,-0.18,-0.19999999999999998,trading_outer_02,edge_0_all_both_1,0.05
243,NYC,2026-04-30,KXHIGHNY-26APR30,KXHIGHNY-26APR30-B65.5,2026-04-30 14:20:00+00:00,2026-04-30 14:21:00+00:00,2026-05-07 14:00:00+00:00,2026-04-30 14:00:00+00:00,20.0,0.1158639783590563,BUY_YES,0.04,0.03,kalshi_candlestick,yes_ask_open,1.0,43,1.72,0.12,0.01,1.8399999999999999,0.0658639783590563,0.028800834989707,0,kalshi_result,next_candle_open,counterfactual_sizing_sensitivity_no_historical_depth,False,1138.6200000000006,-1.72,-1.8399999999999999,trading_outer_02,edge_0_all_both_1,0.05
246,NYC,2026-05-01,KXHIGHNY-26MAY01,KXHIGHNY-26MAY01-B68.5,2026-05-01 15:15:00+00:00,2026-05-01 15:16:00+00:00,2026-05-08 14:00:00+00:00,2026-05-01 15:00:00+00:00,15.0,0.0937872848909615,BUY_YES,0.04,0.03,kalshi_candlestick,yes_ask_open,1.0,16,0.64,0.05,0.01,0.6900000000000001,0.0437872848909615,0.0108917394026823,0,kalshi_result,next_candle_open,counterfactual_sizing_sensitivity_no_historical_depth,False,1132.5600000000006,-0.64,-0.6900000000000001,trading_outer_02,edge_0_all_both_1,0.05
250,NYC,2026-05-02,KXHIGHNY-26MAY02,KXHIGHNY-26MAY02-B64.5,2026-05-02 15:45:00+00:00,2026-05-02 15:47:00+00:00,2026-05-09 14:00:00+00:00,2026-05-02 15:00:00+00:00,45.0,0.2149030194703461,BUY_YES,0.03,0.02,kalshi_candlestick,yes_ask_open,2.0,192,5.76,0.4,0.0099999999999999,6.16,0.1749030194703461,0.1239706487003414,0,kalshi_result,next_candle_open,counterfactual_sizing_sensitivity_no_historical_depth,False,1132.5600000000006,-5.76,-6.16,trading_outer_02,edge_0_all_both_1,0.05
254,NYC,2026-05-03,KXHIGHNY-26MAY03,KXHIGHNY-26MAY03-B59.5,2026-05-03 19:45:00+00:00,2026-05-03 19:46:00+00:00,2026-05-10 14:00:00+00:00,2026-05-03 19:00:00+00:00,45.0,0.9551732684256397,BUY_YES,0.81,0.8,kalshi_candlestick,yes_ask_open,1.0,7,5.67,0.08,0.01,5.75,0.1251732684256396,0.0872806358776013,1,kalshi_result,next_candle_open,counterfactual_sizing_sensitivity_no_historical_depth,False,1139.5600000000006,1.33,1.25,trading_outer_02,edge_0_all_both_1,0.05
255,NYC,2026-05-08,KXHIGHNY-26MAY08,KXHIGHNY-26MAY08-B66.5,2026-05-08 13:30:00+00:00,2026-05-08 13:32:00+00:00,2026-05-15 14:00:00+00:00,2026-05-08 13:00:00+00:00,30.0,0.356873031172582,BUY_YES,0.0999999999999999,0.09,kalshi_candlestick,yes_ask_open,2.0,57,5.699999999999994,0.3600000000000057,0.0099999999999999,6.06,0.246873031172582,0.1841889211255568,0,kalshi_result,next_candle_open,counterfactual_sizing_sensitivity_no_historical_depth,False,1125.8400000000006,-5.699999999999994,-6.06,trading_outer_02,edge_0_all_both_1,0.05
258,NYC,2026-05-11,KXHIGHNY-26MAY11,KXHIGHNY-26MAY11-B64.5,2026-05-11 16:45:00+00:00,2026-05-11 16:46:00+00:00,2026-05-18 14:00:00+00:00,2026-05-11 16:00:00+00:00,45.0,0.287288910284823,BUY_YES,0.12,0.11,kalshi_candlestick,yes_ask_open,1.0,47,5.64,0.35,0.0099999999999999,5.989999999999999,0.157288910284823,0.0994470129438489,0,kalshi_result,next_candle_open,counterfactual_sizing_sensitivity_no_historical_depth,False,1112.0500000000006,-5.64,-5.989999999999999,trading_outer_02,edge_0_all_both_1,0.05
262,NYC,2026-05-12,KXHIGHNY-26MAY12,KXHIGHNY-26MAY12-B68.5,2026-05-12 15:25:00+00:00,2026-05-12 15:26:00+00:00,2026-05-19 14:00:00+00:00,2026-05-12 15:00:00+00:00,25.0,0.1864892320215142,BUY_YES,0.0999999999999999,0.09,kalshi_candlestick,yes_ask_open,1.0,18,1.799999999999998,0.1200000000000018,0.0099999999999999,1.92,0.0764892320215142,0.0289125219837693,0,kalshi_result,next_candle_open,counterfactual_sizing_sensitivity_no_historical_depth,False,1112.0500000000006,-1.799999999999998,-1.92,trading_outer_02,edge_0_all_both_1,0.05
266,NYC,2026-05-14,KXHIGHNY-26MAY14,KXHIGHNY-26MAY14-B65.5,2026-05-14 14:15:00+00:00,2026-05-14 14:16:00+00:00,2026-05-21 14:00:00+00:00,2026-05-14 14:00:00+00:00,15.0,0.7066484743795037,BUY_YES,0.51,0.5,kalshi_candlestick,yes_ask_open,1.0,11,5.61,0.2,0.01,5.8100000000000005,0.1766484743795037,0.1106443916562939,1,kalshi_result,next_candle_open,counterfactual_sizing_sensitivity_no_historical_depth,False,1117.0900000000006,5.39,5.1899999999999995,trading_outer_02,edge_0_all_both_1,0.05
268,NYC,2026-05-15,KXHIGHNY-26MAY15,KXHIGHNY-26MAY15-B69.5,2026-05-15 14:00:00+00:00,2026-05-15 14:01:00+00:00,2026-05-22 14:00:00+00:00,2026-05-15 14:00:00+00:00,0.0,0.3829651180845153,BUY_YES,0.0999999999999999,0.09,kalshi_candlestick,yes_ask_open,1.0,56,5.599999999999994,0.3600000000000056,0.0099999999999999,5.96,0.2729651180845153,0.2088564156047277,0,kalshi_result,next_candle_open,counterfactual_sizing_sensitivity_no_historical_depth,False,1117.0900000000006,-5.599999999999994,-5.96,trading_outer_02,edge_0_all_both_1,0.05
276,NYC,2026-05-16,KXHIGHNY-26MAY16,KXHIGHNY-26MAY16-B80.5,2026-05-16 20:15:00+00:00,2026-05-16 20:17:00+00:00,2026-05-23 14:00:00+00:00,2026-05-16 20:00:00+00:00,15.0,0.3375367730881786,BUY_YES,0.09,0.08,kalshi_candlestick,yes_ask_open,2.0,63,5.67,0.37,0.0099999999999999,6.04,0.2375367730881786,0.1760411870143578,1,kalshi_result,next_candle_open,counterfactual_sizing_sensitivity_no_historical_depth,False,1180.0900000000006,57.33,56.96,trading_outer_02,edge_0_all_both_1,0.05
277,NYC,2026-05-17,KXHIGHNY-26MAY17,KXHIGHNY-26MAY17-B85.5,2026-05-17 13:40:00+00:00,2026-05-17 13:41:00+00:00,2026-05-24 14:00:00+00:00,2026-05-17 13:00:00+00:00,40.0,0.2287540728677713,BUY_YES,0.14,0.13,kalshi_candlestick,yes_ask_open,1.0,12,1.6800000000000002,0.11,0.01,1.7900000000000003,0.0787540728677713,0.026329022772655,0,kalshi_result,next_candle_open,counterfactual_sizing_sensitivity_no_historical_depth,False,1180.0900000000006,-1.6800000000000002,-1.7900000000000003,trading_outer_02,edge_0_all_both_1,0.05
279,NYC,2026-05-19,KXHIGHNY-26MAY19,KXHIGHNY-26MAY19-B93.5,2026-05-19 19:40:00+00:00,2026-05-19 19:41:00+00:00,2026-05-26 14:00:00+00:00,2026-05-19 19:00:00+00:00,40.0,0.9198492435215152,BUY_YES,0.85,0.84,kalshi_candlestick,yes_ask_open,1.0,6,5.1,0.06,0.01,5.159999999999999,0.0598492435215153,0.0142357972800478,1,kalshi_result,next_candle_open,counterfactual_sizing_sensitivity_no_historical_depth,False,1186.0900000000006,0.9000000000000004,0.8400000000000007,trading_outer_02,edge_0_all_both_1,0.05
283,NYC,2026-05-20,KXHIGHNY-26MAY20,KXHIGHNY-26MAY20-T96,2026-05-20 13:05:00+00:00,2026-05-20 13:08:00+00:00,2026-05-27 14:00:00+00:00,2026-05-20 13:00:00+00:00,5.0,0.0708990091086074,BUY_YES,0.02,0.01,kalshi_candlestick,yes_ask_open,3.0,37,0.74,0.06,0.01,0.8,0.0408990091086074,0.01299502221487,0,kalshi_result,next_candle_open,counterfactual_sizing_sensitivity_no_historical_depth,False,1186.0900000000006,-0.74,-0.8,trading_outer_02,edge_0_all_both_1,0.05
