snapshot_location,snapshot_target_date,snapshot_prediction_time,snapshot_fetched_at,timestamp,temperature_2m,relative_humidity_2m,dew_point_2m,precipitation,rain,weather_code,surface_pressure,cloud_cover,wind_speed_10m,wind_direction_10m,wind_gusts_10m,nws_station_id,nws_station_name,nws_observation_raw,nws_text_description,nws_6h_max_temp,nws_24h_max_temp,date,target_date,location,source_role,forecast_source,provider_station_id,provider_station_name,provider_units,observed_high_so_far,observed_high_so_far_source_time,precipitation_probability,is_day,nws_forecast_name,nws_short_forecast,nws_detailed_forecast,forecast_issue_time,forecast_high,temperature_2m_min,precipitation_probability_max,wind_speed_10m_max,precipitation_probability_max_period,wind_speed_10m_max_period,diagnostic_name,diagnostic_source_role,status,no_trade_reason,source_time,fetched_at,age_minutes,detail
NYC,2026-09-01,2026-09-01T18:16:09.256353,2026-09-01T18:16:09.256353,2026-09-01 01:51:00,69.08,100.0,69.08,0.11023622047244094,0.11023622047244094,61.0,1018.0,100.0,0.0,0.0,,KNYC,NY City Central Park,KNYC 010551Z AUTO 00000KT 3SM -RA BR OVC016 21/21 A3006 RMK AO2 SLP170 P0011 60014 T02060206 10222 20206 58011 $,Light Rain and Fog/Mist,71.96,,2026-09-01,2026-09-01,NYC,hourly_observations,nws_station_observations,KNYC,NY City Central Park,temperature=F;wind_speed=mph;precipitation=inch;pressure=hPa,69.08,2026-09-01 01:51:00,,,,,,,,,,,,,,,,,,,,
NYC,2026-09-01,2026-09-01T18:16:09.256353,2026-09-01T18:16:09.256353,2026-09-01 02:38:00,69.98,96.971204699707,69.08,0.0,0.0,,1017.6,,0.0,0.0,,KNYC,NY City Central Park,,,,,2026-09-01,2026-09-01,NYC,hourly_observations,nws_station_observations,KNYC,NY City Central Park,temperature=F;wind_speed=mph;precipitation=inch;pressure=hPa,69.98,2026-09-01 02:38:00,,,,,,,,,,,,,,,,,,,,
NYC,2026-09-01,2026-09-01T18:16:09.256353,2026-09-01T18:16:09.256353,2026-09-01 02:51:00,69.98,96.971204699707,69.08,0.01968503937007874,0.01968503937007874,,1017.6,,5.81603256,,,KNYC,NY City Central Park,,,,,2026-09-01,2026-09-01,NYC,hourly_observations,nws_station_observations,KNYC,NY City Central Park,temperature=F;wind_speed=mph;precipitation=inch;pressure=hPa,69.98,2026-09-01 02:51:00,,,,,,,,,,,,,,,,,,,,
NYC,2026-09-01,2026-09-01T18:16:09.256353,2026-09-01T18:16:09.256353,2026-09-01 03:17:00,69.98,100.0,69.98,0.0,0.0,45.0,1017.3,100.0,3.3554034,,,KNYC,NY City Central Park,KNYC 010717Z AUTO VRB03KT 4SM BR OVC010 21/21 A3004 RMK AO2 RAE03 P0000 T02110211 $,Fog/Mist,,,2026-09-01,2026-09-01,NYC,hourly_observations,nws_station_observations,KNYC,NY City Central Park,temperature=F;wind_speed=mph;precipitation=inch;pressure=hPa,69.98,2026-09-01 03:17:00,,,,,,,,,,,,,,,,,,,,
NYC,2026-09-01,2026-09-01T18:16:09.256353,2026-09-01T18:16:09.256353,2026-09-01 03:44:00,69.98,100.0,69.98,0.0,0.0,45.0,1017.3,100.0,3.3554034,,,KNYC,NY City Central Park,KNYC 010744Z AUTO VRB03KT 1 3/4SM BR OVC010 21/21 A3004 RMK AO2 RAE03 P0000 T02110211 $,Fog/Mist,,,2026-09-01,2026-09-01,NYC,hourly_observations,nws_station_observations,KNYC,NY City Central Park,temperature=F;wind_speed=mph;precipitation=inch;pressure=hPa,69.98,2026-09-01 03:44:00,,,,,,,,,,,,,,,,,,,,
NYC,2026-09-01,2026-09-01T18:16:09.256353,2026-09-01T18:16:09.256353,2026-09-01 03:51:00,69.98,100.0,69.98,0.011811023622047244,0.011811023622047244,61.0,1017.3,100.0,0.0,0.0,,KNYC,NY City Central Park,KNYC 010751Z AUTO 00000KT 2SM -RA BR OVC010 21/21 A3004 RMK AO2 RAE03B45 SLP164 P0001 T02110211 $,Light Rain and Fog/Mist,,,2026-09-01,2026-09-01,NYC,hourly_observations,nws_station_observations,KNYC,NY City Central Park,temperature=F;wind_speed=mph;precipitation=inch;pressure=hPa,69.98,2026-09-01 03:51:00,,,,,,,,,,,,,,,,,,,,
NYC,2026-09-01,2026-09-01T18:16:09.256353,2026-09-01T18:16:09.256353,2026-09-01 03:59:00,69.98,100.0,69.98,0.0,0.0,45.0,1017.3,100.0,0.0,0.0,,KNYC,NY City Central Park,KNYC 010759Z AUTO 00000KT 3SM BR OVC010 21/21 A3004 RMK AO2 RAE57 P0000 T02110211 $,Fog/Mist,,,2026-09-01,2026-09-01,NYC,hourly_observations,nws_station_observations,KNYC,NY City Central Park,temperature=F;wind_speed=mph;precipitation=inch;pressure=hPa,69.98,2026-09-01 03:59:00,,,,,,,,,,,,,,,,,,,,
NYC,2026-09-01,2026-09-01T18:16:09.256353,2026-09-01T18:16:09.256353,2026-09-01 04:05:00,69.98,100.0,69.98,0.0,0.0,61.0,1017.3,100.0,0.0,0.0,,KNYC,NY City Central Park,KNYC 010805Z AUTO 00000KT 2 1/2SM -RA BR OVC009 21/21 A3004 RMK AO2 RAE0757B05 P0000 T02110211 $,Light Rain and Fog/Mist,,,2026-09-01,2026-09-01,NYC,hourly_observations,nws_station_observations,KNYC,NY City Central Park,temperature=F;wind_speed=mph;precipitation=inch;pressure=hPa,69.98,2026-09-01 04:05:00,,,,,,,,,,,,,,,,,,,,
NYC,2026-09-01,2026-09-01T18:16:09.256353,2026-09-01T18:16:09.256353,2026-09-01 04:17:00,69.98,100.0,69.98,0.011811023622047244,0.011811023622047244,61.0,1017.3,100.0,0.0,0.0,,KNYC,NY City Central Park,KNYC 010817Z AUTO 00000KT 1 1/4SM -RA BR OVC009 21/21 A3004 RMK AO2 RAE0757B05 P0001 T02110211 $,Light Rain and Fog/Mist,,,2026-09-01,2026-09-01,NYC,hourly_observations,nws_station_observations,KNYC,NY City Central Park,temperature=F;wind_speed=mph;precipitation=inch;pressure=hPa,69.98,2026-09-01 04:17:00,,,,,,,,,,,,,,,,,,,,
NYC,2026-09-01,2026-09-01T18:16:09.256353,2026-09-01T18:16:09.256353,2026-09-01 04:27:00,69.98,100.0,69.98,0.01968503937007874,0.01968503937007874,45.0,1017.3,100.0,0.0,0.0,,KNYC,NY City Central Park,KNYC 010827Z AUTO 00000KT 3SM BR OVC011 21/21 A3004 RMK AO2 RAE0757B05E26 P0002 T02110211 $,Fog/Mist,,,2026-09-01,2026-09-01,NYC,hourly_observations,nws_station_observations,KNYC,NY City Central Park,temperature=F;wind_speed=mph;precipitation=inch;pressure=hPa,69.98,2026-09-01 04:27:00,,,,,,,,,,,,,,,,,,,,
NYC,2026-09-01,2026-09-01T18:16:09.256353,2026-09-01T18:16:09.256353,2026-09-01 04:34:00,69.98,100.0,69.98,0.01968503937007874,0.01968503937007874,45.0,1017.3,100.0,0.0,0.0,,KNYC,NY City Central Park,KNYC 010834Z AUTO 00000KT 2 1/2SM BR OVC011 21/21 A3004 RMK AO2 VIS 1 1/2V3 RAE0757B05E26 P0002 T02110211 $,Fog/Mist,,,2026-09-01,2026-09-01,NYC,hourly_observations,nws_station_observations,KNYC,NY City Central Park,temperature=F;wind_speed=mph;precipitation=inch;pressure=hPa,69.98,2026-09-01 04:34:00,,,,,,,,,,,,,,,,,,,,
NYC,2026-09-01,2026-09-01T18:16:09.256353,2026-09-01T18:16:09.256353,2026-09-01 04:51:00,69.98,100.0,69.98,0.01968503937007874,0.01968503937007874,45.0,1017.3,75.0,0.0,0.0,,KNYC,NY City Central Park,KNYC 010851Z AUTO 00000KT 3SM BR BKN011 21/21 A3004 RMK AO2 RAE0757B05E26 SLP162 P0002 60005 T02110211 56008 $,Fog/Mist,,,2026-09-01,2026-09-01,NYC,hourly_observations,nws_station_observations,KNYC,NY City Central Park,temperature=F;wind_speed=mph;precipitation=inch;pressure=hPa,69.98,2026-09-01 04:51:00,,,,,,,,,,,,,,,,,,,,
NYC,2026-09-01,2026-09-01T18:16:09.256353,2026-09-01T18:16:09.256353,2026-09-01 05:36:00,71.06,96.391324649724,69.98,,,,1016.6,,0.0,0.0,,KNYC,NY City Central Park,,,,,2026-09-01,2026-09-01,NYC,hourly_observations,nws_station_observations,KNYC,NY City Central Park,temperature=F;wind_speed=mph;precipitation=inch;pressure=hPa,71.06,2026-09-01 05:36:00,,,,,,,,,,,,,,,,,,,,
NYC,2026-09-01,2026-09-01T18:16:09.256353,2026-09-01T18:16:09.256353,2026-09-01 05:48:00,69.8,100.0,69.8,,,,1016.9,,0.0,0.0,,KNYC,NY City Central Park,,,,,2026-09-01,2026-09-01,NYC,hourly_observations,nws_station_observations,KNYC,NY City Central Park,temperature=F;wind_speed=mph;precipitation=inch;pressure=hPa,71.06,2026-09-01 05:36:00,,,,,,,,,,,,,,,,,,,,
NYC,2026-09-01,2026-09-01T18:16:09.256353,2026-09-01T18:16:09.256353,2026-09-01 05:51:00,71.06,96.391324649724,69.98,,,,1016.9,,0.0,0.0,,KNYC,NY City Central Park,,,,,2026-09-01,2026-09-01,NYC,hourly_observations,nws_station_observations,KNYC,NY City Central Park,temperature=F;wind_speed=mph;precipitation=inch;pressure=hPa,71.06,2026-09-01 05:51:00,,,,,,,,,,,,,,,,,,,,
NYC,2026-09-01,2026-09-01T18:16:09.256353,2026-09-01T18:16:09.256353,2026-09-01 06:11:00,71.06,96.391324649724,69.98,,,,1016.9,,0.0,0.0,,KNYC,NY City Central Park,,,,,2026-09-01,2026-09-01,NYC,hourly_observations,nws_station_observations,KNYC,NY City Central Park,temperature=F;wind_speed=mph;precipitation=inch;pressure=hPa,71.06,2026-09-01 06:11:00,,,,,,,,,,,,,,,,,,,,
NYC,2026-09-01,2026-09-01T18:16:09.256353,2026-09-01T18:16:09.256353,2026-09-01 06:32:00,71.06,96.391324649724,69.98,,,,1016.9,,0.0,0.0,,KNYC,NY City Central Park,,,,,2026-09-01,2026-09-01,NYC,hourly_observations,nws_station_observations,KNYC,NY City Central Park,temperature=F;wind_speed=mph;precipitation=inch;pressure=hPa,71.06,2026-09-01 06:32:00,,,,,,,,,,,,,,,,,,,,
NYC,2026-09-01,2026-09-01T18:16:09.256353,2026-09-01T18:16:09.256353,2026-09-01 06:48:00,71.6,100.0,71.6,,,,1016.9,,0.0,0.0,,KNYC,NY City Central Park,,,,,2026-09-01,2026-09-01,NYC,hourly_observations,nws_station_observations,KNYC,NY City Central Park,temperature=F;wind_speed=mph;precipitation=inch;pressure=hPa,71.6,2026-09-01 06:48:00,,,,,,,,,,,,,,,,,,,,
NYC,2026-09-01,2026-09-01T18:16:09.256353,2026-09-01T18:16:09.256353,2026-09-01 06:51:00,71.06,100.0,71.06,,,,1016.9,,0.0,0.0,,KNYC,NY City Central Park,,,,,2026-09-01,2026-09-01,NYC,hourly_observations,nws_station_observations,KNYC,NY City Central Park,temperature=F;wind_speed=mph;precipitation=inch;pressure=hPa,71.6,2026-09-01 06:48:00,,,,,,,,,,,,,,,,,,,,
NYC,2026-09-01,2026-09-01T18:16:09.256353,2026-09-01T18:16:09.256353,2026-09-01 07:01:00,71.06,100.0,71.06,,,45.0,1017.3,100.0,,,,KNYC,NY City Central Park,KNYC 011101Z AUTO 1 1/2SM BR FEW010 BKN075 OVC090 22/22 A3004 RMK AO2 T02170217 $,Fog/Mist,,,2026-09-01,2026-09-01,NYC,hourly_observations,nws_station_observations,KNYC,NY City Central Park,temperature=F;wind_speed=mph;precipitation=inch;pressure=hPa,71.6,2026-09-01 06:48:00,,,,,,,,,,,,,,,,,,,,
NYC,2026-09-01,2026-09-01T18:16:09.256353,2026-09-01T18:16:09.256353,2026-09-01 07:28:00,71.06,100.0,71.06,,,45.0,1016.9,75.0,0.0,0.0,,KNYC,NY City Central Park,KNYC 011128Z AUTO 00000KT 2 1/2SM BR FEW048 BKN075 BKN110 22/22 A3003 RMK AO2 VIS 2V4 T02170217 $,Fog/Mist,,,2026-09-01,2026-09-01,NYC,hourly_observations,nws_station_observations,KNYC,NY City Central Park,temperature=F;wind_speed=mph;precipitation=inch;pressure=hPa,71.6,2026-09-01 06:48:00,,,,,,,,,,,,,,,,,,,,
NYC,2026-09-01,2026-09-01T18:16:09.256353,2026-09-01T18:16:09.256353,2026-09-01 07:51:00,71.96,96.995917432868,71.06,0.0,0.0,61.0,1016.9,100.0,0.0,0.0,,KNYC,NY City Central Park,KNYC 011151Z AUTO 00000KT 1 3/4SM -RA BR FEW012 BKN090 OVC110 22/22 A3003 RMK AO2 RAB33 SLP161 P0000 60005 70019 T02220217 10222 20206 51002 $,Light Rain and Fog/Mist,71.96,,2026-09-01,2026-09-01,NYC,hourly_observations,nws_station_observations,KNYC,NY City Central Park,temperature=F;wind_speed=mph;precipitation=inch;pressure=hPa,71.96,2026-09-01 07:51:00,,,,,,,,,,,,,,,,,,,,
NYC,2026-09-01,2026-09-01T18:16:09.256353,2026-09-01T18:16:09.256353,2026-09-01 08:37:00,73.04,96.420620165542,71.96,0.0,0.0,,1016.6,,0.0,0.0,,KNYC,NY City Central Park,,,,,2026-09-01,2026-09-01,NYC,hourly_observations,nws_station_observations,KNYC,NY City Central Park,temperature=F;wind_speed=mph;precipitation=inch;pressure=hPa,73.04,2026-09-01 08:37:00,,,,,,,,,,,,,,,,,,,,
NYC,2026-09-01,2026-09-01T18:16:09.256353,2026-09-01T18:16:09.256353,2026-09-01 08:51:00,73.04,100.0,73.04,0.0,0.0,,1016.9,,0.0,0.0,,KNYC,NY City Central Park,,,,,2026-09-01,2026-09-01,NYC,hourly_observations,nws_station_observations,KNYC,NY City Central Park,temperature=F;wind_speed=mph;precipitation=inch;pressure=hPa,73.04,2026-09-01 08:51:00,,,,,,,,,,,,,,,,,,,,
NYC,2026-09-01,2026-09-01T18:16:09.256353,2026-09-01T18:16:09.256353,2026-09-01 09:00:00,73.94,97.020330498259,73.04,,,,1016.6,,0.0,0.0,,KNYC,NY City Central Park,,,,,2026-09-01,2026-09-01,NYC,hourly_observations,nws_station_observations,KNYC,NY City Central Park,temperature=F;wind_speed=mph;precipitation=inch;pressure=hPa,73.94,2026-09-01 09:00:00,,,,,,,,,,,,,,,,,,,,
NYC,2026-09-01,2026-09-01T18:16:09.256353,2026-09-01T18:16:09.256353,2026-09-01 09:48:00,73.4,100.0,73.4,,,45.0,1016.6,75.0,0.0,0.0,,KNYC,NY City Central Park,KNYC 011348Z AUTO 00000KT 3SM BR FEW010 FEW065 BKN095 23/23 A3002 RMK AO2 $,Fog/Mist,,,2026-09-01,2026-09-01,NYC,hourly_observations,nws_station_observations,KNYC,NY City Central Park,temperature=F;wind_speed=mph;precipitation=inch;pressure=hPa,73.94,2026-09-01 09:00:00,,,,,,,,,,,,,,,,,,,,
NYC,2026-09-01,2026-09-01T18:16:09.256353,2026-09-01T18:16:09.256353,2026-09-01 09:51:00,73.94,93.54760435308,71.96,,,45.0,1016.6,75.0,0.0,0.0,,KNYC,NY City Central Park,KNYC 011351Z AUTO 00000KT 3SM BR FEW010 FEW065 BKN095 23/22 A3002 RMK AO2 SLP157 T02330222 $,Fog/Mist,,,2026-09-01,2026-09-01,NYC,hourly_observations,nws_station_observations,KNYC,NY City Central Park,temperature=F;wind_speed=mph;precipitation=inch;pressure=hPa,73.94,2026-09-01 09:51:00,,,,,,,,,,,,,,,,,,,,
NYC,2026-09-01,2026-09-01T18:16:09.256353,2026-09-01T18:16:09.256353,2026-09-01 10:33:00,73.94,97.020330498259,73.04,0.0,0.0,61.0,1016.9,100.0,0.0,0.0,,KNYC,NY City Central Park,KNYC 011433Z AUTO 00000KT 1 3/4SM -RA BR FEW047 BKN060 OVC100 23/23 A3003 RMK AO2 RAB27 P0000 T02330228 $,Light Rain and Fog/Mist,,,2026-09-01,2026-09-01,NYC,hourly_observations,nws_station_observations,KNYC,NY City Central Park,temperature=F;wind_speed=mph;precipitation=inch;pressure=hPa,73.94,2026-09-01 10:33:00,,,,,,,,,,,,,,,,,,,,
NYC,2026-09-01,2026-09-01T18:16:09.256353,2026-09-01T18:16:09.256353,2026-09-01 10:48:00,73.4,100.0,73.4,0.011811023622047244,0.011811023622047244,61.0,1017.3,75.0,0.0,0.0,,KNYC,NY City Central Park,KNYC 011448Z AUTO 00000KT 2 1/2SM -RA BR FEW024 SCT049 BKN100 23/23 A3004 RMK AO2 RAB27 P0001 $,Light Rain and Fog/Mist,,,2026-09-01,2026-09-01,NYC,hourly_observations,nws_station_observations,KNYC,NY City Central Park,temperature=F;wind_speed=mph;precipitation=inch;pressure=hPa,73.94,2026-09-01 10:33:00,,,,,,,,,,,,,,,,,,,,
NYC,2026-09-01,2026-09-01T18:16:09.256353,2026-09-01T18:16:09.256353,2026-09-01 10:51:00,73.94,97.020330498259,73.04,0.011811023622047244,0.011811023622047244,45.0,1017.3,75.0,3.3554034,,,KNYC,NY City Central Park,KNYC 011451Z AUTO VRB03KT 2 1/2SM BR FEW026 SCT065 BKN100 23/23 A3004 RMK AO2 RAB27E50 SLP162 P0001 60001 T02330228 53004 $,Fog/Mist,,,2026-09-01,2026-09-01,NYC,hourly_observations,nws_station_observations,KNYC,NY City Central Park,temperature=F;wind_speed=mph;precipitation=inch;pressure=hPa,73.94,2026-09-01 10:51:00,,,,,,,,,,,,,,,,,,,,
NYC,2026-09-01,2026-09-01T18:16:09.256353,2026-09-01T18:16:09.256353,2026-09-01 11:02:00,73.04,96.420620165542,71.96,0.0,0.0,61.0,1017.3,75.0,0.0,0.0,,KNYC,NY City Central Park,KNYC 011502Z AUTO 00000KT 1 1/2SM -RA BR FEW013 SCT034 BKN110 23/22 A3004 RMK AO2 RAB1459 P0000 T02280222 $,Light Rain and Fog/Mist,,,2026-09-01,2026-09-01,NYC,hourly_observations,nws_station_observations,KNYC,NY City Central Park,temperature=F;wind_speed=mph;precipitation=inch;pressure=hPa,73.94,2026-09-01 10:51:00,,,,,,,,,,,,,,,,,,,,
NYC,2026-09-01,2026-09-01T18:16:09.256353,2026-09-01T18:16:09.256353,2026-09-01 11:39:00,73.04,100.0,73.04,0.05118110236220473,0.05118110236220473,61.0,1017.3,100.0,0.0,0.0,,KNYC,NY City Central Park,KNYC 011539Z AUTO 00000KT 3/4SM -RA BR FEW065 BKN085 OVC110 23/23 A3004 RMK AO2 RAB1459 P0005 T02280228 $,Light Rain and Fog/Mist,,,2026-09-01,2026-09-01,NYC,hourly_observations,nws_station_observations,KNYC,NY City Central Park,temperature=F;wind_speed=mph;precipitation=inch;pressure=hPa,73.94,2026-09-01 10:51:00,,,,,,,,,,,,,,,,,,,,
NYC,2026-09-01,2026-09-01T18:16:09.256353,2026-09-01T18:16:09.256353,2026-09-01 11:51:00,73.04,100.0,73.04,0.07874015748031496,0.07874015748031496,61.0,1016.6,100.0,0.0,0.0,,KNYC,NY City Central Park,KNYC 011551Z AUTO 00000KT 1SM -RA BR FEW044 BKN080 OVC090 23/23 A3002 RMK AO2 RAB1459 SLP158 P0008 T02280228 $,Light Rain and Fog/Mist,,,2026-09-01,2026-09-01,NYC,hourly_observations,nws_station_observations,KNYC,NY City Central Park,temperature=F;wind_speed=mph;precipitation=inch;pressure=hPa,73.94,2026-09-01 10:51:00,,,,,,,,,,,,,,,,,,,,
NYC,2026-09-01,2026-09-01T18:16:09.256353,2026-09-01T18:16:09.256353,2026-09-01 11:59:00,73.04,100.0,73.04,0.0,0.0,61.0,1016.6,100.0,0.0,0.0,,KNYC,NY City Central Park,KNYC 011559Z AUTO 00000KT 1/2SM -RA FG FEW043 SCT060 OVC095 23/23 A3002 RMK AO2 P0000 T02280228 $,Light Rain and Fog,,,2026-09-01,2026-09-01,NYC,hourly_observations,nws_station_observations,KNYC,NY City Central Park,temperature=F;wind_speed=mph;precipitation=inch;pressure=hPa,73.94,2026-09-01 10:51:00,,,,,,,,,,,,,,,,,,,,
NYC,2026-09-01,2026-09-01T18:16:09.256353,2026-09-01T18:16:09.256353,2026-09-01 12:47:00,75.2,100.0,75.2,0.011811023622047244,0.011811023622047244,45.0,1015.9,75.0,0.0,0.0,,KNYC,NY City Central Park,KNYC 011647Z AUTO 00000KT 1 1/4SM BR BKN090 24/24 A3000 RMK AO2 RAE31 P0001 $,Fog/Mist,,,2026-09-01,2026-09-01,NYC,hourly_observations,nws_station_observations,KNYC,NY City Central Park,temperature=F;wind_speed=mph;precipitation=inch;pressure=hPa,75.2,2026-09-01 12:47:00,,,,,,,,,,,,,,,,,,,,
NYC,2026-09-01,2026-09-01T18:16:09.256353,2026-09-01T18:16:09.256353,2026-09-01 12:51:00,75.92,97.044448695867,75.02,0.011811023622047244,0.011811023622047244,45.0,1015.9,75.0,0.0,0.0,,KNYC,NY City Central Park,KNYC 011651Z AUTO 00000KT 1 1/2SM BR BKN090 24/24 A3000 RMK AO2 VIS 1V3 RAE31 SLP149 P0001 T02440239 $,Fog/Mist,,,2026-09-01,2026-09-01,NYC,hourly_observations,nws_station_observations,KNYC,NY City Central Park,temperature=F;wind_speed=mph;precipitation=inch;pressure=hPa,75.92,2026-09-01 12:51:00,,,,,,,,,,,,,,,,,,,,
NYC,2026-09-01,2026-09-01T18:16:09.256353,2026-09-01T18:16:09.256353,2026-09-01 12:58:00,75.92,97.044448695867,75.02,,,45.0,1015.9,75.0,0.0,0.0,,KNYC,NY City Central Park,KNYC 011658Z AUTO 00000KT 3SM BR BKN085 24/24 A3000 RMK AO2 T02440239 $,Fog/Mist,,,2026-09-01,2026-09-01,NYC,hourly_observations,nws_station_observations,KNYC,NY City Central Park,temperature=F;wind_speed=mph;precipitation=inch;pressure=hPa,75.92,2026-09-01 12:58:00,,,,,,,,,,,,,,,,,,,,
NYC,2026-09-01,2026-09-01T18:16:09.256353,2026-09-01T18:16:09.256353,2026-09-01 13:08:00,75.02,96.449562600165,73.94,,,,1015.9,,4.69756476,240.0,,KNYC,NY City Central Park,,,,,2026-09-01,2026-09-01,NYC,hourly_observations,nws_station_observations,KNYC,NY City Central Park,temperature=F;wind_speed=mph;precipitation=inch;pressure=hPa,75.92,2026-09-01 12:58:00,,,,,,,,,,,,,,,,,,,,
NYC,2026-09-01,2026-09-01T18:16:09.256353,2026-09-01T18:16:09.256353,2026-09-01 13:46:00,77.0,94.191011834057,75.2,0.011811023622047244,0.011811023622047244,61.0,1014.9,75.0,0.0,0.0,,KNYC,NY City Central Park,KNYC 011746Z AUTO 00000KT 4SM -RA BR FEW032 SCT075 BKN095 25/24 A2997 RMK AO2 RAB13 P0001 $,Light Rain and Fog/Mist,,,2026-09-01,2026-09-01,NYC,hourly_observations,nws_station_observations,KNYC,NY City Central Park,temperature=F;wind_speed=mph;precipitation=inch;pressure=hPa,77.0,2026-09-01 13:46:00,,,,,,,,,,,,,,,,,,,,
NYC,2026-09-01,2026-09-01T18:16:09.256353,2026-09-01T18:16:09.256353,2026-09-01 13:51:00,78.08,90.343779336786,75.02,0.011811023622047244,0.011811023622047244,45.0,1015.2,40.0,3.3554034,40.0,,KNYC,NY City Central Park,KNYC 011751Z AUTO 04003KT 5SM BR FEW035 SCT095 SCT110 26/24 A2998 RMK AO2 RAB13E49 SLP140 P0001 60011 T02560239 10256 20217 55007 $,Fog/Mist,78.08,,2026-09-01,2026-09-01,NYC,hourly_observations,nws_station_observations,KNYC,NY City Central Park,temperature=F;wind_speed=mph;precipitation=inch;pressure=hPa,78.08,2026-09-01 13:51:00,,,,,,,,,,,,,,,,,,,,
NYC,2026-09-01,2026-09-01T18:16:09.256353,2026-09-01T18:16:09.256353,2026-09-01 14:51:00,78.98,82.07222228655,73.04,,,45.0,1014.9,100.0,0.0,0.0,,KNYC,NY City Central Park,KNYC 011851Z AUTO 00000KT 6SM HZ OVC075 26/23 A2997 RMK AO2 SLP140 T02610228 $,Haze,,,2026-09-01,2026-09-01,NYC,hourly_observations,nws_station_observations,KNYC,NY City Central Park,temperature=F;wind_speed=mph;precipitation=inch;pressure=hPa,78.98,2026-09-01 14:51:00,,,,,,,,,,,,,,,,,,,,
NYC,2026-09-01,2026-09-01T18:16:09.256353,2026-09-01T18:16:09.256353,2026-09-01 15:23:00,80.06,81.650399071867,73.94,,,45.0,1015.2,100.0,0.0,0.0,,KNYC,NY City Central Park,KNYC 011923Z AUTO 00000KT 6SM HZ BKN023 OVC075 27/23 A2998 RMK AO2 T02670233 $,Haze,,,2026-09-01,2026-09-01,NYC,hourly_observations,nws_station_observations,KNYC,NY City Central Park,temperature=F;wind_speed=mph;precipitation=inch;pressure=hPa,80.06,2026-09-01 15:23:00,,,,,,,,,,,,,,,,,,,,
NYC,2026-09-01,2026-09-01T18:16:09.256353,2026-09-01T18:16:09.256353,2026-09-01 15:37:00,80.06,81.650399071867,73.94,,,45.0,1014.9,75.0,0.0,0.0,,KNYC,NY City Central Park,KNYC 011937Z AUTO 00000KT 6SM HZ SCT023 BKN065 27/23 A2997 RMK AO2 T02670233 $,Haze,,,2026-09-01,2026-09-01,NYC,hourly_observations,nws_station_observations,KNYC,NY City Central Park,temperature=F;wind_speed=mph;precipitation=inch;pressure=hPa,80.06,2026-09-01 15:37:00,,,,,,,,,,,,,,,,,,,,
NYC,2026-09-01,2026-09-01T18:16:09.256353,2026-09-01T18:16:09.256353,2026-09-01 15:51:00,80.96,82.204878680505,75.02,,,45.0,1014.9,75.0,0.0,0.0,,KNYC,NY City Central Park,KNYC 011951Z AUTO 00000KT 6SM HZ FEW023 BKN065 27/24 A2997 RMK AO2 SLP137 T02720239 $,Haze,,,2026-09-01,2026-09-01,NYC,hourly_observations,nws_station_observations,KNYC,NY City Central Park,temperature=F;wind_speed=mph;precipitation=inch;pressure=hPa,80.96,2026-09-01 15:51:00,,,,,,,,,,,,,,,,,,,,
NYC,2026-09-01,2026-09-01T18:16:09.256353,2026-09-01T18:16:09.256353,2026-09-01 16:51:00,80.06,81.650399071867,73.94,,,2.0,1014.9,75.0,8.05296816,80.0,,KNYC,NY City Central Park,KNYC 012051Z AUTO 08007KT 5SM HZ SCT027 BKN032 BKN040 27/23 A2997 RMK AO2 SLP137 T02670233 56003 $,Mostly Cloudy,,,2026-09-01,2026-09-01,NYC,hourly_observations,nws_station_observations,KNYC,NY City Central Park,temperature=F;wind_speed=mph;precipitation=inch;pressure=hPa,80.96,2026-09-01 15:51:00,,,,,,,,,,,,,,,,,,,,
NYC,2026-09-01,2026-09-01T18:16:09.256353,2026-09-01T18:16:09.256353,2026-09-01 17:02:00,78.98,84.592808399084,73.94,,,2.0,1014.9,100.0,4.69756476,50.0,,KNYC,NY City Central Park,KNYC 012102Z AUTO 05004KT 4SM HZ BKN029 OVC036 26/23 A2997 RMK AO2 T02610233 $,Cloudy,,,2026-09-01,2026-09-01,NYC,hourly_observations,nws_station_observations,KNYC,NY City Central Park,temperature=F;wind_speed=mph;precipitation=inch;pressure=hPa,80.96,2026-09-01 15:51:00,,,,,,,,,,,,,,,,,,,,
NYC,2026-09-01,2026-09-01T18:16:09.256353,2026-09-01T18:16:09.256353,2026-09-01 17:16:00,78.08,87.136180006788,73.94,,,2.0,1014.9,100.0,0.0,0.0,,KNYC,NY City Central Park,KNYC 012116Z AUTO 00000KT 4SM BR SCT027 BKN033 OVC047 26/23 A2997 RMK AO2 T02560233 $,Cloudy,,,2026-09-01,2026-09-01,NYC,hourly_observations,nws_station_observations,KNYC,NY City Central Park,temperature=F;wind_speed=mph;precipitation=inch;pressure=hPa,80.96,2026-09-01 15:51:00,,,,,,,,,,,,,,,,,,,,
NYC,2026-09-01,2026-09-01T18:16:09.256353,2026-09-01T18:16:09.256353,2026-09-01 17:51:00,77.0,90.302538889004,73.94,0.0,0.0,61.0,1014.9,100.0,8.05296816,70.0,,KNYC,NY City Central Park,KNYC 012151Z AUTO 07007KT 3SM -RA BR SCT031 BKN039 OVC065 25/23 A2997 RMK AO2 RAB42 SLP138 P0000 T02500233 $,Light Rain and Fog/Mist,,,2026-09-01,2026-09-01,NYC,hourly_observations,nws_station_observations,KNYC,NY City Central Park,temperature=F;wind_speed=mph;precipitation=inch;pressure=hPa,80.96,2026-09-01 15:51:00,,,,,,,,,,,,,,,,,,,,
NYC,2026-09-01,2026-09-01T18:16:09.256353,2026-09-01T18:16:09.256353,2026-09-01 17:00:00,80.0,79.0,73.0,0.0,0.0,95.0,,,6.0,0.0,,,,,,,,2026-09-01,2026-09-01,NYC,hourly_forecasts,nws_gridpoint_forecast,,,temperature=F;wind_speed=mph;precipitation_probability=percent,,,86.0,1.0,,Showers And Thunderstorms,,2026-09-01 16:34:38,,,,,,,,,,,,,,
NYC,2026-09-01,2026-09-01T18:16:09.256353,2026-09-01T18:16:09.256353,2026-09-01 18:00:00,79.0,82.0,73.0,0.0,0.0,95.0,,,6.0,45.0,,,,,,,,2026-09-01,2026-09-01,NYC,hourly_forecasts,nws_gridpoint_forecast,,,temperature=F;wind_speed=mph;precipitation_probability=percent,,,86.0,0.0,,Showers And Thunderstorms,,2026-09-01 16:34:38,,,,,,,,,,,,,,
NYC,2026-09-01,2026-09-01T18:16:09.256353,2026-09-01T18:16:09.256353,2026-09-01 19:00:00,77.0,85.0,72.0,0.0,0.0,95.0,,,5.0,90.0,,,,,,,,2026-09-01,2026-09-01,NYC,hourly_forecasts,nws_gridpoint_forecast,,,temperature=F;wind_speed=mph;precipitation_probability=percent,,,86.0,0.0,,Showers And Thunderstorms,,2026-09-01 16:34:38,,,,,,,,,,,,,,
NYC,2026-09-01,2026-09-01T18:16:09.256353,2026-09-01T18:16:09.256353,2026-09-01 20:00:00,75.0,90.0,72.0,0.0,0.0,95.0,,,3.0,90.0,,,,,,,,2026-09-01,2026-09-01,NYC,hourly_forecasts,nws_gridpoint_forecast,,,temperature=F;wind_speed=mph;precipitation_probability=percent,,,55.0,0.0,,Showers And Thunderstorms Likely,,2026-09-01 16:34:38,,,,,,,,,,,,,,
NYC,2026-09-01,2026-09-01T18:16:09.256353,2026-09-01T18:16:09.256353,2026-09-01 21:00:00,74.0,90.0,71.0,0.0,0.0,95.0,,,3.0,45.0,,,,,,,,2026-09-01,2026-09-01,NYC,hourly_forecasts,nws_gridpoint_forecast,,,temperature=F;wind_speed=mph;precipitation_probability=percent,,,55.0,0.0,,Showers And Thunderstorms Likely,,2026-09-01 16:34:38,,,,,,,,,,,,,,
NYC,2026-09-01,2026-09-01T18:16:09.256353,2026-09-01T18:16:09.256353,2026-09-01 22:00:00,74.0,87.0,70.0,0.0,0.0,95.0,,,5.0,90.0,,,,,,,,2026-09-01,2026-09-01,NYC,hourly_forecasts,nws_gridpoint_forecast,,,temperature=F;wind_speed=mph;precipitation_probability=percent,,,55.0,0.0,,Showers And Thunderstorms Likely,,2026-09-01 16:34:38,,,,,,,,,,,,,,
NYC,2026-09-01,2026-09-01T18:16:09.256353,2026-09-01T18:16:09.256353,2026-09-01 23:00:00,73.0,90.0,70.0,0.0,0.0,2.0,,75.0,6.0,45.0,,,,,,,,2026-09-01,2026-09-01,NYC,hourly_forecasts,nws_gridpoint_forecast,,,temperature=F;wind_speed=mph;precipitation_probability=percent,,,7.0,0.0,,Mostly Cloudy,,2026-09-01 16:34:38,,,,,,,,,,,,,,
NYC,2026-09-01,2026-09-01T18:16:09.256353,2026-09-01T18:16:09.256353,2026-09-02 00:00:00,72.0,90.0,69.0,0.0,0.0,2.0,,75.0,7.0,45.0,,,,,,,,2026-09-02,2026-09-02,NYC,hourly_forecasts,nws_gridpoint_forecast,,,temperature=F;wind_speed=mph;precipitation_probability=percent,,,7.0,0.0,,Mostly Cloudy,,2026-09-01 16:34:38,,,,,,,,,,,,,,
NYC,2026-09-01,2026-09-01T18:16:09.256353,2026-09-01T18:16:09.256353,2026-09-02 01:00:00,72.0,87.0,68.0,0.0,0.0,2.0,,100.0,7.0,45.0,,,,,,,,2026-09-02,2026-09-02,NYC,hourly_forecasts,nws_gridpoint_forecast,,,temperature=F;wind_speed=mph;precipitation_probability=percent,,,7.0,0.0,,Cloudy,,2026-09-01 16:34:38,,,,,,,,,,,,,,
NYC,2026-09-01,2026-09-01T18:16:09.256353,2026-09-01T18:16:09.256353,2026-09-02 02:00:00,71.0,90.0,68.0,0.0,0.0,2.0,,75.0,7.0,45.0,,,,,,,,2026-09-02,2026-09-02,NYC,hourly_forecasts,nws_gridpoint_forecast,,,temperature=F;wind_speed=mph;precipitation_probability=percent,,,3.0,0.0,,Mostly Cloudy,,2026-09-01 16:34:38,,,,,,,,,,,,,,
NYC,2026-09-01,2026-09-01T18:16:09.256353,2026-09-01T18:16:09.256353,2026-09-02 03:00:00,71.0,87.0,67.0,0.0,0.0,2.0,,100.0,7.0,45.0,,,,,,,,2026-09-02,2026-09-02,NYC,hourly_forecasts,nws_gridpoint_forecast,,,temperature=F;wind_speed=mph;precipitation_probability=percent,,,3.0,0.0,,Cloudy,,2026-09-01 16:34:38,,,,,,,,,,,,,,
NYC,2026-09-01,2026-09-01T18:16:09.256353,2026-09-01T18:16:09.256353,2026-09-02 04:00:00,70.0,90.0,67.0,0.0,0.0,2.0,,75.0,7.0,45.0,,,,,,,,2026-09-02,2026-09-02,NYC,hourly_forecasts,nws_gridpoint_forecast,,,temperature=F;wind_speed=mph;precipitation_probability=percent,,,3.0,0.0,,Mostly Cloudy,,2026-09-01 16:34:38,,,,,,,,,,,,,,
NYC,2026-09-01,2026-09-01T18:16:09.256353,2026-09-01T18:16:09.256353,2026-09-02 05:00:00,70.0,90.0,67.0,0.0,0.0,2.0,,100.0,8.0,45.0,,,,,,,,2026-09-02,2026-09-02,NYC,hourly_forecasts,nws_gridpoint_forecast,,,temperature=F;wind_speed=mph;precipitation_probability=percent,,,0.0,0.0,,Cloudy,,2026-09-01 16:34:38,,,,,,,,,,,,,,
NYC,2026-09-01,2026-09-01T18:16:09.256353,2026-09-01T18:16:09.256353,2026-09-02 06:00:00,69.0,90.0,66.0,0.0,0.0,2.0,,100.0,7.0,45.0,,,,,,,,2026-09-02,2026-09-02,NYC,hourly_forecasts,nws_gridpoint_forecast,,,temperature=F;wind_speed=mph;precipitation_probability=percent,,,0.0,1.0,,Cloudy,,2026-09-01 16:34:38,,,,,,,,,,,,,,
NYC,2026-09-01,2026-09-01T18:16:09.256353,2026-09-01T18:16:09.256353,2026-09-02 07:00:00,69.0,90.0,66.0,0.0,0.0,2.0,,100.0,7.0,45.0,,,,,,,,2026-09-02,2026-09-02,NYC,hourly_forecasts,nws_gridpoint_forecast,,,temperature=F;wind_speed=mph;precipitation_probability=percent,,,0.0,1.0,,Cloudy,,2026-09-01 16:34:38,,,,,,,,,,,,,,
NYC,2026-09-01,2026-09-01T18:16:09.256353,2026-09-01T18:16:09.256353,2026-09-02 08:00:00,70.0,87.0,66.0,0.0,0.0,2.0,,75.0,7.0,45.0,,,,,,,,2026-09-02,2026-09-02,NYC,hourly_forecasts,nws_gridpoint_forecast,,,temperature=F;wind_speed=mph;precipitation_probability=percent,,,10.0,1.0,,Mostly Cloudy,,2026-09-01 16:34:38,,,,,,,,,,,,,,
NYC,2026-09-01,2026-09-01T18:16:09.256353,2026-09-01T18:16:09.256353,2026-09-02 09:00:00,70.0,87.0,66.0,0.0,0.0,2.0,,75.0,8.0,45.0,,,,,,,,2026-09-02,2026-09-02,NYC,hourly_forecasts,nws_gridpoint_forecast,,,temperature=F;wind_speed=mph;precipitation_probability=percent,,,10.0,1.0,,Mostly Cloudy,,2026-09-01 16:34:38,,,,,,,,,,,,,,
NYC,2026-09-01,2026-09-01T18:16:09.256353,2026-09-01T18:16:09.256353,2026-09-02 10:00:00,71.0,87.0,67.0,0.0,0.0,2.0,,100.0,8.0,90.0,,,,,,,,2026-09-02,2026-09-02,NYC,hourly_forecasts,nws_gridpoint_forecast,,,temperature=F;wind_speed=mph;precipitation_probability=percent,,,10.0,1.0,,Cloudy,,2026-09-01 16:34:38,,,,,,,,,,,,,,
NYC,2026-09-01,2026-09-01T18:16:09.256353,2026-09-01T18:16:09.256353,2026-09-02 11:00:00,72.0,84.0,67.0,0.0,0.0,61.0,,,8.0,90.0,,,,,,,,2026-09-02,2026-09-02,NYC,hourly_forecasts,nws_gridpoint_forecast,,,temperature=F;wind_speed=mph;precipitation_probability=percent,,,16.0,1.0,,Slight Chance Rain Showers,,2026-09-01 16:34:38,,,,,,,,,,,,,,
NYC,2026-09-01,2026-09-01T18:16:09.256353,2026-09-01T18:16:09.256353,2026-09-02 12:00:00,73.0,81.0,67.0,0.0,0.0,61.0,,,8.0,90.0,,,,,,,,2026-09-02,2026-09-02,NYC,hourly_forecasts,nws_gridpoint_forecast,,,temperature=F;wind_speed=mph;precipitation_probability=percent,,,16.0,1.0,,Slight Chance Rain Showers,,2026-09-01 16:34:38,,,,,,,,,,,,,,
NYC,2026-09-01,2026-09-01T18:16:09.256353,2026-09-01T18:16:09.256353,2026-09-02 13:00:00,74.0,82.0,68.0,0.0,0.0,61.0,,,8.0,90.0,,,,,,,,2026-09-02,2026-09-02,NYC,hourly_forecasts,nws_gridpoint_forecast,,,temperature=F;wind_speed=mph;precipitation_probability=percent,,,16.0,1.0,,Slight Chance Rain Showers,,2026-09-01 16:34:38,,,,,,,,,,,,,,
NYC,2026-09-01,2026-09-01T18:16:09.256353,2026-09-01T18:16:09.256353,2026-09-02 14:00:00,75.0,79.0,68.0,0.0,0.0,61.0,,,8.0,90.0,,,,,,,,2026-09-02,2026-09-02,NYC,hourly_forecasts,nws_gridpoint_forecast,,,temperature=F;wind_speed=mph;precipitation_probability=percent,,,22.0,1.0,,Slight Chance Rain Showers,,2026-09-01 16:34:38,,,,,,,,,,,,,,
NYC,2026-09-01,2026-09-01T18:16:09.256353,2026-09-01T18:16:09.256353,2026-09-02 15:00:00,75.0,79.0,68.0,0.0,0.0,61.0,,,8.0,90.0,,,,,,,,2026-09-02,2026-09-02,NYC,hourly_forecasts,nws_gridpoint_forecast,,,temperature=F;wind_speed=mph;precipitation_probability=percent,,,22.0,1.0,,Slight Chance Rain Showers,,2026-09-01 16:34:38,,,,,,,,,,,,,,
NYC,2026-09-01,2026-09-01T18:16:09.256353,2026-09-01T18:16:09.256353,2026-09-02 16:00:00,75.0,79.0,68.0,0.0,0.0,61.0,,,8.0,90.0,,,,,,,,2026-09-02,2026-09-02,NYC,hourly_forecasts,nws_gridpoint_forecast,,,temperature=F;wind_speed=mph;precipitation_probability=percent,,,22.0,1.0,,Slight Chance Rain Showers,,2026-09-01 16:34:38,,,,,,,,,,,,,,
NYC,2026-09-01,2026-09-01T18:16:09.256353,2026-09-01T18:16:09.256353,2026-09-02 17:00:00,76.0,74.0,67.0,0.0,0.0,61.0,,,8.0,90.0,,,,,,,,2026-09-02,2026-09-02,NYC,hourly_forecasts,nws_gridpoint_forecast,,,temperature=F;wind_speed=mph;precipitation_probability=percent,,,19.0,1.0,,Slight Chance Rain Showers,,2026-09-01 16:34:38,,,,,,,,,,,,,,
NYC,2026-09-01,2026-09-01T18:16:09.256353,2026-09-01T18:16:09.256353,2026-09-02 18:00:00,75.0,76.0,67.0,0.0,0.0,61.0,,,8.0,90.0,,,,,,,,2026-09-02,2026-09-02,NYC,hourly_forecasts,nws_gridpoint_forecast,,,temperature=F;wind_speed=mph;precipitation_probability=percent,,,19.0,0.0,,Slight Chance Rain Showers,,2026-09-01 16:34:38,,,,,,,,,,,,,,
NYC,2026-09-01,2026-09-01T18:16:09.256353,2026-09-01T18:16:09.256353,2026-09-02 19:00:00,74.0,76.0,66.0,0.0,0.0,61.0,,,7.0,135.0,,,,,,,,2026-09-02,2026-09-02,NYC,hourly_forecasts,nws_gridpoint_forecast,,,temperature=F;wind_speed=mph;precipitation_probability=percent,,,19.0,0.0,,Slight Chance Rain Showers,,2026-09-01 16:34:38,,,,,,,,,,,,,,
NYC,2026-09-01,2026-09-01T18:16:09.256353,2026-09-01T18:16:09.256353,2026-09-02 20:00:00,73.0,79.0,66.0,0.0,0.0,2.0,,75.0,7.0,135.0,,,,,,,,2026-09-02,2026-09-02,NYC,hourly_forecasts,nws_gridpoint_forecast,,,temperature=F;wind_speed=mph;precipitation_probability=percent,,,4.0,0.0,,Mostly Cloudy,,2026-09-01 16:34:38,,,,,,,,,,,,,,
NYC,2026-09-01,2026-09-01T18:16:09.256353,2026-09-01T18:16:09.256353,2026-09-02 21:00:00,71.0,84.0,66.0,0.0,0.0,2.0,,75.0,6.0,90.0,,,,,,,,2026-09-02,2026-09-02,NYC,hourly_forecasts,nws_gridpoint_forecast,,,temperature=F;wind_speed=mph;precipitation_probability=percent,,,4.0,0.0,,Mostly Cloudy,,2026-09-01 16:34:38,,,,,,,,,,,,,,
NYC,2026-09-01,2026-09-01T18:16:09.256353,2026-09-01T18:16:09.256353,2026-09-02 22:00:00,70.0,87.0,66.0,0.0,0.0,2.0,,75.0,5.0,135.0,,,,,,,,2026-09-02,2026-09-02,NYC,hourly_forecasts,nws_gridpoint_forecast,,,temperature=F;wind_speed=mph;precipitation_probability=percent,,,4.0,0.0,,Mostly Cloudy,,2026-09-01 16:34:38,,,,,,,,,,,,,,
NYC,2026-09-01,2026-09-01T18:16:09.256353,2026-09-01T18:16:09.256353,2026-09-02 23:00:00,70.0,87.0,66.0,0.0,0.0,95.0,,,5.0,135.0,,,,,,,,2026-09-02,2026-09-02,NYC,hourly_forecasts,nws_gridpoint_forecast,,,temperature=F;wind_speed=mph;precipitation_probability=percent,,,32.0,0.0,,Chance Showers And Thunderstorms,,2026-09-01 16:34:38,,,,,,,,,,,,,,
NYC,2026-09-01,2026-09-01T18:16:09.256353,2026-09-01T18:16:09.256353,2026-09-03 00:00:00,70.0,87.0,66.0,0.0,0.0,95.0,,,3.0,135.0,,,,,,,,2026-09-03,2026-09-03,NYC,hourly_forecasts,nws_gridpoint_forecast,,,temperature=F;wind_speed=mph;precipitation_probability=percent,,,32.0,0.0,,Chance Showers And Thunderstorms,,2026-09-01 16:34:38,,,,,,,,,,,,,,
NYC,2026-09-01,2026-09-01T18:16:09.256353,2026-09-01T18:16:09.256353,2026-09-03 01:00:00,70.0,90.0,67.0,0.0,0.0,95.0,,,3.0,135.0,,,,,,,,2026-09-03,2026-09-03,NYC,hourly_forecasts,nws_gridpoint_forecast,,,temperature=F;wind_speed=mph;precipitation_probability=percent,,,32.0,0.0,,Chance Showers And Thunderstorms,,2026-09-01 16:34:38,,,,,,,,,,,,,,
NYC,2026-09-01,2026-09-01T18:16:09.256353,2026-09-01T18:16:09.256353,2026-09-03 02:00:00,70.0,90.0,67.0,0.0,0.0,95.0,,,3.0,135.0,,,,,,,,2026-09-03,2026-09-03,NYC,hourly_forecasts,nws_gridpoint_forecast,,,temperature=F;wind_speed=mph;precipitation_probability=percent,,,71.0,0.0,,Showers And Thunderstorms Likely,,2026-09-01 16:34:38,,,,,,,,,,,,,,
NYC,2026-09-01,2026-09-01T18:16:09.256353,2026-09-01T18:16:09.256353,2026-09-03 03:00:00,69.0,93.0,67.0,0.0,0.0,95.0,,,2.0,135.0,,,,,,,,2026-09-03,2026-09-03,NYC,hourly_forecasts,nws_gridpoint_forecast,,,temperature=F;wind_speed=mph;precipitation_probability=percent,,,71.0,0.0,,Showers And Thunderstorms Likely,,2026-09-01 16:34:38,,,,,,,,,,,,,,
NYC,2026-09-01,2026-09-01T18:16:09.256353,2026-09-01T18:16:09.256353,2026-09-03 04:00:00,70.0,93.0,68.0,0.0,0.0,95.0,,,3.0,180.0,,,,,,,,2026-09-03,2026-09-03,NYC,hourly_forecasts,nws_gridpoint_forecast,,,temperature=F;wind_speed=mph;precipitation_probability=percent,,,71.0,0.0,,Showers And Thunderstorms Likely,,2026-09-01 16:34:38,,,,,,,,,,,,,,
NYC,2026-09-01,2026-09-01T18:16:09.256353,2026-09-01T18:16:09.256353,2026-09-03 05:00:00,70.0,93.0,68.0,0.0,0.0,95.0,,,3.0,180.0,,,,,,,,2026-09-03,2026-09-03,NYC,hourly_forecasts,nws_gridpoint_forecast,,,temperature=F;wind_speed=mph;precipitation_probability=percent,,,72.0,0.0,,Showers And Thunderstorms Likely,,2026-09-01 16:34:38,,,,,,,,,,,,,,
NYC,2026-09-01,2026-09-01T18:16:09.256353,2026-09-01T18:16:09.256353,2026-09-03 06:00:00,70.0,93.0,68.0,0.0,0.0,95.0,,,3.0,180.0,,,,,,,,2026-09-03,2026-09-03,NYC,hourly_forecasts,nws_gridpoint_forecast,,,temperature=F;wind_speed=mph;precipitation_probability=percent,,,72.0,1.0,,Showers And Thunderstorms Likely,,2026-09-01 16:34:38,,,,,,,,,,,,,,
NYC,2026-09-01,2026-09-01T18:16:09.256353,2026-09-01T18:16:09.256353,2026-09-03 07:00:00,70.0,97.0,69.0,0.0,0.0,95.0,,,5.0,180.0,,,,,,,,2026-09-03,2026-09-03,NYC,hourly_forecasts,nws_gridpoint_forecast,,,temperature=F;wind_speed=mph;precipitation_probability=percent,,,72.0,1.0,,Showers And Thunderstorms Likely,,2026-09-01 16:34:38,,,,,,,,,,,,,,
NYC,2026-09-01,2026-09-01T18:16:09.256353,2026-09-01T18:16:09.256353,2026-09-03 08:00:00,72.0,93.0,70.0,0.0,0.0,61.0,,,6.0,225.0,,,,,,,,2026-09-03,2026-09-03,NYC,hourly_forecasts,nws_gridpoint_forecast,,,temperature=F;wind_speed=mph;precipitation_probability=percent,,,48.0,1.0,,Chance Rain Showers,,2026-09-01 16:34:38,,,,,,,,,,,,,,
NYC,2026-09-01,2026-09-01T18:16:09.256353,2026-09-01T18:16:09.256353,2026-09-03 09:00:00,73.0,93.0,71.0,0.0,0.0,61.0,,,6.0,180.0,,,,,,,,2026-09-03,2026-09-03,NYC,hourly_forecasts,nws_gridpoint_forecast,,,temperature=F;wind_speed=mph;precipitation_probability=percent,,,48.0,1.0,,Chance Rain Showers,,2026-09-01 16:34:38,,,,,,,,,,,,,,
NYC,2026-09-01,2026-09-01T18:16:09.256353,2026-09-01T18:16:09.256353,2026-09-03 10:00:00,74.0,93.0,72.0,0.0,0.0,61.0,,,7.0,225.0,,,,,,,,2026-09-03,2026-09-03,NYC,hourly_forecasts,nws_gridpoint_forecast,,,temperature=F;wind_speed=mph;precipitation_probability=percent,,,48.0,1.0,,Chance Rain Showers,,2026-09-01 16:34:38,,,,,,,,,,,,,,
NYC,2026-09-01,2026-09-01T18:16:09.256353,2026-09-01T18:16:09.256353,2026-09-03 11:00:00,76.0,87.0,72.0,0.0,0.0,61.0,,,9.0,225.0,,,,,,,,2026-09-03,2026-09-03,NYC,hourly_forecasts,nws_gridpoint_forecast,,,temperature=F;wind_speed=mph;precipitation_probability=percent,,,48.0,1.0,,Chance Rain Showers,,2026-09-01 16:34:38,,,,,,,,,,,,,,
NYC,2026-09-01,2026-09-01T18:16:09.256353,2026-09-01T18:16:09.256353,2026-09-03 12:00:00,78.0,85.0,73.0,0.0,0.0,61.0,,,9.0,225.0,,,,,,,,2026-09-03,2026-09-03,NYC,hourly_forecasts,nws_gridpoint_forecast,,,temperature=F;wind_speed=mph;precipitation_probability=percent,,,48.0,1.0,,Chance Rain Showers,,2026-09-01 16:34:38,,,,,,,,,,,,,,
NYC,2026-09-01,2026-09-01T18:16:09.256353,2026-09-01T18:16:09.256353,2026-09-03 13:00:00,79.0,82.0,73.0,0.0,0.0,61.0,,,9.0,225.0,,,,,,,,2026-09-03,2026-09-03,NYC,hourly_forecasts,nws_gridpoint_forecast,,,temperature=F;wind_speed=mph;precipitation_probability=percent,,,48.0,1.0,,Chance Rain Showers,,2026-09-01 16:34:38,,,,,,,,,,,,,,
NYC,2026-09-01,2026-09-01T18:16:09.256353,2026-09-01T18:16:09.256353,2026-09-03 14:00:00,81.0,79.0,74.0,0.0,0.0,95.0,,,9.0,225.0,,,,,,,,2026-09-03,2026-09-03,NYC,hourly_forecasts,nws_gridpoint_forecast,,,temperature=F;wind_speed=mph;precipitation_probability=percent,,,53.0,1.0,,Chance Showers And Thunderstorms,,2026-09-01 16:34:38,,,,,,,,,,,,,,
NYC,2026-09-01,2026-09-01T18:16:09.256353,2026-09-01T18:16:09.256353,2026-09-03 15:00:00,82.0,77.0,74.0,0.0,0.0,95.0,,,9.0,225.0,,,,,,,,2026-09-03,2026-09-03,NYC,hourly_forecasts,nws_gridpoint_forecast,,,temperature=F;wind_speed=mph;precipitation_probability=percent,,,53.0,1.0,,Chance Showers And Thunderstorms,,2026-09-01 16:34:38,,,,,,,,,,,,,,
NYC,2026-09-01,2026-09-01T18:16:09.256353,2026-09-01T18:16:09.256353,2026-09-03 16:00:00,83.0,74.0,74.0,0.0,0.0,95.0,,,9.0,225.0,,,,,,,,2026-09-03,2026-09-03,NYC,hourly_forecasts,nws_gridpoint_forecast,,,temperature=F;wind_speed=mph;precipitation_probability=percent,,,53.0,1.0,,Chance Showers And Thunderstorms,,2026-09-01 16:34:38,,,,,,,,,,,,,,
NYC,2026-09-01,2026-09-01T18:16:09.256353,2026-09-01T18:16:09.256353,2026-09-03 17:00:00,83.0,74.0,74.0,0.0,0.0,95.0,,,9.0,225.0,,,,,,,,2026-09-03,2026-09-03,NYC,hourly_forecasts,nws_gridpoint_forecast,,,temperature=F;wind_speed=mph;precipitation_probability=percent,,,53.0,1.0,,Chance Showers And Thunderstorms,,2026-09-01 16:34:38,,,,,,,,,,,,,,
NYC,2026-09-01,2026-09-01T18:16:09.256353,2026-09-01T18:16:09.256353,2026-09-03 18:00:00,82.0,74.0,73.0,0.0,0.0,95.0,,,8.0,270.0,,,,,,,,2026-09-03,2026-09-03,NYC,hourly_forecasts,nws_gridpoint_forecast,,,temperature=F;wind_speed=mph;precipitation_probability=percent,,,53.0,0.0,,Chance Showers And Thunderstorms,,2026-09-01 16:34:38,,,,,,,,,,,,,,
NYC,2026-09-01,2026-09-01T18:16:09.256353,2026-09-01T18:16:09.256353,2026-09-03 19:00:00,80.0,79.0,73.0,0.0,0.0,95.0,,,7.0,270.0,,,,,,,,2026-09-03,2026-09-03,NYC,hourly_forecasts,nws_gridpoint_forecast,,,temperature=F;wind_speed=mph;precipitation_probability=percent,,,53.0,0.0,,Chance Showers And Thunderstorms,,2026-09-01 16:34:38,,,,,,,,,,,,,,
NYC,2026-09-01,2026-09-01T18:16:09.256353,2026-09-01T18:16:09.256353,2026-09-03 20:00:00,78.0,82.0,72.0,0.0,0.0,95.0,,,6.0,270.0,,,,,,,,2026-09-03,2026-09-03,NYC,hourly_forecasts,nws_gridpoint_forecast,,,temperature=F;wind_speed=mph;precipitation_probability=percent,,,49.0,0.0,,Chance Showers And Thunderstorms,,2026-09-01 16:34:38,,,,,,,,,,,,,,
NYC,2026-09-01,2026-09-01T18:16:09.256353,2026-09-01T18:16:09.256353,2026-09-03 21:00:00,77.0,82.0,71.0,0.0,0.0,95.0,,,5.0,270.0,,,,,,,,2026-09-03,2026-09-03,NYC,hourly_forecasts,nws_gridpoint_forecast,,,temperature=F;wind_speed=mph;precipitation_probability=percent,,,49.0,0.0,,Chance Showers And Thunderstorms,,2026-09-01 16:34:38,,,,,,,,,,,,,,
NYC,2026-09-01,2026-09-01T18:16:09.256353,2026-09-01T18:16:09.256353,2026-09-03 22:00:00,76.0,85.0,71.0,0.0,0.0,95.0,,,5.0,270.0,,,,,,,,2026-09-03,2026-09-03,NYC,hourly_forecasts,nws_gridpoint_forecast,,,temperature=F;wind_speed=mph;precipitation_probability=percent,,,49.0,0.0,,Chance Showers And Thunderstorms,,2026-09-01 16:34:38,,,,,,,,,,,,,,
NYC,2026-09-01,2026-09-01T18:16:09.256353,2026-09-01T18:16:09.256353,2026-09-03 23:00:00,75.0,84.0,70.0,0.0,0.0,61.0,,,5.0,270.0,,,,,,,,2026-09-03,2026-09-03,NYC,hourly_forecasts,nws_gridpoint_forecast,,,temperature=F;wind_speed=mph;precipitation_probability=percent,,,49.0,0.0,,Chance Rain Showers,,2026-09-01 16:34:38,,,,,,,,,,,,,,
NYC,2026-09-01,2026-09-01T18:16:09.256353,2026-09-01T18:16:09.256353,2026-09-04 00:00:00,74.0,87.0,70.0,0.0,0.0,61.0,,,5.0,270.0,,,,,,,,2026-09-04,2026-09-04,NYC,hourly_forecasts,nws_gridpoint_forecast,,,temperature=F;wind_speed=mph;precipitation_probability=percent,,,49.0,0.0,,Chance Rain Showers,,2026-09-01 16:34:38,,,,,,,,,,,,,,
NYC,2026-09-01,2026-09-01T18:16:09.256353,2026-09-01T18:16:09.256353,2026-09-04 01:00:00,73.0,87.0,69.0,0.0,0.0,61.0,,,6.0,270.0,,,,,,,,2026-09-04,2026-09-04,NYC,hourly_forecasts,nws_gridpoint_forecast,,,temperature=F;wind_speed=mph;precipitation_probability=percent,,,49.0,0.0,,Chance Rain Showers,,2026-09-01 16:34:38,,,,,,,,,,,,,,
NYC,2026-09-01,2026-09-01T18:16:09.256353,2026-09-01T18:16:09.256353,2026-09-04 02:00:00,73.0,87.0,69.0,0.0,0.0,2.0,,75.0,6.0,270.0,,,,,,,,2026-09-04,2026-09-04,NYC,hourly_forecasts,nws_gridpoint_forecast,,,temperature=F;wind_speed=mph;precipitation_probability=percent,,,5.0,0.0,,Mostly Cloudy,,2026-09-01 16:34:38,,,,,,,,,,,,,,
NYC,2026-09-01,2026-09-01T18:16:09.256353,2026-09-01T18:16:09.256353,2026-09-04 03:00:00,72.0,87.0,68.0,0.0,0.0,2.0,,50.0,6.0,270.0,,,,,,,,2026-09-04,2026-09-04,NYC,hourly_forecasts,nws_gridpoint_forecast,,,temperature=F;wind_speed=mph;precipitation_probability=percent,,,5.0,0.0,,Partly Cloudy,,2026-09-01 16:34:38,,,,,,,,,,,,,,
NYC,2026-09-01,2026-09-01T18:16:09.256353,2026-09-01T18:16:09.256353,2026-09-04 04:00:00,72.0,87.0,68.0,0.0,0.0,2.0,,50.0,6.0,315.0,,,,,,,,2026-09-04,2026-09-04,NYC,hourly_forecasts,nws_gridpoint_forecast,,,temperature=F;wind_speed=mph;precipitation_probability=percent,,,5.0,0.0,,Partly Cloudy,,2026-09-01 16:34:38,,,,,,,,,,,,,,
NYC,2026-09-01,2026-09-01T18:16:09.256353,2026-09-01T18:16:09.256353,2026-09-04 05:00:00,71.0,87.0,67.0,0.0,0.0,2.0,,50.0,6.0,315.0,,,,,,,,2026-09-04,2026-09-04,NYC,hourly_forecasts,nws_gridpoint_forecast,,,temperature=F;wind_speed=mph;precipitation_probability=percent,,,5.0,0.0,,Partly Cloudy,,2026-09-01 16:34:38,,,,,,,,,,,,,,
NYC,2026-09-01,2026-09-01T18:16:09.256353,2026-09-01T18:16:09.256353,2026-09-04 06:00:00,71.0,87.0,67.0,0.0,0.0,0.0,,0.0,6.0,315.0,,,,,,,,2026-09-04,2026-09-04,NYC,hourly_forecasts,nws_gridpoint_forecast,,,temperature=F;wind_speed=mph;precipitation_probability=percent,,,5.0,1.0,,Mostly Sunny,,2026-09-01 16:34:38,,,,,,,,,,,,,,
NYC,2026-09-01,2026-09-01T18:16:09.256353,2026-09-01T18:16:09.256353,2026-09-04 07:00:00,72.0,84.0,67.0,0.0,0.0,0.0,,0.0,6.0,315.0,,,,,,,,2026-09-04,2026-09-04,NYC,hourly_forecasts,nws_gridpoint_forecast,,,temperature=F;wind_speed=mph;precipitation_probability=percent,,,5.0,1.0,,Mostly Sunny,,2026-09-01 16:34:38,,,,,,,,,,,,,,
NYC,2026-09-01,2026-09-01T18:16:09.256353,2026-09-01T18:16:09.256353,2026-09-04 08:00:00,73.0,81.0,67.0,0.0,0.0,0.0,,0.0,6.0,315.0,,,,,,,,2026-09-04,2026-09-04,NYC,hourly_forecasts,nws_gridpoint_forecast,,,temperature=F;wind_speed=mph;precipitation_probability=percent,,,5.0,1.0,,Mostly Sunny,,2026-09-01 16:34:38,,,,,,,,,,,,,,
NYC,2026-09-01,2026-09-01T18:16:09.256353,2026-09-01T18:16:09.256353,2026-09-04 09:00:00,74.0,79.0,67.0,0.0,0.0,0.0,,0.0,7.0,315.0,,,,,,,,2026-09-04,2026-09-04,NYC,hourly_forecasts,nws_gridpoint_forecast,,,temperature=F;wind_speed=mph;precipitation_probability=percent,,,5.0,1.0,,Mostly Sunny,,2026-09-01 16:34:38,,,,,,,,,,,,,,
NYC,2026-09-01,2026-09-01T18:16:09.256353,2026-09-01T18:16:09.256353,2026-09-04 10:00:00,76.0,74.0,67.0,0.0,0.0,0.0,,0.0,8.0,315.0,,,,,,,,2026-09-04,2026-09-04,NYC,hourly_forecasts,nws_gridpoint_forecast,,,temperature=F;wind_speed=mph;precipitation_probability=percent,,,5.0,1.0,,Mostly Sunny,,2026-09-01 16:34:38,,,,,,,,,,,,,,
NYC,2026-09-01,2026-09-01T18:16:09.256353,2026-09-01T18:16:09.256353,2026-09-04 11:00:00,78.0,69.0,67.0,0.0,0.0,0.0,,0.0,9.0,315.0,,,,,,,,2026-09-04,2026-09-04,NYC,hourly_forecasts,nws_gridpoint_forecast,,,temperature=F;wind_speed=mph;precipitation_probability=percent,,,5.0,1.0,,Sunny,,2026-09-01 16:34:38,,,,,,,,,,,,,,
NYC,2026-09-01,2026-09-01T18:16:09.256353,2026-09-01T18:16:09.256353,2026-09-04 12:00:00,80.0,62.0,66.0,0.0,0.0,0.0,,0.0,10.0,315.0,,,,,,,,2026-09-04,2026-09-04,NYC,hourly_forecasts,nws_gridpoint_forecast,,,temperature=F;wind_speed=mph;precipitation_probability=percent,,,5.0,1.0,,Mostly Sunny,,2026-09-01 16:34:38,,,,,,,,,,,,,,
NYC,2026-09-01,2026-09-01T18:16:09.256353,2026-09-01T18:16:09.256353,2026-09-04 13:00:00,81.0,60.0,66.0,0.0,0.0,0.0,,0.0,10.0,315.0,,,,,,,,2026-09-04,2026-09-04,NYC,hourly_forecasts,nws_gridpoint_forecast,,,temperature=F;wind_speed=mph;precipitation_probability=percent,,,5.0,1.0,,Mostly Sunny,,2026-09-01 16:34:38,,,,,,,,,,,,,,
NYC,2026-09-01,2026-09-01T18:16:09.256353,2026-09-01T18:16:09.256353,2026-09-04 14:00:00,82.0,56.0,65.0,0.0,0.0,0.0,,0.0,10.0,315.0,,,,,,,,2026-09-04,2026-09-04,NYC,hourly_forecasts,nws_gridpoint_forecast,,,temperature=F;wind_speed=mph;precipitation_probability=percent,,,7.0,1.0,,Mostly Sunny,,2026-09-01 16:34:38,,,,,,,,,,,,,,
NYC,2026-09-01,2026-09-01T18:16:09.256353,2026-09-01T18:16:09.256353,2026-09-04 15:00:00,83.0,55.0,65.0,0.0,0.0,0.0,,0.0,10.0,315.0,,,,,,,,2026-09-04,2026-09-04,NYC,hourly_forecasts,nws_gridpoint_forecast,,,temperature=F;wind_speed=mph;precipitation_probability=percent,,,7.0,1.0,,Mostly Sunny,,2026-09-01 16:34:38,,,,,,,,,,,,,,
NYC,2026-09-01,2026-09-01T18:16:09.256353,2026-09-01T18:16:09.256353,2026-09-04 16:00:00,83.0,53.0,64.0,0.0,0.0,0.0,,0.0,10.0,315.0,,,,,,,,2026-09-04,2026-09-04,NYC,hourly_forecasts,nws_gridpoint_forecast,,,temperature=F;wind_speed=mph;precipitation_probability=percent,,,7.0,1.0,,Mostly Sunny,,2026-09-01 16:34:38,,,,,,,,,,,,,,
NYC,2026-09-01,2026-09-01T18:16:09.256353,2026-09-01T18:16:09.256353,2026-09-04 17:00:00,82.0,55.0,64.0,0.0,0.0,0.0,,0.0,10.0,315.0,,,,,,,,2026-09-04,2026-09-04,NYC,hourly_forecasts,nws_gridpoint_forecast,,,temperature=F;wind_speed=mph;precipitation_probability=percent,,,7.0,1.0,,Mostly Sunny,,2026-09-01 16:34:38,,,,,,,,,,,,,,
NYC,2026-09-01,2026-09-01T18:16:09.256353,2026-09-01T18:16:09.256353,2026-09-04 18:00:00,81.0,56.0,64.0,0.0,0.0,2.0,,50.0,9.0,315.0,,,,,,,,2026-09-04,2026-09-04,NYC,hourly_forecasts,nws_gridpoint_forecast,,,temperature=F;wind_speed=mph;precipitation_probability=percent,,,7.0,0.0,,Partly Cloudy,,2026-09-01 16:34:38,,,,,,,,,,,,,,
NYC,2026-09-01,2026-09-01T18:16:09.256353,2026-09-01T18:16:09.256353,2026-09-04 19:00:00,79.0,60.0,64.0,0.0,0.0,2.0,,50.0,9.0,315.0,,,,,,,,2026-09-04,2026-09-04,NYC,hourly_forecasts,nws_gridpoint_forecast,,,temperature=F;wind_speed=mph;precipitation_probability=percent,,,7.0,0.0,,Partly Cloudy,,2026-09-01 16:34:38,,,,,,,,,,,,,,
NYC,2026-09-01,2026-09-01T18:16:09.256353,2026-09-01T18:16:09.256353,2026-09-04 20:00:00,79.0,60.0,64.0,0.0,0.0,2.0,,50.0,8.0,315.0,,,,,,,,2026-09-04,2026-09-04,NYC,hourly_forecasts,nws_gridpoint_forecast,,,temperature=F;wind_speed=mph;precipitation_probability=percent,,,2.0,0.0,,Partly Cloudy,,2026-09-01 16:34:38,,,,,,,,,,,,,,
NYC,2026-09-01,2026-09-01T18:16:09.256353,2026-09-01T18:16:09.256353,2026-09-04 21:00:00,77.0,62.0,63.0,0.0,0.0,2.0,,50.0,8.0,315.0,,,,,,,,2026-09-04,2026-09-04,NYC,hourly_forecasts,nws_gridpoint_forecast,,,temperature=F;wind_speed=mph;precipitation_probability=percent,,,2.0,0.0,,Partly Cloudy,,2026-09-01 16:34:38,,,,,,,,,,,,,,
NYC,2026-09-01,2026-09-01T18:16:09.256353,2026-09-01T18:16:09.256353,2026-09-04 22:00:00,75.0,66.0,63.0,0.0,0.0,2.0,,50.0,8.0,315.0,,,,,,,,2026-09-04,2026-09-04,NYC,hourly_forecasts,nws_gridpoint_forecast,,,temperature=F;wind_speed=mph;precipitation_probability=percent,,,2.0,0.0,,Partly Cloudy,,2026-09-01 16:34:38,,,,,,,,,,,,,,
NYC,2026-09-01,2026-09-01T18:16:09.256353,2026-09-01T18:16:09.256353,2026-09-04 23:00:00,73.0,68.0,62.0,0.0,0.0,2.0,,50.0,8.0,315.0,,,,,,,,2026-09-04,2026-09-04,NYC,hourly_forecasts,nws_gridpoint_forecast,,,temperature=F;wind_speed=mph;precipitation_probability=percent,,,2.0,0.0,,Partly Cloudy,,2026-09-01 16:34:38,,,,,,,,,,,,,,
NYC,2026-09-01,2026-09-01T18:16:09.256353,2026-09-01T18:16:09.256353,2026-09-05 00:00:00,71.0,73.0,62.0,0.0,0.0,2.0,,50.0,8.0,315.0,,,,,,,,2026-09-05,2026-09-05,NYC,hourly_forecasts,nws_gridpoint_forecast,,,temperature=F;wind_speed=mph;precipitation_probability=percent,,,2.0,0.0,,Partly Cloudy,,2026-09-01 16:34:38,,,,,,,,,,,,,,
NYC,2026-09-01,2026-09-01T18:16:09.256353,2026-09-01T18:16:09.256353,2026-09-05 01:00:00,70.0,73.0,61.0,0.0,0.0,2.0,,50.0,7.0,315.0,,,,,,,,2026-09-05,2026-09-05,NYC,hourly_forecasts,nws_gridpoint_forecast,,,temperature=F;wind_speed=mph;precipitation_probability=percent,,,2.0,0.0,,Partly Cloudy,,2026-09-01 16:34:38,,,,,,,,,,,,,,
NYC,2026-09-01,2026-09-01T18:16:09.256353,2026-09-01T18:16:09.256353,2026-09-05 02:00:00,69.0,76.0,61.0,0.0,0.0,0.0,,0.0,7.0,315.0,,,,,,,,2026-09-05,2026-09-05,NYC,hourly_forecasts,nws_gridpoint_forecast,,,temperature=F;wind_speed=mph;precipitation_probability=percent,,,4.0,0.0,,Mostly Clear,,2026-09-01 16:34:38,,,,,,,,,,,,,,
NYC,2026-09-01,2026-09-01T18:16:09.256353,2026-09-01T18:16:09.256353,2026-09-05 03:00:00,68.0,78.0,61.0,0.0,0.0,0.0,,0.0,7.0,315.0,,,,,,,,2026-09-05,2026-09-05,NYC,hourly_forecasts,nws_gridpoint_forecast,,,temperature=F;wind_speed=mph;precipitation_probability=percent,,,4.0,0.0,,Mostly Clear,,2026-09-01 16:34:38,,,,,,,,,,,,,,
NYC,2026-09-01,2026-09-01T18:16:09.256353,2026-09-01T18:16:09.256353,2026-09-05 04:00:00,67.0,78.0,60.0,0.0,0.0,0.0,,0.0,7.0,315.0,,,,,,,,2026-09-05,2026-09-05,NYC,hourly_forecasts,nws_gridpoint_forecast,,,temperature=F;wind_speed=mph;precipitation_probability=percent,,,4.0,0.0,,Mostly Clear,,2026-09-01 16:34:38,,,,,,,,,,,,,,
NYC,2026-09-01,2026-09-01T18:16:09.256353,2026-09-01T18:16:09.256353,2026-09-05 05:00:00,67.0,78.0,60.0,0.0,0.0,0.0,,0.0,7.0,315.0,,,,,,,,2026-09-05,2026-09-05,NYC,hourly_forecasts,nws_gridpoint_forecast,,,temperature=F;wind_speed=mph;precipitation_probability=percent,,,4.0,0.0,,Mostly Clear,,2026-09-01 16:34:38,,,,,,,,,,,,,,
NYC,2026-09-01,2026-09-01T18:16:09.256353,2026-09-01T18:16:09.256353,2026-09-05 06:00:00,67.0,78.0,60.0,0.0,0.0,0.0,,0.0,7.0,315.0,,,,,,,,2026-09-05,2026-09-05,NYC,hourly_forecasts,nws_gridpoint_forecast,,,temperature=F;wind_speed=mph;precipitation_probability=percent,,,4.0,1.0,,Sunny,,2026-09-01 16:34:38,,,,,,,,,,,,,,
NYC,2026-09-01,2026-09-01T18:16:09.256353,2026-09-01T18:16:09.256353,2026-09-05 07:00:00,67.0,78.0,60.0,0.0,0.0,0.0,,0.0,7.0,315.0,,,,,,,,2026-09-05,2026-09-05,NYC,hourly_forecasts,nws_gridpoint_forecast,,,temperature=F;wind_speed=mph;precipitation_probability=percent,,,4.0,1.0,,Sunny,,2026-09-01 16:34:38,,,,,,,,,,,,,,
NYC,2026-09-01,2026-09-01T18:16:09.256353,2026-09-01T18:16:09.256353,2026-09-05 08:00:00,68.0,76.0,60.0,0.0,0.0,0.0,,0.0,7.0,315.0,,,,,,,,2026-09-05,2026-09-05,NYC,hourly_forecasts,nws_gridpoint_forecast,,,temperature=F;wind_speed=mph;precipitation_probability=percent,,,4.0,1.0,,Sunny,,2026-09-01 16:34:38,,,,,,,,,,,,,,
NYC,2026-09-01,2026-09-01T18:16:09.256353,2026-09-01T18:16:09.256353,2026-09-05 09:00:00,70.0,71.0,60.0,0.0,0.0,0.0,,0.0,8.0,0.0,,,,,,,,2026-09-05,2026-09-05,NYC,hourly_forecasts,nws_gridpoint_forecast,,,temperature=F;wind_speed=mph;precipitation_probability=percent,,,4.0,1.0,,Sunny,,2026-09-01 16:34:38,,,,,,,,,,,,,,
NYC,2026-09-01,2026-09-01T18:16:09.256353,2026-09-01T18:16:09.256353,2026-09-05 10:00:00,72.0,66.0,60.0,0.0,0.0,0.0,,0.0,9.0,0.0,,,,,,,,2026-09-05,2026-09-05,NYC,hourly_forecasts,nws_gridpoint_forecast,,,temperature=F;wind_speed=mph;precipitation_probability=percent,,,4.0,1.0,,Sunny,,2026-09-01 16:34:38,,,,,,,,,,,,,,
NYC,2026-09-01,2026-09-01T18:16:09.256353,2026-09-01T18:16:09.256353,2026-09-05 11:00:00,74.0,62.0,60.0,0.0,0.0,0.0,,0.0,10.0,0.0,,,,,,,,2026-09-05,2026-09-05,NYC,hourly_forecasts,nws_gridpoint_forecast,,,temperature=F;wind_speed=mph;precipitation_probability=percent,,,4.0,1.0,,Sunny,,2026-09-01 16:34:38,,,,,,,,,,,,,,
NYC,2026-09-01,2026-09-01T18:16:09.256353,2026-09-01T18:16:09.256353,2026-09-05 12:00:00,76.0,58.0,60.0,0.0,0.0,0.0,,0.0,10.0,0.0,,,,,,,,2026-09-05,2026-09-05,NYC,hourly_forecasts,nws_gridpoint_forecast,,,temperature=F;wind_speed=mph;precipitation_probability=percent,,,4.0,1.0,,Sunny,,2026-09-01 16:34:38,,,,,,,,,,,,,,
NYC,2026-09-01,2026-09-01T18:16:09.256353,2026-09-01T18:16:09.256353,2026-09-05 13:00:00,77.0,54.0,59.0,0.0,0.0,0.0,,0.0,10.0,0.0,,,,,,,,2026-09-05,2026-09-05,NYC,hourly_forecasts,nws_gridpoint_forecast,,,temperature=F;wind_speed=mph;precipitation_probability=percent,,,4.0,1.0,,Sunny,,2026-09-01 16:34:38,,,,,,,,,,,,,,
NYC,2026-09-01,2026-09-01T18:16:09.256353,2026-09-01T18:16:09.256353,2026-09-05 14:00:00,78.0,52.0,59.0,0.0,0.0,0.0,,0.0,10.0,0.0,,,,,,,,2026-09-05,2026-09-05,NYC,hourly_forecasts,nws_gridpoint_forecast,,,temperature=F;wind_speed=mph;precipitation_probability=percent,,,6.0,1.0,,Mostly Sunny,,2026-09-01 16:34:38,,,,,,,,,,,,,,
NYC,2026-09-01,2026-09-01T18:16:09.256353,2026-09-01T18:16:09.256353,2026-09-05 15:00:00,79.0,50.0,59.0,0.0,0.0,0.0,,0.0,10.0,0.0,,,,,,,,2026-09-05,2026-09-05,NYC,hourly_forecasts,nws_gridpoint_forecast,,,temperature=F;wind_speed=mph;precipitation_probability=percent,,,6.0,1.0,,Mostly Sunny,,2026-09-01 16:34:38,,,,,,,,,,,,,,
NYC,2026-09-01,2026-09-01T18:16:09.256353,2026-09-01T18:16:09.256353,2026-09-05 16:00:00,79.0,50.0,59.0,0.0,0.0,0.0,,0.0,10.0,0.0,,,,,,,,2026-09-05,2026-09-05,NYC,hourly_forecasts,nws_gridpoint_forecast,,,temperature=F;wind_speed=mph;precipitation_probability=percent,,,6.0,1.0,,Mostly Sunny,,2026-09-01 16:34:38,,,,,,,,,,,,,,
NYC,2026-09-01,2026-09-01T18:16:09.256353,2026-09-01T18:16:09.256353,2026-09-05 17:00:00,79.0,50.0,59.0,0.0,0.0,0.0,,0.0,10.0,0.0,,,,,,,,2026-09-05,2026-09-05,NYC,hourly_forecasts,nws_gridpoint_forecast,,,temperature=F;wind_speed=mph;precipitation_probability=percent,,,6.0,1.0,,Mostly Sunny,,2026-09-01 16:34:38,,,,,,,,,,,,,,
NYC,2026-09-01,2026-09-01T18:16:09.256353,2026-09-01T18:16:09.256353,2026-09-05 18:00:00,78.0,54.0,60.0,0.0,0.0,2.0,,50.0,9.0,0.0,,,,,,,,2026-09-05,2026-09-05,NYC,hourly_forecasts,nws_gridpoint_forecast,,,temperature=F;wind_speed=mph;precipitation_probability=percent,,,6.0,0.0,,Partly Cloudy,,2026-09-01 16:34:38,,,,,,,,,,,,,,
NYC,2026-09-01,2026-09-01T18:16:09.256353,2026-09-01T18:16:09.256353,2026-09-05 19:00:00,76.0,58.0,60.0,0.0,0.0,2.0,,50.0,9.0,0.0,,,,,,,,2026-09-05,2026-09-05,NYC,hourly_forecasts,nws_gridpoint_forecast,,,temperature=F;wind_speed=mph;precipitation_probability=percent,,,6.0,0.0,,Partly Cloudy,,2026-09-01 16:34:38,,,,,,,,,,,,,,
NYC,2026-09-01,2026-09-01T18:16:09.256353,2026-09-01T18:16:09.256353,2026-09-05 20:00:00,74.0,64.0,61.0,0.0,0.0,2.0,,50.0,8.0,0.0,,,,,,,,2026-09-05,2026-09-05,NYC,hourly_forecasts,nws_gridpoint_forecast,,,temperature=F;wind_speed=mph;precipitation_probability=percent,,,6.0,0.0,,Partly Cloudy,,2026-09-01 16:34:38,,,,,,,,,,,,,,
NYC,2026-09-01,2026-09-01T18:16:09.256353,2026-09-01T18:16:09.256353,2026-09-05 21:00:00,73.0,66.0,61.0,0.0,0.0,2.0,,50.0,8.0,0.0,,,,,,,,2026-09-05,2026-09-05,NYC,hourly_forecasts,nws_gridpoint_forecast,,,temperature=F;wind_speed=mph;precipitation_probability=percent,,,6.0,0.0,,Partly Cloudy,,2026-09-01 16:34:38,,,,,,,,,,,,,,
NYC,2026-09-01,2026-09-01T18:16:09.256353,2026-09-01T18:16:09.256353,2026-09-05 22:00:00,71.0,68.0,60.0,0.0,0.0,2.0,,50.0,8.0,0.0,,,,,,,,2026-09-05,2026-09-05,NYC,hourly_forecasts,nws_gridpoint_forecast,,,temperature=F;wind_speed=mph;precipitation_probability=percent,,,6.0,0.0,,Partly Cloudy,,2026-09-01 16:34:38,,,,,,,,,,,,,,
NYC,2026-09-01,2026-09-01T18:16:09.256353,2026-09-01T18:16:09.256353,2026-09-05 23:00:00,70.0,71.0,60.0,0.0,0.0,2.0,,50.0,8.0,0.0,,,,,,,,2026-09-05,2026-09-05,NYC,hourly_forecasts,nws_gridpoint_forecast,,,temperature=F;wind_speed=mph;precipitation_probability=percent,,,6.0,0.0,,Partly Cloudy,,2026-09-01 16:34:38,,,,,,,,,,,,,,
NYC,2026-09-01,2026-09-01T18:16:09.256353,2026-09-01T18:16:09.256353,2026-09-06 00:00:00,69.0,73.0,60.0,0.0,0.0,2.0,,50.0,8.0,0.0,,,,,,,,2026-09-06,2026-09-06,NYC,hourly_forecasts,nws_gridpoint_forecast,,,temperature=F;wind_speed=mph;precipitation_probability=percent,,,6.0,0.0,,Partly Cloudy,,2026-09-01 16:34:38,,,,,,,,,,,,,,
NYC,2026-09-01,2026-09-01T18:16:09.256353,2026-09-01T18:16:09.256353,2026-09-06 01:00:00,67.0,75.0,59.0,0.0,0.0,2.0,,50.0,7.0,0.0,,,,,,,,2026-09-06,2026-09-06,NYC,hourly_forecasts,nws_gridpoint_forecast,,,temperature=F;wind_speed=mph;precipitation_probability=percent,,,6.0,0.0,,Partly Cloudy,,2026-09-01 16:34:38,,,,,,,,,,,,,,
NYC,2026-09-01,2026-09-01T18:16:09.256353,2026-09-01T18:16:09.256353,2026-09-06 02:00:00,66.0,78.0,59.0,0.0,0.0,0.0,,0.0,7.0,0.0,,,,,,,,2026-09-06,2026-09-06,NYC,hourly_forecasts,nws_gridpoint_forecast,,,temperature=F;wind_speed=mph;precipitation_probability=percent,,,2.0,0.0,,Mostly Clear,,2026-09-01 16:34:38,,,,,,,,,,,,,,
NYC,2026-09-01,2026-09-01T18:16:09.256353,2026-09-01T18:16:09.256353,2026-09-06 03:00:00,65.0,81.0,59.0,0.0,0.0,0.0,,0.0,7.0,0.0,,,,,,,,2026-09-06,2026-09-06,NYC,hourly_forecasts,nws_gridpoint_forecast,,,temperature=F;wind_speed=mph;precipitation_probability=percent,,,2.0,0.0,,Mostly Clear,,2026-09-01 16:34:38,,,,,,,,,,,,,,
NYC,2026-09-01,2026-09-01T18:16:09.256353,2026-09-01T18:16:09.256353,2026-09-06 04:00:00,64.0,84.0,59.0,0.0,0.0,0.0,,0.0,8.0,0.0,,,,,,,,2026-09-06,2026-09-06,NYC,hourly_forecasts,nws_gridpoint_forecast,,,temperature=F;wind_speed=mph;precipitation_probability=percent,,,2.0,0.0,,Mostly Clear,,2026-09-01 16:34:38,,,,,,,,,,,,,,
NYC,2026-09-01,2026-09-01T18:16:09.256353,2026-09-01T18:16:09.256353,2026-09-06 05:00:00,64.0,84.0,59.0,0.0,0.0,0.0,,0.0,8.0,0.0,,,,,,,,2026-09-06,2026-09-06,NYC,hourly_forecasts,nws_gridpoint_forecast,,,temperature=F;wind_speed=mph;precipitation_probability=percent,,,2.0,0.0,,Mostly Clear,,2026-09-01 16:34:38,,,,,,,,,,,,,,
NYC,2026-09-01,2026-09-01T18:16:09.256353,2026-09-01T18:16:09.256353,2026-09-06 06:00:00,64.0,84.0,59.0,0.0,0.0,0.0,,0.0,8.0,0.0,,,,,,,,2026-09-06,2026-09-06,NYC,hourly_forecasts,nws_gridpoint_forecast,,,temperature=F;wind_speed=mph;precipitation_probability=percent,,,2.0,1.0,,Sunny,,2026-09-01 16:34:38,,,,,,,,,,,,,,
NYC,2026-09-01,2026-09-01T18:16:09.256353,2026-09-01T18:16:09.256353,2026-09-06 07:00:00,64.0,84.0,59.0,0.0,0.0,0.0,,0.0,8.0,0.0,,,,,,,,2026-09-06,2026-09-06,NYC,hourly_forecasts,nws_gridpoint_forecast,,,temperature=F;wind_speed=mph;precipitation_probability=percent,,,2.0,1.0,,Sunny,,2026-09-01 16:34:38,,,,,,,,,,,,,,
NYC,2026-09-01,2026-09-01T18:16:09.256353,2026-09-01T18:16:09.256353,2026-09-06 08:00:00,65.0,81.0,59.0,0.0,0.0,0.0,,0.0,8.0,0.0,,,,,,,,2026-09-06,2026-09-06,NYC,hourly_forecasts,nws_gridpoint_forecast,,,temperature=F;wind_speed=mph;precipitation_probability=percent,,,4.0,1.0,,Sunny,,2026-09-01 16:34:38,,,,,,,,,,,,,,
NYC,2026-09-01,2026-09-01T18:16:09.256353,2026-09-01T18:16:09.256353,2026-09-06 09:00:00,67.0,75.0,59.0,0.0,0.0,0.0,,0.0,8.0,0.0,,,,,,,,2026-09-06,2026-09-06,NYC,hourly_forecasts,nws_gridpoint_forecast,,,temperature=F;wind_speed=mph;precipitation_probability=percent,,,4.0,1.0,,Sunny,,2026-09-01 16:34:38,,,,,,,,,,,,,,
NYC,2026-09-01,2026-09-01T18:16:09.256353,2026-09-01T18:16:09.256353,2026-09-06 10:00:00,69.0,68.0,58.0,0.0,0.0,0.0,,0.0,8.0,45.0,,,,,,,,2026-09-06,2026-09-06,NYC,hourly_forecasts,nws_gridpoint_forecast,,,temperature=F;wind_speed=mph;precipitation_probability=percent,,,4.0,1.0,,Sunny,,2026-09-01 16:34:38,,,,,,,,,,,,,,
NYC,2026-09-01,2026-09-01T18:16:09.256353,2026-09-01T18:16:09.256353,2026-09-06 11:00:00,71.0,64.0,58.0,0.0,0.0,0.0,,0.0,8.0,45.0,,,,,,,,2026-09-06,2026-09-06,NYC,hourly_forecasts,nws_gridpoint_forecast,,,temperature=F;wind_speed=mph;precipitation_probability=percent,,,4.0,1.0,,Sunny,,2026-09-01 16:34:38,,,,,,,,,,,,,,
NYC,2026-09-01,2026-09-01T18:16:09.256353,2026-09-01T18:16:09.256353,2026-09-06 12:00:00,72.0,61.0,58.0,0.0,0.0,0.0,,0.0,8.0,45.0,,,,,,,,2026-09-06,2026-09-06,NYC,hourly_forecasts,nws_gridpoint_forecast,,,temperature=F;wind_speed=mph;precipitation_probability=percent,,,4.0,1.0,,Sunny,,2026-09-01 16:34:38,,,,,,,,,,,,,,
NYC,2026-09-01,2026-09-01T18:16:09.256353,2026-09-01T18:16:09.256353,2026-09-06 13:00:00,73.0,57.0,57.0,0.0,0.0,0.0,,0.0,7.0,45.0,,,,,,,,2026-09-06,2026-09-06,NYC,hourly_forecasts,nws_gridpoint_forecast,,,temperature=F;wind_speed=mph;precipitation_probability=percent,,,4.0,1.0,,Sunny,,2026-09-01 16:34:38,,,,,,,,,,,,,,
NYC,2026-09-01,2026-09-01T18:16:09.256353,2026-09-01T18:16:09.256353,2026-09-06 14:00:00,74.0,55.0,57.0,0.0,0.0,0.0,,0.0,7.0,45.0,,,,,,,,2026-09-06,2026-09-06,NYC,hourly_forecasts,nws_gridpoint_forecast,,,temperature=F;wind_speed=mph;precipitation_probability=percent,,,7.0,1.0,,Mostly Sunny,,2026-09-01 16:34:38,,,,,,,,,,,,,,
NYC,2026-09-01,2026-09-01T18:16:09.256353,2026-09-01T18:16:09.256353,2026-09-06 15:00:00,75.0,54.0,57.0,0.0,0.0,0.0,,0.0,7.0,90.0,,,,,,,,2026-09-06,2026-09-06,NYC,hourly_forecasts,nws_gridpoint_forecast,,,temperature=F;wind_speed=mph;precipitation_probability=percent,,,7.0,1.0,,Mostly Sunny,,2026-09-01 16:34:38,,,,,,,,,,,,,,
NYC,2026-09-01,2026-09-01T18:16:09.256353,2026-09-01T18:16:09.256353,2026-09-06 16:00:00,76.0,52.0,57.0,0.0,0.0,0.0,,0.0,7.0,90.0,,,,,,,,2026-09-06,2026-09-06,NYC,hourly_forecasts,nws_gridpoint_forecast,,,temperature=F;wind_speed=mph;precipitation_probability=percent,,,7.0,1.0,,Mostly Sunny,,2026-09-01 16:34:38,,,,,,,,,,,,,,
NYC,2026-09-01,2026-09-01T18:16:09.256353,2026-09-01T18:16:09.256353,2026-09-06 17:00:00,76.0,52.0,57.0,0.0,0.0,0.0,,0.0,7.0,135.0,,,,,,,,2026-09-06,2026-09-06,NYC,hourly_forecasts,nws_gridpoint_forecast,,,temperature=F;wind_speed=mph;precipitation_probability=percent,,,7.0,1.0,,Mostly Sunny,,2026-09-01 16:34:38,,,,,,,,,,,,,,
NYC,2026-09-01,2026-09-01T18:16:09.256353,2026-09-01T18:16:09.256353,2026-09-06 18:00:00,75.0,56.0,58.0,0.0,0.0,2.0,,50.0,7.0,135.0,,,,,,,,2026-09-06,2026-09-06,NYC,hourly_forecasts,nws_gridpoint_forecast,,,temperature=F;wind_speed=mph;precipitation_probability=percent,,,7.0,0.0,,Partly Cloudy,,2026-09-01 16:34:38,,,,,,,,,,,,,,
NYC,2026-09-01,2026-09-01T18:16:09.256353,2026-09-01T18:16:09.256353,2026-09-06 19:00:00,73.0,59.0,58.0,0.0,0.0,2.0,,50.0,6.0,135.0,,,,,,,,2026-09-06,2026-09-06,NYC,hourly_forecasts,nws_gridpoint_forecast,,,temperature=F;wind_speed=mph;precipitation_probability=percent,,,7.0,0.0,,Partly Cloudy,,2026-09-01 16:34:38,,,,,,,,,,,,,,
NYC,2026-09-01,2026-09-01T18:16:09.256353,2026-09-01T18:16:09.256353,2026-09-06 20:00:00,71.0,66.0,59.0,0.0,0.0,2.0,,50.0,6.0,135.0,,,,,,,,2026-09-06,2026-09-06,NYC,hourly_forecasts,nws_gridpoint_forecast,,,temperature=F;wind_speed=mph;precipitation_probability=percent,,,10.0,0.0,,Partly Cloudy,,2026-09-01 16:34:38,,,,,,,,,,,,,,
NYC,2026-09-01,2026-09-01T18:16:09.256353,2026-09-01T18:16:09.256353,2026-09-06 21:00:00,70.0,68.0,59.0,0.0,0.0,2.0,,50.0,5.0,135.0,,,,,,,,2026-09-06,2026-09-06,NYC,hourly_forecasts,nws_gridpoint_forecast,,,temperature=F;wind_speed=mph;precipitation_probability=percent,,,10.0,0.0,,Partly Cloudy,,2026-09-01 16:34:38,,,,,,,,,,,,,,
NYC,2026-09-01,2026-09-01T18:16:09.256353,2026-09-01T18:16:09.256353,2026-09-06 22:00:00,69.0,70.0,59.0,0.0,0.0,2.0,,50.0,5.0,180.0,,,,,,,,2026-09-06,2026-09-06,NYC,hourly_forecasts,nws_gridpoint_forecast,,,temperature=F;wind_speed=mph;precipitation_probability=percent,,,10.0,0.0,,Partly Cloudy,,2026-09-01 16:34:38,,,,,,,,,,,,,,
NYC,2026-09-01,2026-09-01T18:16:09.256353,2026-09-01T18:16:09.256353,2026-09-06 23:00:00,68.0,73.0,59.0,0.0,0.0,2.0,,50.0,3.0,180.0,,,,,,,,2026-09-06,2026-09-06,NYC,hourly_forecasts,nws_gridpoint_forecast,,,temperature=F;wind_speed=mph;precipitation_probability=percent,,,10.0,0.0,,Partly Cloudy,,2026-09-01 16:34:38,,,,,,,,,,,,,,
NYC,2026-09-01,2026-09-01T18:16:09.256353,2026-09-01T18:16:09.256353,2026-09-07 00:00:00,67.0,75.0,59.0,0.0,0.0,2.0,,50.0,3.0,180.0,,,,,,,,2026-09-07,2026-09-07,NYC,hourly_forecasts,nws_gridpoint_forecast,,,temperature=F;wind_speed=mph;precipitation_probability=percent,,,10.0,0.0,,Partly Cloudy,,2026-09-01 16:34:38,,,,,,,,,,,,,,
NYC,2026-09-01,2026-09-01T18:16:09.256353,2026-09-01T18:16:09.256353,2026-09-07 01:00:00,65.0,78.0,58.0,0.0,0.0,2.0,,50.0,3.0,225.0,,,,,,,,2026-09-07,2026-09-07,NYC,hourly_forecasts,nws_gridpoint_forecast,,,temperature=F;wind_speed=mph;precipitation_probability=percent,,,10.0,0.0,,Partly Cloudy,,2026-09-01 16:34:38,,,,,,,,,,,,,,
NYC,2026-09-01,2026-09-01T18:16:09.256353,2026-09-01T18:16:09.256353,2026-09-07 02:00:00,64.0,81.0,58.0,0.0,0.0,0.0,,0.0,3.0,225.0,,,,,,,,2026-09-07,2026-09-07,NYC,hourly_forecasts,nws_gridpoint_forecast,,,temperature=F;wind_speed=mph;precipitation_probability=percent,,,12.0,0.0,,Mostly Clear,,2026-09-01 16:34:38,,,,,,,,,,,,,,
NYC,2026-09-01,2026-09-01T18:16:09.256353,2026-09-01T18:16:09.256353,2026-09-07 03:00:00,63.0,84.0,58.0,0.0,0.0,0.0,,0.0,3.0,225.0,,,,,,,,2026-09-07,2026-09-07,NYC,hourly_forecasts,nws_gridpoint_forecast,,,temperature=F;wind_speed=mph;precipitation_probability=percent,,,12.0,0.0,,Mostly Clear,,2026-09-01 16:34:38,,,,,,,,,,,,,,
NYC,2026-09-01,2026-09-01T18:16:09.256353,2026-09-01T18:16:09.256353,2026-09-07 04:00:00,63.0,84.0,58.0,0.0,0.0,0.0,,0.0,3.0,270.0,,,,,,,,2026-09-07,2026-09-07,NYC,hourly_forecasts,nws_gridpoint_forecast,,,temperature=F;wind_speed=mph;precipitation_probability=percent,,,12.0,0.0,,Mostly Clear,,2026-09-01 16:34:38,,,,,,,,,,,,,,
NYC,2026-09-01,2026-09-01T18:16:09.256353,2026-09-01T18:16:09.256353,2026-09-07 05:00:00,63.0,84.0,58.0,0.0,0.0,0.0,,0.0,3.0,270.0,,,,,,,,2026-09-07,2026-09-07,NYC,hourly_forecasts,nws_gridpoint_forecast,,,temperature=F;wind_speed=mph;precipitation_probability=percent,,,12.0,0.0,,Mostly Clear,,2026-09-01 16:34:38,,,,,,,,,,,,,,
NYC,2026-09-01,2026-09-01T18:16:09.256353,2026-09-01T18:16:09.256353,2026-09-07 06:00:00,63.0,84.0,58.0,0.0,0.0,0.0,,0.0,3.0,270.0,,,,,,,,2026-09-07,2026-09-07,NYC,hourly_forecasts,nws_gridpoint_forecast,,,temperature=F;wind_speed=mph;precipitation_probability=percent,,,12.0,1.0,,Sunny,,2026-09-01 16:34:38,,,,,,,,,,,,,,
NYC,2026-09-01,2026-09-01T18:16:09.256353,2026-09-01T18:16:09.256353,2026-09-07 07:00:00,64.0,84.0,59.0,0.0,0.0,0.0,,0.0,5.0,270.0,,,,,,,,2026-09-07,2026-09-07,NYC,hourly_forecasts,nws_gridpoint_forecast,,,temperature=F;wind_speed=mph;precipitation_probability=percent,,,12.0,1.0,,Sunny,,2026-09-01 16:34:38,,,,,,,,,,,,,,
NYC,2026-09-01,2026-09-01T18:16:09.256353,2026-09-01T18:16:09.256353,2026-09-07 08:00:00,65.0,81.0,59.0,0.0,0.0,0.0,,0.0,5.0,270.0,,,,,,,,2026-09-07,2026-09-07,NYC,hourly_forecasts,nws_gridpoint_forecast,,,temperature=F;wind_speed=mph;precipitation_probability=percent,,,7.0,1.0,,Sunny,,2026-09-01 16:34:38,,,,,,,,,,,,,,
NYC,2026-09-01,2026-09-01T18:16:09.256353,2026-09-01T18:16:09.256353,2026-09-07 09:00:00,67.0,75.0,59.0,0.0,0.0,0.0,,0.0,5.0,270.0,,,,,,,,2026-09-07,2026-09-07,NYC,hourly_forecasts,nws_gridpoint_forecast,,,temperature=F;wind_speed=mph;precipitation_probability=percent,,,7.0,1.0,,Sunny,,2026-09-01 16:34:38,,,,,,,,,,,,,,
NYC,2026-09-01,2026-09-01T18:16:09.256353,2026-09-01T18:16:09.256353,2026-09-07 10:00:00,70.0,66.0,58.0,0.0,0.0,0.0,,0.0,5.0,270.0,,,,,,,,2026-09-07,2026-09-07,NYC,hourly_forecasts,nws_gridpoint_forecast,,,temperature=F;wind_speed=mph;precipitation_probability=percent,,,7.0,1.0,,Sunny,,2026-09-01 16:34:38,,,,,,,,,,,,,,
NYC,2026-09-01,2026-09-01T18:16:09.256353,2026-09-01T18:16:09.256353,2026-09-07 11:00:00,72.0,61.0,58.0,0.0,0.0,0.0,,0.0,5.0,270.0,,,,,,,,2026-09-07,2026-09-07,NYC,hourly_forecasts,nws_gridpoint_forecast,,,temperature=F;wind_speed=mph;precipitation_probability=percent,,,7.0,1.0,,Sunny,,2026-09-01 16:34:38,,,,,,,,,,,,,,
NYC,2026-09-01,2026-09-01T18:16:09.256353,2026-09-01T18:16:09.256353,2026-09-07 12:00:00,74.0,57.0,58.0,0.0,0.0,0.0,,0.0,6.0,225.0,,,,,,,,2026-09-07,2026-09-07,NYC,hourly_forecasts,nws_gridpoint_forecast,,,temperature=F;wind_speed=mph;precipitation_probability=percent,,,7.0,1.0,,Sunny,,2026-09-01 16:34:38,,,,,,,,,,,,,,
NYC,2026-09-01,2026-09-01T18:16:09.256353,2026-09-01T18:16:09.256353,2026-09-07 13:00:00,76.0,52.0,57.0,0.0,0.0,0.0,,0.0,6.0,225.0,,,,,,,,2026-09-07,2026-09-07,NYC,hourly_forecasts,nws_gridpoint_forecast,,,temperature=F;wind_speed=mph;precipitation_probability=percent,,,7.0,1.0,,Sunny,,2026-09-01 16:34:38,,,,,,,,,,,,,,
NYC,2026-09-01,2026-09-01T18:16:09.256353,2026-09-01T18:16:09.256353,2026-09-07 14:00:00,77.0,50.0,57.0,0.0,0.0,0.0,,0.0,7.0,225.0,,,,,,,,2026-09-07,2026-09-07,NYC,hourly_forecasts,nws_gridpoint_forecast,,,temperature=F;wind_speed=mph;precipitation_probability=percent,,,13.0,1.0,,Mostly Sunny,,2026-09-01 16:34:38,,,,,,,,,,,,,,
NYC,2026-09-01,2026-09-01T18:16:09.256353,2026-09-01T18:16:09.256353,2026-09-07 15:00:00,78.0,48.0,57.0,0.0,0.0,0.0,,0.0,7.0,225.0,,,,,,,,2026-09-07,2026-09-07,NYC,hourly_forecasts,nws_gridpoint_forecast,,,temperature=F;wind_speed=mph;precipitation_probability=percent,,,13.0,1.0,,Mostly Sunny,,2026-09-01 16:34:38,,,,,,,,,,,,,,
NYC,2026-09-01,2026-09-01T18:16:09.256353,2026-09-01T18:16:09.256353,2026-09-07 16:00:00,78.0,48.0,57.0,0.0,0.0,0.0,,0.0,7.0,180.0,,,,,,,,2026-09-07,2026-09-07,NYC,hourly_forecasts,nws_gridpoint_forecast,,,temperature=F;wind_speed=mph;precipitation_probability=percent,,,13.0,1.0,,Mostly Sunny,,2026-09-01 16:34:38,,,,,,,,,,,,,,
NYC,2026-09-01,2026-09-01T18:16:09.256353,2026-09-01T18:16:09.256353,2026-09-07 17:00:00,78.0,50.0,58.0,0.0,0.0,0.0,,0.0,7.0,180.0,,,,,,,,2026-09-07,2026-09-07,NYC,hourly_forecasts,nws_gridpoint_forecast,,,temperature=F;wind_speed=mph;precipitation_probability=percent,,,13.0,1.0,,Mostly Sunny,,2026-09-01 16:34:38,,,,,,,,,,,,,,
NYC,2026-09-01,2026-09-01T18:16:09.256353,2026-09-01T18:16:09.256353,2026-09-07 18:00:00,77.0,54.0,59.0,0.0,0.0,2.0,,50.0,7.0,180.0,,,,,,,,2026-09-07,2026-09-07,NYC,hourly_forecasts,nws_gridpoint_forecast,,,temperature=F;wind_speed=mph;precipitation_probability=percent,,,13.0,0.0,,Partly Cloudy,,2026-09-01 16:34:38,,,,,,,,,,,,,,
NYC,2026-09-01,2026-09-01T18:16:09.256353,2026-09-01T18:16:09.256353,2026-09-07 19:00:00,75.0,60.0,60.0,0.0,0.0,2.0,,50.0,7.0,180.0,,,,,,,,2026-09-07,2026-09-07,NYC,hourly_forecasts,nws_gridpoint_forecast,,,temperature=F;wind_speed=mph;precipitation_probability=percent,,,13.0,0.0,,Partly Cloudy,,2026-09-01 16:34:38,,,,,,,,,,,,,,
NYC,2026-09-01,2026-09-01T18:16:09.256353,2026-09-01T18:16:09.256353,2026-09-07 20:00:00,73.0,66.0,61.0,0.0,0.0,2.0,,50.0,7.0,180.0,,,,,,,,2026-09-07,2026-09-07,NYC,hourly_forecasts,nws_gridpoint_forecast,,,temperature=F;wind_speed=mph;precipitation_probability=percent,,,12.0,0.0,,Partly Cloudy,,2026-09-01 16:34:38,,,,,,,,,,,,,,
NYC,2026-09-01,2026-09-01T18:16:09.256353,2026-09-01T18:16:09.256353,2026-09-07 21:00:00,71.0,71.0,61.0,0.0,0.0,2.0,,50.0,7.0,180.0,,,,,,,,2026-09-07,2026-09-07,NYC,hourly_forecasts,nws_gridpoint_forecast,,,temperature=F;wind_speed=mph;precipitation_probability=percent,,,12.0,0.0,,Partly Cloudy,,2026-09-01 16:34:38,,,,,,,,,,,,,,
NYC,2026-09-01,2026-09-01T18:16:09.256353,2026-09-01T18:16:09.256353,2026-09-07 22:00:00,70.0,73.0,61.0,0.0,0.0,2.0,,50.0,6.0,180.0,,,,,,,,2026-09-07,2026-09-07,NYC,hourly_forecasts,nws_gridpoint_forecast,,,temperature=F;wind_speed=mph;precipitation_probability=percent,,,12.0,0.0,,Partly Cloudy,,2026-09-01 16:34:38,,,,,,,,,,,,,,
NYC,2026-09-01,2026-09-01T18:16:09.256353,2026-09-01T18:16:09.256353,2026-09-07 23:00:00,69.0,76.0,61.0,0.0,0.0,2.0,,50.0,6.0,180.0,,,,,,,,2026-09-07,2026-09-07,NYC,hourly_forecasts,nws_gridpoint_forecast,,,temperature=F;wind_speed=mph;precipitation_probability=percent,,,12.0,0.0,,Partly Cloudy,,2026-09-01 16:34:38,,,,,,,,,,,,,,
NYC,2026-09-01,2026-09-01T18:16:09.256353,2026-09-01T18:16:09.256353,2026-09-08 00:00:00,68.0,78.0,61.0,0.0,0.0,2.0,,50.0,6.0,225.0,,,,,,,,2026-09-08,2026-09-08,NYC,hourly_forecasts,nws_gridpoint_forecast,,,temperature=F;wind_speed=mph;precipitation_probability=percent,,,12.0,0.0,,Partly Cloudy,,2026-09-01 16:34:38,,,,,,,,,,,,,,
NYC,2026-09-01,2026-09-01T18:16:09.256353,2026-09-01T18:16:09.256353,2026-09-08 01:00:00,68.0,76.0,60.0,0.0,0.0,2.0,,50.0,6.0,225.0,,,,,,,,2026-09-08,2026-09-08,NYC,hourly_forecasts,nws_gridpoint_forecast,,,temperature=F;wind_speed=mph;precipitation_probability=percent,,,12.0,0.0,,Partly Cloudy,,2026-09-01 16:34:38,,,,,,,,,,,,,,
NYC,2026-09-01,2026-09-01T18:16:09.256353,2026-09-01T18:16:09.256353,2026-09-08 02:00:00,67.0,78.0,60.0,0.0,0.0,2.0,,50.0,6.0,225.0,,,,,,,,2026-09-08,2026-09-08,NYC,hourly_forecasts,nws_gridpoint_forecast,,,temperature=F;wind_speed=mph;precipitation_probability=percent,,,7.0,0.0,,Partly Cloudy,,2026-09-01 16:34:38,,,,,,,,,,,,,,
NYC,2026-09-01,2026-09-01T18:16:09.256353,2026-09-01T18:16:09.256353,2026-09-08 03:00:00,66.0,81.0,60.0,0.0,0.0,2.0,,50.0,6.0,225.0,,,,,,,,2026-09-08,2026-09-08,NYC,hourly_forecasts,nws_gridpoint_forecast,,,temperature=F;wind_speed=mph;precipitation_probability=percent,,,7.0,0.0,,Partly Cloudy,,2026-09-01 16:34:38,,,,,,,,,,,,,,
NYC,2026-09-01,2026-09-01T18:16:09.256353,2026-09-01T18:16:09.256353,2026-09-08 04:00:00,65.0,81.0,59.0,0.0,0.0,2.0,,50.0,6.0,270.0,,,,,,,,2026-09-08,2026-09-08,NYC,hourly_forecasts,nws_gridpoint_forecast,,,temperature=F;wind_speed=mph;precipitation_probability=percent,,,7.0,0.0,,Partly Cloudy,,2026-09-01 16:34:38,,,,,,,,,,,,,,
NYC,2026-09-01,2026-09-01T18:16:09.256353,2026-09-01T18:16:09.256353,,,,,,,95.0,,,,,,,,,,,,2026-09-01,2026-09-01,NYC,daily_forecast,nws_gridpoint_forecast,,,,,,,,,,,2026-09-01 16:34:38,80.0,73.0,86.0,6.0,86.0,8.0,,,,,,,,
NYC,2026-09-01,2026-09-01T18:16:09.256353,2026-09-01T18:16:09.256353,,,,,,,2.0,,,,,,,,,,,,2026-09-02,2026-09-02,NYC,daily_forecast,nws_gridpoint_forecast,,,,,,,,,,,2026-09-01 16:34:38,76.0,69.0,32.0,8.0,72.0,8.0,,,,,,,,
NYC,2026-09-01,2026-09-01T18:16:09.256353,2026-09-01T18:16:09.256353,,,,,,,95.0,,,,,,,,,,,,2026-09-03,2026-09-03,NYC,daily_forecast,nws_gridpoint_forecast,,,,,,,,,,,2026-09-01 16:34:38,83.0,69.0,72.0,9.0,72.0,9.0,,,,,,,,
NYC,2026-09-01,2026-09-01T18:16:09.256353,2026-09-01T18:16:09.256353,,,,,,,61.0,,,,,,,,,,,,2026-09-04,2026-09-04,NYC,daily_forecast,nws_gridpoint_forecast,,,,,,,,,,,2026-09-01 16:34:38,83.0,71.0,49.0,10.0,7.0,10.0,,,,,,,,
NYC,2026-09-01,2026-09-01T18:16:09.256353,2026-09-01T18:16:09.256353,,,,,,,2.0,,,,,,,,,,,,2026-09-05,2026-09-05,NYC,daily_forecast,nws_gridpoint_forecast,,,,,,,,,,,2026-09-01 16:34:38,79.0,67.0,6.0,10.0,6.0,10.0,,,,,,,,
NYC,2026-09-01,2026-09-01T18:16:09.256353,2026-09-01T18:16:09.256353,,,,,,,2.0,,,,,,,,,,,,2026-09-06,2026-09-06,NYC,daily_forecast,nws_gridpoint_forecast,,,,,,,,,,,2026-09-01 16:34:38,76.0,64.0,10.0,8.0,12.0,8.0,,,,,,,,
NYC,2026-09-01,2026-09-01T18:16:09.256353,2026-09-01T18:16:09.256353,,,,,,,2.0,,,,,,,,,,,,2026-09-07,2026-09-07,NYC,daily_forecast,nws_gridpoint_forecast,,,,,,,,,,,2026-09-01 16:34:38,78.0,63.0,13.0,7.0,13.0,7.0,,,,,,,,
NYC,2026-09-01,2026-09-01T18:16:09.256353,2026-09-01T18:16:09.256353,,,,,,,2.0,,,,,,,,,,,,2026-09-08,2026-09-08,NYC,daily_forecast,nws_gridpoint_forecast,,,,,,,,,,,2026-09-01 16:34:38,68.0,65.0,12.0,6.0,,,,,,,,,,
NYC,2026-09-01,2026-09-01T18:16:09.256353,2026-09-01T18:16:09.256353,,,,,,,,,,,,,,,,,,,,,,weather_diagnostics,,,,,,,,,,,,,,,,,,,temperature_2m_unit,hourly_observations,OK,,,,,actual_unit=F
NYC,2026-09-01,2026-09-01T18:16:09.256353,2026-09-01T18:16:09.256353,,,,,,,,,,,,,,,,,,,,,,weather_diagnostics,,,,,,,,,,,,,,,,,,,wind_speed_10m_unit,hourly_observations,OK,,,,,actual_unit=mp/h
NYC,2026-09-01,2026-09-01T18:16:09.256353,2026-09-01T18:16:09.256353,,,,,,,,,,,,,,,,,,,,,,weather_diagnostics,,,,,,,,,,,,,,,,,,,precipitation_unit,hourly_observations,OK,,,,,actual_unit=inch
NYC,2026-09-01,2026-09-01T18:16:09.256353,2026-09-01T18:16:09.256353,,,,,,,,,,,,,,,,,,,,,,weather_diagnostics,,,,,,,,,,,,,,,,,,,temperature_2m_unit,hourly_forecasts,OK,,,,,actual_unit=F
NYC,2026-09-01,2026-09-01T18:16:09.256353,2026-09-01T18:16:09.256353,,,,,,,,,,,,,,,,,,,,,,weather_diagnostics,,,,,,,,,,,,,,,,,,,wind_speed_10m_unit,hourly_forecasts,OK,,,,,actual_unit=mph
NYC,2026-09-01,2026-09-01T18:16:09.256353,2026-09-01T18:16:09.256353,,,,,,,,,,,,,,,,,,,,,,weather_diagnostics,,,,,,,,,,,,,,,,,,,precipitation_unit,hourly_forecasts,OK,,,,,actual_unit=inch
NYC,2026-09-01,2026-09-01T18:16:09.256353,2026-09-01T18:16:09.256353,,,,,,,,,,,,,,,,,,,,,,weather_diagnostics,,,,,,,,,,,,,,,,,,,latest_observation_age,hourly_observations,OK,,2026-09-01T17:51:00,,25.154272549999998,
NYC,2026-09-01,2026-09-01T18:16:09.256353,2026-09-01T18:16:09.256353,,,,,,,,,,,,,,,,,,,,,,weather_diagnostics,,,,,,,,,,,,,,,,,,,latest_hourly_forecast_valid_time,hourly_forecasts,OK,,2026-09-01T18:00:00,,16.154272549999998,
NYC,2026-09-01,2026-09-01T18:16:09.256353,2026-09-01T18:16:09.256353,,,,,,,,,,,,,,,,,,,,,,weather_diagnostics,,,,,,,,,,,,,,,,,,,verified_observed_high_window,hourly_observations,NO_TRADE,unverified_observed_high_window,2026-09-01T13:51:00,,265.15427255000003,NWS max-temperature remarks verify the station high only through the latest summary report; max_unverified_minutes=20.
NYC,2026-09-01,2026-09-01T18:16:09.256353,2026-09-01T18:16:09.256353,,,,,,,,,,,,,,,,,,,,,,weather_diagnostics,,,,,,,,,,,,,,,,,,,daily_forecast_high_present,daily_forecast,OK,,,2026-09-01T18:16:09.256353,,target_date=2026-09-01
NYC,2026-09-01,2026-09-01T18:16:09.256353,2026-09-01T18:16:09.256353,,,,,,,,,,,,,,,,,,,,,,weather_diagnostics,,,,,,,,,,,,,,,,,,,forecast_issue_time_present,hourly_forecasts,OK,,2026-09-01T16:34:38,2026-09-01T18:16:09.256353,,
NYC,2026-09-01,2026-09-01T18:16:09.256353,2026-09-01T18:16:09.256353,,,,,,,,,,,,,,,,,,,,,,weather_diagnostics,,,,,,,,,,,,,,,,,,,live_trading_eligibility,all,SHADOW_ONLY,day2_read_only_and_forecast_provenance_warning,,2026-09-01T18:16:09.256353,,"Day 2 creates scoreable rows only; no order books, edge, or order intents."
