fetched_at,ticker,outcome_side,quote_type,price_dollars,size_contracts,level,cumulative_size,source_book_side
2026-09-01T18:16:09.256353-04:00,KXHIGHNY-26SEP01-T83,YES,bid,0.99,3439.56,1,3439.56,yes_dollars
2026-09-01T18:16:09.256353-04:00,KXHIGHNY-26SEP01-T83,YES,bid,0.98,261.0,2,3700.56,yes_dollars
2026-09-01T18:16:09.256353-04:00,KXHIGHNY-26SEP01-T83,YES,bid,0.97,21.0,3,3721.56,yes_dollars
2026-09-01T18:16:09.256353-04:00,KXHIGHNY-26SEP01-T83,YES,bid,0.96,100.0,4,3821.56,yes_dollars
2026-09-01T18:16:09.256353-04:00,KXHIGHNY-26SEP01-T83,YES,bid,0.95,3.0,5,3824.56,yes_dollars
2026-09-01T18:16:09.256353-04:00,KXHIGHNY-26SEP01-T83,YES,bid,0.93,10.0,6,3834.56,yes_dollars
2026-09-01T18:16:09.256353-04:00,KXHIGHNY-26SEP01-T83,YES,bid,0.9,3.0,7,3837.56,yes_dollars
2026-09-01T18:16:09.256353-04:00,KXHIGHNY-26SEP01-T83,YES,bid,0.76,25.0,8,3862.56,yes_dollars
2026-09-01T18:16:09.256353-04:00,KXHIGHNY-26SEP01-T83,YES,bid,0.75,6.0,9,3868.56,yes_dollars
2026-09-01T18:16:09.256353-04:00,KXHIGHNY-26SEP01-T83,YES,bid,0.65,4.0,10,3872.56,yes_dollars
2026-09-01T18:16:09.256353-04:00,KXHIGHNY-26SEP01-T83,YES,bid,0.64,80.0,11,3952.56,yes_dollars
2026-09-01T18:16:09.256353-04:00,KXHIGHNY-26SEP01-T83,YES,bid,0.55,2.0,12,3954.56,yes_dollars
2026-09-01T18:16:09.256353-04:00,KXHIGHNY-26SEP01-T83,YES,bid,0.54,10.0,13,3964.56,yes_dollars
2026-09-01T18:16:09.256353-04:00,KXHIGHNY-26SEP01-T83,YES,bid,0.4,85.0,14,4049.56,yes_dollars
2026-09-01T18:16:09.256353-04:00,KXHIGHNY-26SEP01-T83,YES,bid,0.34,13.0,15,4062.56,yes_dollars
2026-09-01T18:16:09.256353-04:00,KXHIGHNY-26SEP01-T83,YES,bid,0.31,100.0,16,4162.5599999999995,yes_dollars
2026-09-01T18:16:09.256353-04:00,KXHIGHNY-26SEP01-T83,YES,bid,0.3,10.0,17,4172.5599999999995,yes_dollars
2026-09-01T18:16:09.256353-04:00,KXHIGHNY-26SEP01-T83,YES,bid,0.25,61.02,18,4233.58,yes_dollars
2026-09-01T18:16:09.256353-04:00,KXHIGHNY-26SEP01-T83,YES,bid,0.2,7.0,19,4240.58,yes_dollars
2026-09-01T18:16:09.256353-04:00,KXHIGHNY-26SEP01-T83,YES,bid,0.19,4.0,20,4244.58,yes_dollars
2026-09-01T18:16:09.256353-04:00,KXHIGHNY-26SEP01-T83,NO,ask,0.01,3439.56,1,3439.56,yes_dollars
2026-09-01T18:16:09.256353-04:00,KXHIGHNY-26SEP01-T83,NO,ask,0.02,261.0,2,3700.56,yes_dollars
2026-09-01T18:16:09.256353-04:00,KXHIGHNY-26SEP01-T83,NO,ask,0.03,21.0,3,3721.56,yes_dollars
2026-09-01T18:16:09.256353-04:00,KXHIGHNY-26SEP01-T83,NO,ask,0.04,100.0,4,3821.56,yes_dollars
2026-09-01T18:16:09.256353-04:00,KXHIGHNY-26SEP01-T83,NO,ask,0.05,3.0,5,3824.56,yes_dollars
2026-09-01T18:16:09.256353-04:00,KXHIGHNY-26SEP01-T83,NO,ask,0.07,10.0,6,3834.56,yes_dollars
2026-09-01T18:16:09.256353-04:00,KXHIGHNY-26SEP01-T83,NO,ask,0.1,3.0,7,3837.56,yes_dollars
2026-09-01T18:16:09.256353-04:00,KXHIGHNY-26SEP01-T83,NO,ask,0.24,25.0,8,3862.56,yes_dollars
2026-09-01T18:16:09.256353-04:00,KXHIGHNY-26SEP01-T83,NO,ask,0.25,6.0,9,3868.56,yes_dollars
2026-09-01T18:16:09.256353-04:00,KXHIGHNY-26SEP01-T83,NO,ask,0.35,4.0,10,3872.56,yes_dollars
2026-09-01T18:16:09.256353-04:00,KXHIGHNY-26SEP01-T83,NO,ask,0.36,80.0,11,3952.56,yes_dollars
2026-09-01T18:16:09.256353-04:00,KXHIGHNY-26SEP01-T83,NO,ask,0.45,2.0,12,3954.56,yes_dollars
2026-09-01T18:16:09.256353-04:00,KXHIGHNY-26SEP01-T83,NO,ask,0.46,10.0,13,3964.56,yes_dollars
2026-09-01T18:16:09.256353-04:00,KXHIGHNY-26SEP01-T83,NO,ask,0.6,85.0,14,4049.56,yes_dollars
2026-09-01T18:16:09.256353-04:00,KXHIGHNY-26SEP01-T83,NO,ask,0.66,13.0,15,4062.56,yes_dollars
2026-09-01T18:16:09.256353-04:00,KXHIGHNY-26SEP01-T83,NO,ask,0.69,100.0,16,4162.5599999999995,yes_dollars
2026-09-01T18:16:09.256353-04:00,KXHIGHNY-26SEP01-T83,NO,ask,0.7,10.0,17,4172.5599999999995,yes_dollars
2026-09-01T18:16:09.256353-04:00,KXHIGHNY-26SEP01-T83,NO,ask,0.75,61.02,18,4233.58,yes_dollars
2026-09-01T18:16:09.256353-04:00,KXHIGHNY-26SEP01-T83,NO,ask,0.8,7.0,19,4240.58,yes_dollars
2026-09-01T18:16:09.256353-04:00,KXHIGHNY-26SEP01-T83,NO,ask,0.81,4.0,20,4244.58,yes_dollars
2026-09-01T18:16:09.256353-04:00,KXHIGHNY-26SEP01-B83.5,NO,bid,0.99,3742.84,1,3742.84,no_dollars
2026-09-01T18:16:09.256353-04:00,KXHIGHNY-26SEP01-B83.5,NO,bid,0.98,200.0,2,3942.84,no_dollars
2026-09-01T18:16:09.256353-04:00,KXHIGHNY-26SEP01-B83.5,NO,bid,0.97,461.72,3,4404.56,no_dollars
2026-09-01T18:16:09.256353-04:00,KXHIGHNY-26SEP01-B83.5,NO,bid,0.96,107.0,4,4511.56,no_dollars
2026-09-01T18:16:09.256353-04:00,KXHIGHNY-26SEP01-B83.5,NO,bid,0.91,11.0,5,4522.56,no_dollars
2026-09-01T18:16:09.256353-04:00,KXHIGHNY-26SEP01-B83.5,NO,bid,0.82,18.0,6,4540.56,no_dollars
2026-09-01T18:16:09.256353-04:00,KXHIGHNY-26SEP01-B83.5,NO,bid,0.78,1.0,7,4541.56,no_dollars
2026-09-01T18:16:09.256353-04:00,KXHIGHNY-26SEP01-B83.5,NO,bid,0.76,22.13,8,4563.6900000000005,no_dollars
2026-09-01T18:16:09.256353-04:00,KXHIGHNY-26SEP01-B83.5,NO,bid,0.74,73.05,9,4636.740000000001,no_dollars
2026-09-01T18:16:09.256353-04:00,KXHIGHNY-26SEP01-B83.5,NO,bid,0.72,1.0,10,4637.740000000001,no_dollars
2026-09-01T18:16:09.256353-04:00,KXHIGHNY-26SEP01-B83.5,NO,bid,0.7,1.0,11,4638.740000000001,no_dollars
2026-09-01T18:16:09.256353-04:00,KXHIGHNY-26SEP01-B83.5,NO,bid,0.69,2.0,12,4640.740000000001,no_dollars
2026-09-01T18:16:09.256353-04:00,KXHIGHNY-26SEP01-B83.5,NO,bid,0.68,749.0,13,5389.740000000001,no_dollars
2026-09-01T18:16:09.256353-04:00,KXHIGHNY-26SEP01-B83.5,NO,bid,0.67,34.39,14,5424.130000000001,no_dollars
2026-09-01T18:16:09.256353-04:00,KXHIGHNY-26SEP01-B83.5,NO,bid,0.64,321.76,15,5745.890000000001,no_dollars
2026-09-01T18:16:09.256353-04:00,KXHIGHNY-26SEP01-B83.5,NO,bid,0.61,21.8,16,5767.690000000001,no_dollars
2026-09-01T18:16:09.256353-04:00,KXHIGHNY-26SEP01-B83.5,NO,bid,0.53,10.0,17,5777.690000000001,no_dollars
2026-09-01T18:16:09.256353-04:00,KXHIGHNY-26SEP01-B83.5,NO,bid,0.5,10.0,18,5787.690000000001,no_dollars
2026-09-01T18:16:09.256353-04:00,KXHIGHNY-26SEP01-B83.5,NO,bid,0.48,9.89,19,5797.580000000002,no_dollars
2026-09-01T18:16:09.256353-04:00,KXHIGHNY-26SEP01-B83.5,NO,bid,0.46,10.44,20,5808.020000000001,no_dollars
2026-09-01T18:16:09.256353-04:00,KXHIGHNY-26SEP01-B83.5,YES,ask,0.01,3742.84,1,3742.84,no_dollars
2026-09-01T18:16:09.256353-04:00,KXHIGHNY-26SEP01-B83.5,YES,ask,0.02,200.0,2,3942.84,no_dollars
2026-09-01T18:16:09.256353-04:00,KXHIGHNY-26SEP01-B83.5,YES,ask,0.03,461.72,3,4404.56,no_dollars
2026-09-01T18:16:09.256353-04:00,KXHIGHNY-26SEP01-B83.5,YES,ask,0.04,107.0,4,4511.56,no_dollars
2026-09-01T18:16:09.256353-04:00,KXHIGHNY-26SEP01-B83.5,YES,ask,0.09,11.0,5,4522.56,no_dollars
2026-09-01T18:16:09.256353-04:00,KXHIGHNY-26SEP01-B83.5,YES,ask,0.18,18.0,6,4540.56,no_dollars
2026-09-01T18:16:09.256353-04:00,KXHIGHNY-26SEP01-B83.5,YES,ask,0.22,1.0,7,4541.56,no_dollars
2026-09-01T18:16:09.256353-04:00,KXHIGHNY-26SEP01-B83.5,YES,ask,0.24,22.13,8,4563.6900000000005,no_dollars
2026-09-01T18:16:09.256353-04:00,KXHIGHNY-26SEP01-B83.5,YES,ask,0.26,73.05,9,4636.740000000001,no_dollars
2026-09-01T18:16:09.256353-04:00,KXHIGHNY-26SEP01-B83.5,YES,ask,0.28,1.0,10,4637.740000000001,no_dollars
2026-09-01T18:16:09.256353-04:00,KXHIGHNY-26SEP01-B83.5,YES,ask,0.3,1.0,11,4638.740000000001,no_dollars
2026-09-01T18:16:09.256353-04:00,KXHIGHNY-26SEP01-B83.5,YES,ask,0.31,2.0,12,4640.740000000001,no_dollars
2026-09-01T18:16:09.256353-04:00,KXHIGHNY-26SEP01-B83.5,YES,ask,0.32,749.0,13,5389.740000000001,no_dollars
2026-09-01T18:16:09.256353-04:00,KXHIGHNY-26SEP01-B83.5,YES,ask,0.33,34.39,14,5424.130000000001,no_dollars
2026-09-01T18:16:09.256353-04:00,KXHIGHNY-26SEP01-B83.5,YES,ask,0.36,321.76,15,5745.890000000001,no_dollars
2026-09-01T18:16:09.256353-04:00,KXHIGHNY-26SEP01-B83.5,YES,ask,0.39,21.8,16,5767.690000000001,no_dollars
2026-09-01T18:16:09.256353-04:00,KXHIGHNY-26SEP01-B83.5,YES,ask,0.47,10.0,17,5777.690000000001,no_dollars
2026-09-01T18:16:09.256353-04:00,KXHIGHNY-26SEP01-B83.5,YES,ask,0.5,10.0,18,5787.690000000001,no_dollars
2026-09-01T18:16:09.256353-04:00,KXHIGHNY-26SEP01-B83.5,YES,ask,0.52,9.89,19,5797.580000000002,no_dollars
2026-09-01T18:16:09.256353-04:00,KXHIGHNY-26SEP01-B83.5,YES,ask,0.54,10.44,20,5808.020000000001,no_dollars
2026-09-01T18:16:09.256353-04:00,KXHIGHNY-26SEP01-B85.5,NO,bid,0.99,6547.43,1,6547.43,no_dollars
2026-09-01T18:16:09.256353-04:00,KXHIGHNY-26SEP01-B85.5,NO,bid,0.98,253.0,2,6800.43,no_dollars
2026-09-01T18:16:09.256353-04:00,KXHIGHNY-26SEP01-B85.5,NO,bid,0.97,268.0,3,7068.43,no_dollars
2026-09-01T18:16:09.256353-04:00,KXHIGHNY-26SEP01-B85.5,NO,bid,0.96,40.27,4,7108.700000000001,no_dollars
2026-09-01T18:16:09.256353-04:00,KXHIGHNY-26SEP01-B85.5,NO,bid,0.95,108.0,5,7216.700000000001,no_dollars
2026-09-01T18:16:09.256353-04:00,KXHIGHNY-26SEP01-B85.5,NO,bid,0.94,22.0,6,7238.700000000001,no_dollars
2026-09-01T18:16:09.256353-04:00,KXHIGHNY-26SEP01-B85.5,NO,bid,0.93,32.0,7,7270.700000000001,no_dollars
2026-09-01T18:16:09.256353-04:00,KXHIGHNY-26SEP01-B85.5,NO,bid,0.92,5.0,8,7275.700000000001,no_dollars
2026-09-01T18:16:09.256353-04:00,KXHIGHNY-26SEP01-B85.5,NO,bid,0.91,3.0,9,7278.700000000001,no_dollars
2026-09-01T18:16:09.256353-04:00,KXHIGHNY-26SEP01-B85.5,NO,bid,0.9,10.0,10,7288.700000000001,no_dollars
2026-09-01T18:16:09.256353-04:00,KXHIGHNY-26SEP01-B85.5,NO,bid,0.87,100.0,11,7388.700000000001,no_dollars
2026-09-01T18:16:09.256353-04:00,KXHIGHNY-26SEP01-B85.5,NO,bid,0.85,43.0,12,7431.700000000001,no_dollars
2026-09-01T18:16:09.256353-04:00,KXHIGHNY-26SEP01-B85.5,NO,bid,0.82,3.0,13,7434.700000000001,no_dollars
2026-09-01T18:16:09.256353-04:00,KXHIGHNY-26SEP01-B85.5,NO,bid,0.75,21.0,14,7455.700000000001,no_dollars
2026-09-01T18:16:09.256353-04:00,KXHIGHNY-26SEP01-B85.5,NO,bid,0.73,18.73,15,7474.43,no_dollars
2026-09-01T18:16:09.256353-04:00,KXHIGHNY-26SEP01-B85.5,NO,bid,0.7,1.0,16,7475.43,no_dollars
2026-09-01T18:16:09.256353-04:00,KXHIGHNY-26SEP01-B85.5,NO,bid,0.54,5.0,17,7480.43,no_dollars
2026-09-01T18:16:09.256353-04:00,KXHIGHNY-26SEP01-B85.5,NO,bid,0.51,3.0,18,7483.43,no_dollars
2026-09-01T18:16:09.256353-04:00,KXHIGHNY-26SEP01-B85.5,NO,bid,0.5,110.0,19,7593.43,no_dollars
2026-09-01T18:16:09.256353-04:00,KXHIGHNY-26SEP01-B85.5,NO,bid,0.45,10.0,20,7603.43,no_dollars
2026-09-01T18:16:09.256353-04:00,KXHIGHNY-26SEP01-B85.5,YES,ask,0.01,6547.43,1,6547.43,no_dollars
2026-09-01T18:16:09.256353-04:00,KXHIGHNY-26SEP01-B85.5,YES,ask,0.02,253.0,2,6800.43,no_dollars
2026-09-01T18:16:09.256353-04:00,KXHIGHNY-26SEP01-B85.5,YES,ask,0.03,268.0,3,7068.43,no_dollars
2026-09-01T18:16:09.256353-04:00,KXHIGHNY-26SEP01-B85.5,YES,ask,0.04,40.27,4,7108.700000000001,no_dollars
2026-09-01T18:16:09.256353-04:00,KXHIGHNY-26SEP01-B85.5,YES,ask,0.05,108.0,5,7216.700000000001,no_dollars
2026-09-01T18:16:09.256353-04:00,KXHIGHNY-26SEP01-B85.5,YES,ask,0.06,22.0,6,7238.700000000001,no_dollars
2026-09-01T18:16:09.256353-04:00,KXHIGHNY-26SEP01-B85.5,YES,ask,0.07,32.0,7,7270.700000000001,no_dollars
2026-09-01T18:16:09.256353-04:00,KXHIGHNY-26SEP01-B85.5,YES,ask,0.08,5.0,8,7275.700000000001,no_dollars
2026-09-01T18:16:09.256353-04:00,KXHIGHNY-26SEP01-B85.5,YES,ask,0.09,3.0,9,7278.700000000001,no_dollars
2026-09-01T18:16:09.256353-04:00,KXHIGHNY-26SEP01-B85.5,YES,ask,0.1,10.0,10,7288.700000000001,no_dollars
2026-09-01T18:16:09.256353-04:00,KXHIGHNY-26SEP01-B85.5,YES,ask,0.13,100.0,11,7388.700000000001,no_dollars
2026-09-01T18:16:09.256353-04:00,KXHIGHNY-26SEP01-B85.5,YES,ask,0.15,43.0,12,7431.700000000001,no_dollars
2026-09-01T18:16:09.256353-04:00,KXHIGHNY-26SEP01-B85.5,YES,ask,0.18,3.0,13,7434.700000000001,no_dollars
2026-09-01T18:16:09.256353-04:00,KXHIGHNY-26SEP01-B85.5,YES,ask,0.25,21.0,14,7455.700000000001,no_dollars
2026-09-01T18:16:09.256353-04:00,KXHIGHNY-26SEP01-B85.5,YES,ask,0.27,18.73,15,7474.43,no_dollars
2026-09-01T18:16:09.256353-04:00,KXHIGHNY-26SEP01-B85.5,YES,ask,0.3,1.0,16,7475.43,no_dollars
2026-09-01T18:16:09.256353-04:00,KXHIGHNY-26SEP01-B85.5,YES,ask,0.46,5.0,17,7480.43,no_dollars
2026-09-01T18:16:09.256353-04:00,KXHIGHNY-26SEP01-B85.5,YES,ask,0.49,3.0,18,7483.43,no_dollars
2026-09-01T18:16:09.256353-04:00,KXHIGHNY-26SEP01-B85.5,YES,ask,0.5,110.0,19,7593.43,no_dollars
2026-09-01T18:16:09.256353-04:00,KXHIGHNY-26SEP01-B85.5,YES,ask,0.55,10.0,20,7603.43,no_dollars
2026-09-01T18:16:09.256353-04:00,KXHIGHNY-26SEP01-B87.5,NO,bid,0.99,16086.14,1,16086.14,no_dollars
2026-09-01T18:16:09.256353-04:00,KXHIGHNY-26SEP01-B87.5,NO,bid,0.98,2503.0,2,18589.14,no_dollars
2026-09-01T18:16:09.256353-04:00,KXHIGHNY-26SEP01-B87.5,NO,bid,0.97,2718.0,3,21307.14,no_dollars
2026-09-01T18:16:09.256353-04:00,KXHIGHNY-26SEP01-B87.5,NO,bid,0.96,341.0,4,21648.14,no_dollars
2026-09-01T18:16:09.256353-04:00,KXHIGHNY-26SEP01-B87.5,NO,bid,0.95,37.0,5,21685.14,no_dollars
2026-09-01T18:16:09.256353-04:00,KXHIGHNY-26SEP01-B87.5,NO,bid,0.94,822.0,6,22507.14,no_dollars
2026-09-01T18:16:09.256353-04:00,KXHIGHNY-26SEP01-B87.5,NO,bid,0.93,20.0,7,22527.14,no_dollars
2026-09-01T18:16:09.256353-04:00,KXHIGHNY-26SEP01-B87.5,NO,bid,0.92,4.0,8,22531.14,no_dollars
2026-09-01T18:16:09.256353-04:00,KXHIGHNY-26SEP01-B87.5,NO,bid,0.91,3.0,9,22534.14,no_dollars
2026-09-01T18:16:09.256353-04:00,KXHIGHNY-26SEP01-B87.5,NO,bid,0.9,20.0,10,22554.14,no_dollars
2026-09-01T18:16:09.256353-04:00,KXHIGHNY-26SEP01-B87.5,NO,bid,0.89,3.0,11,22557.14,no_dollars
2026-09-01T18:16:09.256353-04:00,KXHIGHNY-26SEP01-B87.5,NO,bid,0.85,52.0,12,22609.14,no_dollars
2026-09-01T18:16:09.256353-04:00,KXHIGHNY-26SEP01-B87.5,NO,bid,0.75,12.0,13,22621.14,no_dollars
2026-09-01T18:16:09.256353-04:00,KXHIGHNY-26SEP01-B87.5,NO,bid,0.7,1.0,14,22622.14,no_dollars
2026-09-01T18:16:09.256353-04:00,KXHIGHNY-26SEP01-B87.5,NO,bid,0.66,30.0,15,22652.14,no_dollars
2026-09-01T18:16:09.256353-04:00,KXHIGHNY-26SEP01-B87.5,NO,bid,0.5,10.0,16,22662.14,no_dollars
2026-09-01T18:16:09.256353-04:00,KXHIGHNY-26SEP01-B87.5,NO,bid,0.45,6.0,17,22668.14,no_dollars
2026-09-01T18:16:09.256353-04:00,KXHIGHNY-26SEP01-B87.5,NO,bid,0.41,100.0,18,22768.14,no_dollars
2026-09-01T18:16:09.256353-04:00,KXHIGHNY-26SEP01-B87.5,NO,bid,0.35,103.0,19,22871.14,no_dollars
2026-09-01T18:16:09.256353-04:00,KXHIGHNY-26SEP01-B87.5,NO,bid,0.31,6.0,20,22877.14,no_dollars
2026-09-01T18:16:09.256353-04:00,KXHIGHNY-26SEP01-B87.5,YES,ask,0.01,16086.14,1,16086.14,no_dollars
2026-09-01T18:16:09.256353-04:00,KXHIGHNY-26SEP01-B87.5,YES,ask,0.02,2503.0,2,18589.14,no_dollars
2026-09-01T18:16:09.256353-04:00,KXHIGHNY-26SEP01-B87.5,YES,ask,0.03,2718.0,3,21307.14,no_dollars
2026-09-01T18:16:09.256353-04:00,KXHIGHNY-26SEP01-B87.5,YES,ask,0.04,341.0,4,21648.14,no_dollars
2026-09-01T18:16:09.256353-04:00,KXHIGHNY-26SEP01-B87.5,YES,ask,0.05,37.0,5,21685.14,no_dollars
2026-09-01T18:16:09.256353-04:00,KXHIGHNY-26SEP01-B87.5,YES,ask,0.06,822.0,6,22507.14,no_dollars
2026-09-01T18:16:09.256353-04:00,KXHIGHNY-26SEP01-B87.5,YES,ask,0.07,20.0,7,22527.14,no_dollars
2026-09-01T18:16:09.256353-04:00,KXHIGHNY-26SEP01-B87.5,YES,ask,0.08,4.0,8,22531.14,no_dollars
2026-09-01T18:16:09.256353-04:00,KXHIGHNY-26SEP01-B87.5,YES,ask,0.09,3.0,9,22534.14,no_dollars
2026-09-01T18:16:09.256353-04:00,KXHIGHNY-26SEP01-B87.5,YES,ask,0.1,20.0,10,22554.14,no_dollars
2026-09-01T18:16:09.256353-04:00,KXHIGHNY-26SEP01-B87.5,YES,ask,0.11,3.0,11,22557.14,no_dollars
2026-09-01T18:16:09.256353-04:00,KXHIGHNY-26SEP01-B87.5,YES,ask,0.15,52.0,12,22609.14,no_dollars
2026-09-01T18:16:09.256353-04:00,KXHIGHNY-26SEP01-B87.5,YES,ask,0.25,12.0,13,22621.14,no_dollars
2026-09-01T18:16:09.256353-04:00,KXHIGHNY-26SEP01-B87.5,YES,ask,0.3,1.0,14,22622.14,no_dollars
2026-09-01T18:16:09.256353-04:00,KXHIGHNY-26SEP01-B87.5,YES,ask,0.34,30.0,15,22652.14,no_dollars
2026-09-01T18:16:09.256353-04:00,KXHIGHNY-26SEP01-B87.5,YES,ask,0.5,10.0,16,22662.14,no_dollars
2026-09-01T18:16:09.256353-04:00,KXHIGHNY-26SEP01-B87.5,YES,ask,0.55,6.0,17,22668.14,no_dollars
2026-09-01T18:16:09.256353-04:00,KXHIGHNY-26SEP01-B87.5,YES,ask,0.59,100.0,18,22768.14,no_dollars
2026-09-01T18:16:09.256353-04:00,KXHIGHNY-26SEP01-B87.5,YES,ask,0.65,103.0,19,22871.14,no_dollars
2026-09-01T18:16:09.256353-04:00,KXHIGHNY-26SEP01-B87.5,YES,ask,0.69,6.0,20,22877.14,no_dollars
2026-09-01T18:16:09.256353-04:00,KXHIGHNY-26SEP01-B89.5,NO,bid,0.99,14286.53,1,14286.53,no_dollars
2026-09-01T18:16:09.256353-04:00,KXHIGHNY-26SEP01-B89.5,NO,bid,0.98,2703.0,2,16989.53,no_dollars
2026-09-01T18:16:09.256353-04:00,KXHIGHNY-26SEP01-B89.5,NO,bid,0.97,584.0,3,17573.53,no_dollars
2026-09-01T18:16:09.256353-04:00,KXHIGHNY-26SEP01-B89.5,NO,bid,0.96,364.0,4,17937.53,no_dollars
2026-09-01T18:16:09.256353-04:00,KXHIGHNY-26SEP01-B89.5,NO,bid,0.95,121.0,5,18058.53,no_dollars
2026-09-01T18:16:09.256353-04:00,KXHIGHNY-26SEP01-B89.5,NO,bid,0.94,264.0,6,18322.53,no_dollars
2026-09-01T18:16:09.256353-04:00,KXHIGHNY-26SEP01-B89.5,NO,bid,0.93,19.0,7,18341.53,no_dollars
2026-09-01T18:16:09.256353-04:00,KXHIGHNY-26SEP01-B89.5,NO,bid,0.92,15.0,8,18356.53,no_dollars
2026-09-01T18:16:09.256353-04:00,KXHIGHNY-26SEP01-B89.5,NO,bid,0.91,3.0,9,18359.53,no_dollars
2026-09-01T18:16:09.256353-04:00,KXHIGHNY-26SEP01-B89.5,NO,bid,0.9,10.0,10,18369.53,no_dollars
2026-09-01T18:16:09.256353-04:00,KXHIGHNY-26SEP01-B89.5,NO,bid,0.89,3.0,11,18372.53,no_dollars
2026-09-01T18:16:09.256353-04:00,KXHIGHNY-26SEP01-B89.5,NO,bid,0.85,38.0,12,18410.53,no_dollars
2026-09-01T18:16:09.256353-04:00,KXHIGHNY-26SEP01-B89.5,NO,bid,0.75,19.0,13,18429.53,no_dollars
2026-09-01T18:16:09.256353-04:00,KXHIGHNY-26SEP01-B89.5,NO,bid,0.7,1.0,14,18430.53,no_dollars
2026-09-01T18:16:09.256353-04:00,KXHIGHNY-26SEP01-B89.5,NO,bid,0.66,30.0,15,18460.53,no_dollars
2026-09-01T18:16:09.256353-04:00,KXHIGHNY-26SEP01-B89.5,NO,bid,0.65,1.0,16,18461.53,no_dollars
2026-09-01T18:16:09.256353-04:00,KXHIGHNY-26SEP01-B89.5,NO,bid,0.63,746.0,17,19207.53,no_dollars
2026-09-01T18:16:09.256353-04:00,KXHIGHNY-26SEP01-B89.5,NO,bid,0.5,10.0,18,19217.53,no_dollars
2026-09-01T18:16:09.256353-04:00,KXHIGHNY-26SEP01-B89.5,NO,bid,0.45,9.0,19,19226.53,no_dollars
2026-09-01T18:16:09.256353-04:00,KXHIGHNY-26SEP01-B89.5,NO,bid,0.41,100.0,20,19326.53,no_dollars
2026-09-01T18:16:09.256353-04:00,KXHIGHNY-26SEP01-B89.5,YES,ask,0.01,14286.53,1,14286.53,no_dollars
2026-09-01T18:16:09.256353-04:00,KXHIGHNY-26SEP01-B89.5,YES,ask,0.02,2703.0,2,16989.53,no_dollars
2026-09-01T18:16:09.256353-04:00,KXHIGHNY-26SEP01-B89.5,YES,ask,0.03,584.0,3,17573.53,no_dollars
2026-09-01T18:16:09.256353-04:00,KXHIGHNY-26SEP01-B89.5,YES,ask,0.04,364.0,4,17937.53,no_dollars
2026-09-01T18:16:09.256353-04:00,KXHIGHNY-26SEP01-B89.5,YES,ask,0.05,121.0,5,18058.53,no_dollars
2026-09-01T18:16:09.256353-04:00,KXHIGHNY-26SEP01-B89.5,YES,ask,0.06,264.0,6,18322.53,no_dollars
2026-09-01T18:16:09.256353-04:00,KXHIGHNY-26SEP01-B89.5,YES,ask,0.07,19.0,7,18341.53,no_dollars
2026-09-01T18:16:09.256353-04:00,KXHIGHNY-26SEP01-B89.5,YES,ask,0.08,15.0,8,18356.53,no_dollars
2026-09-01T18:16:09.256353-04:00,KXHIGHNY-26SEP01-B89.5,YES,ask,0.09,3.0,9,18359.53,no_dollars
2026-09-01T18:16:09.256353-04:00,KXHIGHNY-26SEP01-B89.5,YES,ask,0.1,10.0,10,18369.53,no_dollars
2026-09-01T18:16:09.256353-04:00,KXHIGHNY-26SEP01-B89.5,YES,ask,0.11,3.0,11,18372.53,no_dollars
2026-09-01T18:16:09.256353-04:00,KXHIGHNY-26SEP01-B89.5,YES,ask,0.15,38.0,12,18410.53,no_dollars
2026-09-01T18:16:09.256353-04:00,KXHIGHNY-26SEP01-B89.5,YES,ask,0.25,19.0,13,18429.53,no_dollars
2026-09-01T18:16:09.256353-04:00,KXHIGHNY-26SEP01-B89.5,YES,ask,0.3,1.0,14,18430.53,no_dollars
2026-09-01T18:16:09.256353-04:00,KXHIGHNY-26SEP01-B89.5,YES,ask,0.34,30.0,15,18460.53,no_dollars
2026-09-01T18:16:09.256353-04:00,KXHIGHNY-26SEP01-B89.5,YES,ask,0.35,1.0,16,18461.53,no_dollars
2026-09-01T18:16:09.256353-04:00,KXHIGHNY-26SEP01-B89.5,YES,ask,0.37,746.0,17,19207.53,no_dollars
2026-09-01T18:16:09.256353-04:00,KXHIGHNY-26SEP01-B89.5,YES,ask,0.5,10.0,18,19217.53,no_dollars
2026-09-01T18:16:09.256353-04:00,KXHIGHNY-26SEP01-B89.5,YES,ask,0.55,9.0,19,19226.53,no_dollars
2026-09-01T18:16:09.256353-04:00,KXHIGHNY-26SEP01-B89.5,YES,ask,0.59,100.0,20,19326.53,no_dollars
2026-09-01T18:16:09.256353-04:00,KXHIGHNY-26SEP01-T90,NO,bid,0.99,18164.01,1,18164.01,no_dollars
2026-09-01T18:16:09.256353-04:00,KXHIGHNY-26SEP01-T90,NO,bid,0.98,778.0,2,18942.01,no_dollars
2026-09-01T18:16:09.256353-04:00,KXHIGHNY-26SEP01-T90,NO,bid,0.97,969.0,3,19911.01,no_dollars
2026-09-01T18:16:09.256353-04:00,KXHIGHNY-26SEP01-T90,NO,bid,0.96,411.0,4,20322.01,no_dollars
2026-09-01T18:16:09.256353-04:00,KXHIGHNY-26SEP01-T90,NO,bid,0.95,103.0,5,20425.01,no_dollars
2026-09-01T18:16:09.256353-04:00,KXHIGHNY-26SEP01-T90,NO,bid,0.94,311.0,6,20736.01,no_dollars
2026-09-01T18:16:09.256353-04:00,KXHIGHNY-26SEP01-T90,NO,bid,0.93,87.0,7,20823.01,no_dollars
2026-09-01T18:16:09.256353-04:00,KXHIGHNY-26SEP01-T90,NO,bid,0.92,50.0,8,20873.01,no_dollars
2026-09-01T18:16:09.256353-04:00,KXHIGHNY-26SEP01-T90,NO,bid,0.91,53.0,9,20926.01,no_dollars
2026-09-01T18:16:09.256353-04:00,KXHIGHNY-26SEP01-T90,NO,bid,0.85,57.0,10,20983.01,no_dollars
2026-09-01T18:16:09.256353-04:00,KXHIGHNY-26SEP01-T90,NO,bid,0.75,28.0,11,21011.01,no_dollars
2026-09-01T18:16:09.256353-04:00,KXHIGHNY-26SEP01-T90,NO,bid,0.7,1.0,12,21012.01,no_dollars
2026-09-01T18:16:09.256353-04:00,KXHIGHNY-26SEP01-T90,NO,bid,0.66,30.0,13,21042.01,no_dollars
2026-09-01T18:16:09.256353-04:00,KXHIGHNY-26SEP01-T90,NO,bid,0.5,10.0,14,21052.01,no_dollars
2026-09-01T18:16:09.256353-04:00,KXHIGHNY-26SEP01-T90,NO,bid,0.45,14.0,15,21066.01,no_dollars
2026-09-01T18:16:09.256353-04:00,KXHIGHNY-26SEP01-T90,NO,bid,0.41,100.0,16,21166.01,no_dollars
2026-09-01T18:16:09.256353-04:00,KXHIGHNY-26SEP01-T90,NO,bid,0.35,107.0,17,21273.01,no_dollars
2026-09-01T18:16:09.256353-04:00,KXHIGHNY-26SEP01-T90,NO,bid,0.3,100.0,18,21373.01,no_dollars
2026-09-01T18:16:09.256353-04:00,KXHIGHNY-26SEP01-T90,NO,bid,0.26,100.0,19,21473.01,no_dollars
2026-09-01T18:16:09.256353-04:00,KXHIGHNY-26SEP01-T90,NO,bid,0.25,100.0,20,21573.01,no_dollars
2026-09-01T18:16:09.256353-04:00,KXHIGHNY-26SEP01-T90,YES,ask,0.01,18164.01,1,18164.01,no_dollars
2026-09-01T18:16:09.256353-04:00,KXHIGHNY-26SEP01-T90,YES,ask,0.02,778.0,2,18942.01,no_dollars
2026-09-01T18:16:09.256353-04:00,KXHIGHNY-26SEP01-T90,YES,ask,0.03,969.0,3,19911.01,no_dollars
2026-09-01T18:16:09.256353-04:00,KXHIGHNY-26SEP01-T90,YES,ask,0.04,411.0,4,20322.01,no_dollars
2026-09-01T18:16:09.256353-04:00,KXHIGHNY-26SEP01-T90,YES,ask,0.05,103.0,5,20425.01,no_dollars
2026-09-01T18:16:09.256353-04:00,KXHIGHNY-26SEP01-T90,YES,ask,0.06,311.0,6,20736.01,no_dollars
2026-09-01T18:16:09.256353-04:00,KXHIGHNY-26SEP01-T90,YES,ask,0.07,87.0,7,20823.01,no_dollars
2026-09-01T18:16:09.256353-04:00,KXHIGHNY-26SEP01-T90,YES,ask,0.08,50.0,8,20873.01,no_dollars
2026-09-01T18:16:09.256353-04:00,KXHIGHNY-26SEP01-T90,YES,ask,0.09,53.0,9,20926.01,no_dollars
2026-09-01T18:16:09.256353-04:00,KXHIGHNY-26SEP01-T90,YES,ask,0.15,57.0,10,20983.01,no_dollars
2026-09-01T18:16:09.256353-04:00,KXHIGHNY-26SEP01-T90,YES,ask,0.25,28.0,11,21011.01,no_dollars
2026-09-01T18:16:09.256353-04:00,KXHIGHNY-26SEP01-T90,YES,ask,0.3,1.0,12,21012.01,no_dollars
2026-09-01T18:16:09.256353-04:00,KXHIGHNY-26SEP01-T90,YES,ask,0.34,30.0,13,21042.01,no_dollars
2026-09-01T18:16:09.256353-04:00,KXHIGHNY-26SEP01-T90,YES,ask,0.5,10.0,14,21052.01,no_dollars
2026-09-01T18:16:09.256353-04:00,KXHIGHNY-26SEP01-T90,YES,ask,0.55,14.0,15,21066.01,no_dollars
2026-09-01T18:16:09.256353-04:00,KXHIGHNY-26SEP01-T90,YES,ask,0.59,100.0,16,21166.01,no_dollars
2026-09-01T18:16:09.256353-04:00,KXHIGHNY-26SEP01-T90,YES,ask,0.65,107.0,17,21273.01,no_dollars
2026-09-01T18:16:09.256353-04:00,KXHIGHNY-26SEP01-T90,YES,ask,0.7,100.0,18,21373.01,no_dollars
2026-09-01T18:16:09.256353-04:00,KXHIGHNY-26SEP01-T90,YES,ask,0.74,100.0,19,21473.01,no_dollars
2026-09-01T18:16:09.256353-04:00,KXHIGHNY-26SEP01-T90,YES,ask,0.75,100.0,20,21573.01,no_dollars
