split,model,bucket_schema,bucket,bin_lower,bin_upper,count,mean_predicted_probability,empirical_frequency,calibration_gap
validation,ngboost_normal_v0,kalshi_around_forecast_bucket_index,market_bucket_0,0.0,0.1,8257,0.012118926631845816,0.005934358725929514,0.006184567905916301
validation,ngboost_normal_v0,kalshi_around_forecast_bucket_index,market_bucket_0,0.1,0.2,109,0.11921750223562212,0.14678899082568808,-0.02757148859006596
validation,ngboost_normal_v0,kalshi_around_forecast_bucket_index,market_bucket_0,0.2,0.30000000000000004,1,0.20052402043782605,1.0,-0.799475979562174
validation,ngboost_normal_v0,kalshi_around_forecast_bucket_index,market_bucket_0,0.30000000000000004,0.4,29,0.35327592495182003,0.10344827586206896,0.24982764908975108
validation,ngboost_normal_v0,kalshi_around_forecast_bucket_index,market_bucket_0,0.4,0.5,0,,,
validation,ngboost_normal_v0,kalshi_around_forecast_bucket_index,market_bucket_0,0.5,0.6000000000000001,0,,,
validation,ngboost_normal_v0,kalshi_around_forecast_bucket_index,market_bucket_0,0.6000000000000001,0.7000000000000001,0,,,
validation,ngboost_normal_v0,kalshi_around_forecast_bucket_index,market_bucket_0,0.7000000000000001,0.8,0,,,
validation,ngboost_normal_v0,kalshi_around_forecast_bucket_index,market_bucket_0,0.8,0.9,0,,,
validation,ngboost_normal_v0,kalshi_around_forecast_bucket_index,market_bucket_0,0.9,1.0,0,,,
validation,ngboost_normal_v0,kalshi_around_forecast_bucket_index,market_bucket_2,0.0,0.1,0,,,
validation,ngboost_normal_v0,kalshi_around_forecast_bucket_index,market_bucket_2,0.1,0.2,5,0.19910833725857552,0.0,0.19910833725857552
validation,ngboost_normal_v0,kalshi_around_forecast_bucket_index,market_bucket_2,0.2,0.30000000000000004,385,0.250771708535135,0.012987012987012988,0.23778469554812198
validation,ngboost_normal_v0,kalshi_around_forecast_bucket_index,market_bucket_2,0.30000000000000004,0.4,969,0.36167088661450997,0.0825593395252838,0.27911154708922614
validation,ngboost_normal_v0,kalshi_around_forecast_bucket_index,market_bucket_2,0.4,0.5,5482,0.4610194630234435,0.4367019336008756,0.024317529422567874
validation,ngboost_normal_v0,kalshi_around_forecast_bucket_index,market_bucket_2,0.5,0.6000000000000001,1555,0.5243510827284393,0.74983922829582,-0.22548814556738062
validation,ngboost_normal_v0,kalshi_around_forecast_bucket_index,market_bucket_2,0.6000000000000001,0.7000000000000001,0,,,
validation,ngboost_normal_v0,kalshi_around_forecast_bucket_index,market_bucket_2,0.7000000000000001,0.8,0,,,
validation,ngboost_normal_v0,kalshi_around_forecast_bucket_index,market_bucket_2,0.8,0.9,0,,,
validation,ngboost_normal_v0,kalshi_around_forecast_bucket_index,market_bucket_2,0.9,1.0,0,,,
validation,ngboost_normal_v0,kalshi_around_forecast_bucket_index,market_bucket_5,0.0,0.1,8356,0.0037653894388113653,0.021182383915749163,-0.017416994476937796
validation,ngboost_normal_v0,kalshi_around_forecast_bucket_index,market_bucket_5,0.1,0.2,40,0.12034188804655654,0.75,-0.6296581119534435
validation,ngboost_normal_v0,kalshi_around_forecast_bucket_index,market_bucket_5,0.2,0.30000000000000004,0,,,
validation,ngboost_normal_v0,kalshi_around_forecast_bucket_index,market_bucket_5,0.30000000000000004,0.4,0,,,
validation,ngboost_normal_v0,kalshi_around_forecast_bucket_index,market_bucket_5,0.4,0.5,0,,,
validation,ngboost_normal_v0,kalshi_around_forecast_bucket_index,market_bucket_5,0.5,0.6000000000000001,0,,,
validation,ngboost_normal_v0,kalshi_around_forecast_bucket_index,market_bucket_5,0.6000000000000001,0.7000000000000001,0,,,
validation,ngboost_normal_v0,kalshi_around_forecast_bucket_index,market_bucket_5,0.7000000000000001,0.8,0,,,
validation,ngboost_normal_v0,kalshi_around_forecast_bucket_index,market_bucket_5,0.8,0.9,0,,,
validation,ngboost_normal_v0,kalshi_around_forecast_bucket_index,market_bucket_5,0.9,1.0,0,,,
test,ngboost_normal_v0,kalshi_around_forecast_bucket_index,market_bucket_0,0.0,0.1,11385,0.01209888383252116,0.018972332015810278,-0.006873448183289119
test,ngboost_normal_v0,kalshi_around_forecast_bucket_index,market_bucket_0,0.1,0.2,150,0.13349706508517253,0.48,-0.3465029349148274
test,ngboost_normal_v0,kalshi_around_forecast_bucket_index,market_bucket_0,0.2,0.30000000000000004,22,0.24678508485250603,0.9090909090909091,-0.662305824238403
test,ngboost_normal_v0,kalshi_around_forecast_bucket_index,market_bucket_0,0.30000000000000004,0.4,50,0.34733981783027756,0.68,-0.3326601821697225
test,ngboost_normal_v0,kalshi_around_forecast_bucket_index,market_bucket_0,0.4,0.5,3,0.41863120992025243,1.0,-0.5813687900797475
test,ngboost_normal_v0,kalshi_around_forecast_bucket_index,market_bucket_0,0.5,0.6000000000000001,0,,,
test,ngboost_normal_v0,kalshi_around_forecast_bucket_index,market_bucket_0,0.6000000000000001,0.7000000000000001,0,,,
test,ngboost_normal_v0,kalshi_around_forecast_bucket_index,market_bucket_0,0.7000000000000001,0.8,0,,,
test,ngboost_normal_v0,kalshi_around_forecast_bucket_index,market_bucket_0,0.8,0.9,0,,,
test,ngboost_normal_v0,kalshi_around_forecast_bucket_index,market_bucket_0,0.9,1.0,0,,,
test,ngboost_normal_v0,kalshi_around_forecast_bucket_index,market_bucket_2,0.0,0.1,0,,,
test,ngboost_normal_v0,kalshi_around_forecast_bucket_index,market_bucket_2,0.1,0.2,13,0.1969734933959457,0.0,0.1969734933959457
test,ngboost_normal_v0,kalshi_around_forecast_bucket_index,market_bucket_2,0.2,0.30000000000000004,255,0.2546721359517078,0.00392156862745098,0.2507505673242568
test,ngboost_normal_v0,kalshi_around_forecast_bucket_index,market_bucket_2,0.30000000000000004,0.4,1285,0.36417371117393127,0.24669260700389106,0.11748110417004021
test,ngboost_normal_v0,kalshi_around_forecast_bucket_index,market_bucket_2,0.4,0.5,7753,0.46209400914284304,0.5440474654972269,-0.08195345635438389
test,ngboost_normal_v0,kalshi_around_forecast_bucket_index,market_bucket_2,0.5,0.6000000000000001,2304,0.5228047617969553,0.7947048611111112,-0.2719000993141558
test,ngboost_normal_v0,kalshi_around_forecast_bucket_index,market_bucket_2,0.6000000000000001,0.7000000000000001,0,,,
test,ngboost_normal_v0,kalshi_around_forecast_bucket_index,market_bucket_2,0.7000000000000001,0.8,0,,,
test,ngboost_normal_v0,kalshi_around_forecast_bucket_index,market_bucket_2,0.8,0.9,0,,,
test,ngboost_normal_v0,kalshi_around_forecast_bucket_index,market_bucket_2,0.9,1.0,0,,,
test,ngboost_normal_v0,kalshi_around_forecast_bucket_index,market_bucket_5,0.0,0.1,11584,0.002470987925379061,0.00949585635359116,-0.0070248684282120995
test,ngboost_normal_v0,kalshi_around_forecast_bucket_index,market_bucket_5,0.1,0.2,26,0.10851004489571131,0.19230769230769232,-0.08379764741198101
test,ngboost_normal_v0,kalshi_around_forecast_bucket_index,market_bucket_5,0.2,0.30000000000000004,0,,,
test,ngboost_normal_v0,kalshi_around_forecast_bucket_index,market_bucket_5,0.30000000000000004,0.4,0,,,
test,ngboost_normal_v0,kalshi_around_forecast_bucket_index,market_bucket_5,0.4,0.5,0,,,
test,ngboost_normal_v0,kalshi_around_forecast_bucket_index,market_bucket_5,0.5,0.6000000000000001,0,,,
test,ngboost_normal_v0,kalshi_around_forecast_bucket_index,market_bucket_5,0.6000000000000001,0.7000000000000001,0,,,
test,ngboost_normal_v0,kalshi_around_forecast_bucket_index,market_bucket_5,0.7000000000000001,0.8,0,,,
test,ngboost_normal_v0,kalshi_around_forecast_bucket_index,market_bucket_5,0.8,0.9,0,,,
test,ngboost_normal_v0,kalshi_around_forecast_bucket_index,market_bucket_5,0.9,1.0,0,,,
combined_out_of_sample,ngboost_normal_v0,kalshi_around_forecast_bucket_index,market_bucket_0,0.0,0.1,19642,0.012107309318419931,0.013491497810813562,-0.0013841884923936308
combined_out_of_sample,ngboost_normal_v0,kalshi_around_forecast_bucket_index,market_bucket_0,0.1,0.2,259,0.12748751932995633,0.33976833976833976,-0.21228082043838342
combined_out_of_sample,ngboost_normal_v0,kalshi_around_forecast_bucket_index,market_bucket_0,0.2,0.30000000000000004,23,0.2447737342257808,0.9130434782608695,-0.6682697440350887
combined_out_of_sample,ngboost_normal_v0,kalshi_around_forecast_bucket_index,market_bucket_0,0.30000000000000004,0.4,79,0.34951889512805906,0.46835443037974683,-0.11883553525168777
combined_out_of_sample,ngboost_normal_v0,kalshi_around_forecast_bucket_index,market_bucket_0,0.4,0.5,3,0.41863120992025243,1.0,-0.5813687900797475
combined_out_of_sample,ngboost_normal_v0,kalshi_around_forecast_bucket_index,market_bucket_0,0.5,0.6000000000000001,0,,,
combined_out_of_sample,ngboost_normal_v0,kalshi_around_forecast_bucket_index,market_bucket_0,0.6000000000000001,0.7000000000000001,0,,,
combined_out_of_sample,ngboost_normal_v0,kalshi_around_forecast_bucket_index,market_bucket_0,0.7000000000000001,0.8,0,,,
combined_out_of_sample,ngboost_normal_v0,kalshi_around_forecast_bucket_index,market_bucket_0,0.8,0.9,0,,,
combined_out_of_sample,ngboost_normal_v0,kalshi_around_forecast_bucket_index,market_bucket_0,0.9,1.0,0,,,
combined_out_of_sample,ngboost_normal_v0,kalshi_around_forecast_bucket_index,market_bucket_2,0.0,0.1,0,,,
combined_out_of_sample,ngboost_normal_v0,kalshi_around_forecast_bucket_index,market_bucket_2,0.1,0.2,18,0.19756650558000954,0.0,0.19756650558000954
combined_out_of_sample,ngboost_normal_v0,kalshi_around_forecast_bucket_index,market_bucket_2,0.2,0.30000000000000004,640,0.25232578508392567,0.009375,0.24295078508392567
combined_out_of_sample,ngboost_normal_v0,kalshi_around_forecast_bucket_index,market_bucket_2,0.30000000000000004,0.4,2254,0.36309774089971686,0.17613132209405502,0.18696641880566184
combined_out_of_sample,ngboost_normal_v0,kalshi_around_forecast_bucket_index,market_bucket_2,0.4,0.5,13235,0.4616489270252345,0.49958443520967133,-0.037935508184436806
combined_out_of_sample,ngboost_normal_v0,kalshi_around_forecast_bucket_index,market_bucket_2,0.5,0.6000000000000001,3859,0.5234278582075429,0.7766260689297746,-0.2531982107222317
combined_out_of_sample,ngboost_normal_v0,kalshi_around_forecast_bucket_index,market_bucket_2,0.6000000000000001,0.7000000000000001,0,,,
combined_out_of_sample,ngboost_normal_v0,kalshi_around_forecast_bucket_index,market_bucket_2,0.7000000000000001,0.8,0,,,
combined_out_of_sample,ngboost_normal_v0,kalshi_around_forecast_bucket_index,market_bucket_2,0.8,0.9,0,,,
combined_out_of_sample,ngboost_normal_v0,kalshi_around_forecast_bucket_index,market_bucket_2,0.9,1.0,0,,,
combined_out_of_sample,ngboost_normal_v0,kalshi_around_forecast_bucket_index,market_bucket_5,0.0,0.1,19940,0.003013416162402147,0.014393179538615847,-0.0113797633762137
combined_out_of_sample,ngboost_normal_v0,kalshi_around_forecast_bucket_index,market_bucket_5,0.1,0.2,66,0.11568085892652663,0.5303030303030303,-0.41462217137650365
combined_out_of_sample,ngboost_normal_v0,kalshi_around_forecast_bucket_index,market_bucket_5,0.2,0.30000000000000004,0,,,
combined_out_of_sample,ngboost_normal_v0,kalshi_around_forecast_bucket_index,market_bucket_5,0.30000000000000004,0.4,0,,,
combined_out_of_sample,ngboost_normal_v0,kalshi_around_forecast_bucket_index,market_bucket_5,0.4,0.5,0,,,
combined_out_of_sample,ngboost_normal_v0,kalshi_around_forecast_bucket_index,market_bucket_5,0.5,0.6000000000000001,0,,,
combined_out_of_sample,ngboost_normal_v0,kalshi_around_forecast_bucket_index,market_bucket_5,0.6000000000000001,0.7000000000000001,0,,,
combined_out_of_sample,ngboost_normal_v0,kalshi_around_forecast_bucket_index,market_bucket_5,0.7000000000000001,0.8,0,,,
combined_out_of_sample,ngboost_normal_v0,kalshi_around_forecast_bucket_index,market_bucket_5,0.8,0.9,0,,,
combined_out_of_sample,ngboost_normal_v0,kalshi_around_forecast_bucket_index,market_bucket_5,0.9,1.0,0,,,
test,ngboost_normal_v0,day9_forecast_error_intervals,"(-inf, -3]",0.0,0.1,11166,0.021120299310893063,0.029106215296435606,-0.007985915985542543
test,ngboost_normal_v0,day9_forecast_error_intervals,"(-inf, -3]",0.1,0.2,343,0.13196135180793087,0.4518950437317784,-0.3199336919238476
test,ngboost_normal_v0,day9_forecast_error_intervals,"(-inf, -3]",0.2,0.30000000000000004,30,0.2264059817281962,0.9333333333333333,-0.7069273516051371
test,ngboost_normal_v0,day9_forecast_error_intervals,"(-inf, -3]",0.30000000000000004,0.4,29,0.3449400357162257,0.9310344827586207,-0.586094447042395
test,ngboost_normal_v0,day9_forecast_error_intervals,"(-inf, -3]",0.4,0.5,42,0.42736755294200346,0.9523809523809523,-0.5250133994389489
test,ngboost_normal_v0,day9_forecast_error_intervals,"(-inf, -3]",0.5,0.6000000000000001,0,,,
test,ngboost_normal_v0,day9_forecast_error_intervals,"(-inf, -3]",0.6000000000000001,0.7000000000000001,0,,,
test,ngboost_normal_v0,day9_forecast_error_intervals,"(-inf, -3]",0.7000000000000001,0.8,0,,,
test,ngboost_normal_v0,day9_forecast_error_intervals,"(-inf, -3]",0.8,0.9,0,,,
test,ngboost_normal_v0,day9_forecast_error_intervals,"(-inf, -3]",0.9,1.0,0,,,
test,ngboost_normal_v0,day9_forecast_error_intervals,"(-3, -1]",0.0,0.1,127,0.08748779335470219,0.0,0.08748779335470219
test,ngboost_normal_v0,day9_forecast_error_intervals,"(-3, -1]",0.1,0.2,5260,0.16236812576034304,0.08574144486692015,0.0766266808934229
test,ngboost_normal_v0,day9_forecast_error_intervals,"(-3, -1]",0.2,0.30000000000000004,4475,0.24687377558871942,0.3564245810055866,-0.10955080541686718
test,ngboost_normal_v0,day9_forecast_error_intervals,"(-3, -1]",0.30000000000000004,0.4,1748,0.33342254546095385,0.6058352402745996,-0.2724126948136457
test,ngboost_normal_v0,day9_forecast_error_intervals,"(-3, -1]",0.4,0.5,0,,,
test,ngboost_normal_v0,day9_forecast_error_intervals,"(-3, -1]",0.5,0.6000000000000001,0,,,
test,ngboost_normal_v0,day9_forecast_error_intervals,"(-3, -1]",0.6000000000000001,0.7000000000000001,0,,,
test,ngboost_normal_v0,day9_forecast_error_intervals,"(-3, -1]",0.7000000000000001,0.8,0,,,
test,ngboost_normal_v0,day9_forecast_error_intervals,"(-3, -1]",0.8,0.9,0,,,
test,ngboost_normal_v0,day9_forecast_error_intervals,"(-3, -1]",0.9,1.0,0,,,
test,ngboost_normal_v0,day9_forecast_error_intervals,"(-1, 1]",0.0,0.1,0,,,
test,ngboost_normal_v0,day9_forecast_error_intervals,"(-1, 1]",0.1,0.2,53,0.1886749691920844,0.0,0.1886749691920844
test,ngboost_normal_v0,day9_forecast_error_intervals,"(-1, 1]",0.2,0.30000000000000004,123,0.27866401742378677,0.0,0.27866401742378677
test,ngboost_normal_v0,day9_forecast_error_intervals,"(-1, 1]",0.30000000000000004,0.4,596,0.3672270041250795,0.08053691275167785,0.2866900913734017
test,ngboost_normal_v0,day9_forecast_error_intervals,"(-1, 1]",0.4,0.5,7095,0.47998090379916386,0.48484848484848486,-0.0048675810493210014
test,ngboost_normal_v0,day9_forecast_error_intervals,"(-1, 1]",0.5,0.6000000000000001,3743,0.5278482391722382,0.68314186481432,-0.15529362564208182
test,ngboost_normal_v0,day9_forecast_error_intervals,"(-1, 1]",0.6000000000000001,0.7000000000000001,0,,,
test,ngboost_normal_v0,day9_forecast_error_intervals,"(-1, 1]",0.7000000000000001,0.8,0,,,
test,ngboost_normal_v0,day9_forecast_error_intervals,"(-1, 1]",0.8,0.9,0,,,
test,ngboost_normal_v0,day9_forecast_error_intervals,"(-1, 1]",0.9,1.0,0,,,
test,ngboost_normal_v0,day9_forecast_error_intervals,"(1, 3]",0.0,0.1,90,0.09231354901905198,0.0,0.09231354901905198
test,ngboost_normal_v0,day9_forecast_error_intervals,"(1, 3]",0.1,0.2,3548,0.15901418435546383,0.020293122886133032,0.1387210614693308
test,ngboost_normal_v0,day9_forecast_error_intervals,"(1, 3]",0.2,0.30000000000000004,6619,0.2587369198528753,0.12962683184771112,0.12911008800516416
test,ngboost_normal_v0,day9_forecast_error_intervals,"(1, 3]",0.30000000000000004,0.4,1280,0.35425096389167654,0.5171875,-0.16293653610832348
test,ngboost_normal_v0,day9_forecast_error_intervals,"(1, 3]",0.4,0.5,73,0.4132712783770802,0.863013698630137,-0.4497424202530568
test,ngboost_normal_v0,day9_forecast_error_intervals,"(1, 3]",0.5,0.6000000000000001,0,,,
test,ngboost_normal_v0,day9_forecast_error_intervals,"(1, 3]",0.6000000000000001,0.7000000000000001,0,,,
test,ngboost_normal_v0,day9_forecast_error_intervals,"(1, 3]",0.7000000000000001,0.8,0,,,
test,ngboost_normal_v0,day9_forecast_error_intervals,"(1, 3]",0.8,0.9,0,,,
test,ngboost_normal_v0,day9_forecast_error_intervals,"(1, 3]",0.9,1.0,0,,,
test,ngboost_normal_v0,day9_forecast_error_intervals,"(3, inf)",0.0,0.1,11293,0.02449328775309434,0.012839812273089524,0.011653475480004815
test,ngboost_normal_v0,day9_forecast_error_intervals,"(3, inf)",0.1,0.2,216,0.12812735403660686,0.06481481481481481,0.06331253922179204
test,ngboost_normal_v0,day9_forecast_error_intervals,"(3, inf)",0.2,0.30000000000000004,101,0.23872667530083297,0.7029702970297029,-0.46424362172886996
test,ngboost_normal_v0,day9_forecast_error_intervals,"(3, inf)",0.30000000000000004,0.4,0,,,
test,ngboost_normal_v0,day9_forecast_error_intervals,"(3, inf)",0.4,0.5,0,,,
test,ngboost_normal_v0,day9_forecast_error_intervals,"(3, inf)",0.5,0.6000000000000001,0,,,
test,ngboost_normal_v0,day9_forecast_error_intervals,"(3, inf)",0.6000000000000001,0.7000000000000001,0,,,
test,ngboost_normal_v0,day9_forecast_error_intervals,"(3, inf)",0.7000000000000001,0.8,0,,,
test,ngboost_normal_v0,day9_forecast_error_intervals,"(3, inf)",0.8,0.9,0,,,
test,ngboost_normal_v0,day9_forecast_error_intervals,"(3, inf)",0.9,1.0,0,,,
test,empirical_baseline_day9,day9_forecast_error_intervals,"(-inf, -3]",0.0,0.1,11610,0.022856743042929496,0.04952627045650301,-0.026669527413573518
test,empirical_baseline_day9,day9_forecast_error_intervals,"(-inf, -3]",0.1,0.2,0,,,
test,empirical_baseline_day9,day9_forecast_error_intervals,"(-inf, -3]",0.2,0.30000000000000004,0,,,
test,empirical_baseline_day9,day9_forecast_error_intervals,"(-inf, -3]",0.30000000000000004,0.4,0,,,
test,empirical_baseline_day9,day9_forecast_error_intervals,"(-inf, -3]",0.4,0.5,0,,,
test,empirical_baseline_day9,day9_forecast_error_intervals,"(-inf, -3]",0.5,0.6000000000000001,0,,,
test,empirical_baseline_day9,day9_forecast_error_intervals,"(-inf, -3]",0.6000000000000001,0.7000000000000001,0,,,
test,empirical_baseline_day9,day9_forecast_error_intervals,"(-inf, -3]",0.7000000000000001,0.8,0,,,
test,empirical_baseline_day9,day9_forecast_error_intervals,"(-inf, -3]",0.8,0.9,0,,,
test,empirical_baseline_day9,day9_forecast_error_intervals,"(-inf, -3]",0.9,1.0,0,,,
test,empirical_baseline_day9,day9_forecast_error_intervals,"(-3, -1]",0.0,0.1,5314,0.06033644728928937,0.16465939028980053,-0.10432294300051116
test,empirical_baseline_day9,day9_forecast_error_intervals,"(-3, -1]",0.1,0.2,1284,0.1433503647898203,0.26791277258566976,-0.12456240779584946
test,empirical_baseline_day9,day9_forecast_error_intervals,"(-3, -1]",0.2,0.30000000000000004,1056,0.24120440121364473,0.39204545454545453,-0.1508410533318098
test,empirical_baseline_day9,day9_forecast_error_intervals,"(-3, -1]",0.30000000000000004,0.4,2687,0.36131901018235024,0.3673241533308523,-0.006005143148502035
test,empirical_baseline_day9,day9_forecast_error_intervals,"(-3, -1]",0.4,0.5,1269,0.42537604672202267,0.3821907013396375,0.043185345382385165
test,empirical_baseline_day9,day9_forecast_error_intervals,"(-3, -1]",0.5,0.6000000000000001,0,,,
test,empirical_baseline_day9,day9_forecast_error_intervals,"(-3, -1]",0.6000000000000001,0.7000000000000001,0,,,
test,empirical_baseline_day9,day9_forecast_error_intervals,"(-3, -1]",0.7000000000000001,0.8,0,,,
test,empirical_baseline_day9,day9_forecast_error_intervals,"(-3, -1]",0.8,0.9,0,,,
test,empirical_baseline_day9,day9_forecast_error_intervals,"(-3, -1]",0.9,1.0,0,,,
test,empirical_baseline_day9,day9_forecast_error_intervals,"(-1, 1]",0.0,0.1,0,,,
test,empirical_baseline_day9,day9_forecast_error_intervals,"(-1, 1]",0.1,0.2,0,,,
test,empirical_baseline_day9,day9_forecast_error_intervals,"(-1, 1]",0.2,0.30000000000000004,0,,,
test,empirical_baseline_day9,day9_forecast_error_intervals,"(-1, 1]",0.30000000000000004,0.4,838,0.3870672997372177,0.3568019093078759,0.030265390429341787
test,empirical_baseline_day9,day9_forecast_error_intervals,"(-1, 1]",0.4,0.5,5946,0.46868508986037877,0.5267406659939455,-0.058055576133566766
test,empirical_baseline_day9,day9_forecast_error_intervals,"(-1, 1]",0.5,0.6000000000000001,4825,0.531634600358412,0.5417616580310881,-0.010127057672676076
test,empirical_baseline_day9,day9_forecast_error_intervals,"(-1, 1]",0.6000000000000001,0.7000000000000001,1,0.622381195707716,0.0,0.622381195707716
test,empirical_baseline_day9,day9_forecast_error_intervals,"(-1, 1]",0.7000000000000001,0.8,0,,,
test,empirical_baseline_day9,day9_forecast_error_intervals,"(-1, 1]",0.8,0.9,0,,,
test,empirical_baseline_day9,day9_forecast_error_intervals,"(-1, 1]",0.9,1.0,0,,,
test,empirical_baseline_day9,day9_forecast_error_intervals,"(1, 3]",0.0,0.1,943,0.07423887186554896,0.07317073170731707,0.001068140158231895
test,empirical_baseline_day9,day9_forecast_error_intervals,"(1, 3]",0.1,0.2,3760,0.14516382517110918,0.04893617021276596,0.09622765495834322
test,empirical_baseline_day9,day9_forecast_error_intervals,"(1, 3]",0.2,0.30000000000000004,2170,0.2616229846379644,0.15576036866359447,0.10586261597436994
test,empirical_baseline_day9,day9_forecast_error_intervals,"(1, 3]",0.30000000000000004,0.4,4737,0.33113298406776004,0.22461473506438676,0.10651824900337328
test,empirical_baseline_day9,day9_forecast_error_intervals,"(1, 3]",0.4,0.5,0,,,
test,empirical_baseline_day9,day9_forecast_error_intervals,"(1, 3]",0.5,0.6000000000000001,0,,,
test,empirical_baseline_day9,day9_forecast_error_intervals,"(1, 3]",0.6000000000000001,0.7000000000000001,0,,,
test,empirical_baseline_day9,day9_forecast_error_intervals,"(1, 3]",0.7000000000000001,0.8,0,,,
test,empirical_baseline_day9,day9_forecast_error_intervals,"(1, 3]",0.8,0.9,0,,,
test,empirical_baseline_day9,day9_forecast_error_intervals,"(1, 3]",0.9,1.0,0,,,
test,empirical_baseline_day9,day9_forecast_error_intervals,"(3, inf)",0.0,0.1,11564,0.05541277630940665,0.019889311656866138,0.03552346465254051
test,empirical_baseline_day9,day9_forecast_error_intervals,"(3, inf)",0.1,0.2,46,0.10275123895161718,0.0,0.10275123895161718
test,empirical_baseline_day9,day9_forecast_error_intervals,"(3, inf)",0.2,0.30000000000000004,0,,,
test,empirical_baseline_day9,day9_forecast_error_intervals,"(3, inf)",0.30000000000000004,0.4,0,,,
test,empirical_baseline_day9,day9_forecast_error_intervals,"(3, inf)",0.4,0.5,0,,,
test,empirical_baseline_day9,day9_forecast_error_intervals,"(3, inf)",0.5,0.6000000000000001,0,,,
test,empirical_baseline_day9,day9_forecast_error_intervals,"(3, inf)",0.6000000000000001,0.7000000000000001,0,,,
test,empirical_baseline_day9,day9_forecast_error_intervals,"(3, inf)",0.7000000000000001,0.8,0,,,
test,empirical_baseline_day9,day9_forecast_error_intervals,"(3, inf)",0.8,0.9,0,,,
test,empirical_baseline_day9,day9_forecast_error_intervals,"(3, inf)",0.9,1.0,0,,,
