trade_id,city,target_date,event_ticker,market_ticker,signal_timestamp,execution_timestamp,settlement_timestamp,prediction_time,probability_age_minutes,model_probability,side,entry_price,unadjusted_entry_price,quote_source,quote_field,execution_gap_minutes,contracts,gross_cost,fees,slippage_per_contract,cash_committed,predicted_edge,lower_confidence_edge,settlement,settlement_source,execution_assumption,evidence_label,supports_profitability_claim,cash_after_settlement,gross_pnl,net_pnl
1,NYC,2024-12-23,KXHIGHNY-24DEC23,KXHIGHNY-24DEC23-B26.5,2024-12-23 20:35:00+00:00,2024-12-23 20:36:00+00:00,2024-12-30 15:00:00+00:00,2024-12-23 20:00:00+00:00,35.0,0.5928677062055514,BUY_YES,0.15000000000000002,0.14,kalshi_candlestick,yes_ask_open,1.0,1,0.15000000000000002,0.00999999999999998,0.010000000000000009,0.16,0.43286770620555143,0.1082980616254807,0,kalshi_result,next_candle_open,historical_proxy_validated,False,999.84,-0.15000000000000002,-0.16
2,NYC,2025-01-05,KXHIGHNY-25JAN05,KXHIGHNY-25JAN05-B32.5,2025-01-05 16:40:00+00:00,2025-01-05 16:41:00+00:00,2025-01-12 15:00:00+00:00,2025-01-05 16:00:00+00:00,40.0,0.556397784439619,BUY_YES,0.13,0.12,kalshi_candlestick,yes_ask_open,1.0,1,0.13,0.01,0.010000000000000009,0.14,0.41639778443961895,0.08537822341241626,1,kalshi_result,next_candle_open,historical_proxy_validated,False,1000.38,0.87,0.86
3,NYC,2025-01-09,KXHIGHNY-25JAN09,KXHIGHNY-25JAN09-B32.5,2025-01-09 06:10:00+00:00,2025-01-09 06:11:00+00:00,2025-01-16 15:00:00+00:00,2025-01-09 06:00:00+00:00,10.0,0.5514583175992853,BUY_YES,0.3,0.29,kalshi_candlestick,yes_ask_open,1.0,1,0.3,0.02,0.010000000000000009,0.32,0.23145831759928534,0.10811783881900246,1,kalshi_result,next_candle_open,historical_proxy_validated,False,1001.33,0.7,0.6799999999999999
4,NYC,2025-01-15,KXHIGHNY-25JAN15,KXHIGHNY-25JAN15-B29.5,2025-01-15 16:45:00+00:00,2025-01-15 16:46:00+00:00,2025-01-22 15:00:00+00:00,2025-01-15 16:00:00+00:00,45.0,0.26611891793345827,BUY_YES,0.04,0.03,kalshi_candlestick,yes_ask_open,1.0,1,0.04,0.01,0.010000000000000002,0.05,0.21611891793345825,0.09361151364051089,0,kalshi_result,next_candle_open,historical_proxy_validated,False,1001.21,-0.04,-0.05
5,NYC,2025-01-22,KXHIGHNY-25JAN22,KXHIGHNY-25JAN22-B18.5,2025-01-22 13:05:00+00:00,2025-01-22 13:06:00+00:00,2025-01-29 15:00:00+00:00,2025-01-22 13:00:00+00:00,5.0,0.3593567811645948,BUY_YES,0.11,0.1,kalshi_candlestick,yes_ask_open,1.0,1,0.11,0.01,0.009999999999999995,0.12,0.2393567811645948,0.0841853410597174,0,kalshi_result,next_candle_open,historical_proxy_validated,False,1001.21,-0.11,-0.12
6,NYC,2025-01-30,KXHIGHNY-25JAN30,KXHIGHNY-25JAN30-B34.5,2025-01-30 20:45:00+00:00,2025-01-30 20:46:00+00:00,2025-02-06 15:00:00+00:00,2025-01-30 20:00:00+00:00,45.0,0.5567986376264626,BUY_YES,0.06999999999999999,0.06,kalshi_candlestick,yes_ask_open,1.0,1,0.06999999999999999,0.01000000000000001,0.009999999999999995,0.08,0.47679863762646263,0.12436072435887169,0,kalshi_result,next_candle_open,historical_proxy_validated,False,1000.7,-0.06999999999999999,-0.08
7,NYC,2025-02-03,KXHIGHNY-25FEB03,KXHIGHNY-25FEB03-B46.5,2025-02-03 16:10:00+00:00,2025-02-03 16:11:00+00:00,2025-02-10 15:00:00+00:00,2025-02-03 16:00:00+00:00,10.0,0.5991066260139479,BUY_YES,0.29000000000000004,0.28,kalshi_candlestick,yes_ask_open,1.0,1,0.29000000000000004,0.01999999999999996,0.010000000000000009,0.31,0.28910662601394793,0.09202830034364257,0,kalshi_result,next_candle_open,historical_proxy_validated,False,999.99,-0.29000000000000004,-0.31
8,NYC,2025-02-05,KXHIGHNY-25FEB05,KXHIGHNY-25FEB05-B33.5,2025-02-05 16:30:00+00:00,2025-02-05 16:31:00+00:00,2025-02-12 15:00:00+00:00,2025-02-05 16:00:00+00:00,30.0,0.31952711281790486,BUY_YES,0.11,0.1,kalshi_candlestick,yes_ask_open,1.0,1,0.11,0.01,0.009999999999999995,0.12,0.19952711281790486,0.08496226805400031,0,kalshi_result,next_candle_open,historical_proxy_validated,False,999.99,-0.11,-0.12
9,NYC,2025-02-06,KXHIGHNY-25FEB06,KXHIGHNY-25FEB06-B37.5,2025-02-06 20:00:00+00:00,2025-02-06 20:01:00+00:00,2025-02-13 15:00:00+00:00,2025-02-06 20:00:00+00:00,0.0,0.6335148368501109,BUY_YES,0.09,0.08,kalshi_candlestick,yes_ask_open,1.0,1,0.09,0.01,0.009999999999999995,0.09999999999999999,0.5335148368501109,0.1027171940451314,1,kalshi_result,next_candle_open,historical_proxy_validated,False,1000.99,0.91,0.9
10,NYC,2025-02-08,KXHIGHNY-25FEB08,KXHIGHNY-25FEB08-B32.5,2025-02-08 16:10:00+00:00,2025-02-08 16:11:00+00:00,2025-02-15 15:00:00+00:00,2025-02-08 16:00:00+00:00,10.0,0.3975325348025835,BUY_YES,0.11,0.1,kalshi_candlestick,yes_ask_open,1.0,1,0.11,0.01,0.009999999999999995,0.12,0.2775325348025835,0.13731035062524277,0,kalshi_result,next_candle_open,historical_proxy_validated,False,1000.99,-0.11,-0.12
11,NYC,2025-02-08,KXHIGHNY-25FEB08,KXHIGHNY-25FEB08-B34.5,2025-02-08 16:10:00+00:00,2025-02-08 16:11:00+00:00,2025-02-15 15:00:00+00:00,2025-02-08 16:00:00+00:00,10.0,0.6024674651974166,BUY_YES,0.37,0.36,kalshi_candlestick,yes_ask_open,1.0,1,0.37,0.02,0.010000000000000009,0.39,0.21246746519741658,0.0722452810200759,1,kalshi_result,next_candle_open,historical_proxy_validated,False,1001.99,0.63,0.61
12,NYC,2025-02-09,KXHIGHNY-25FEB09,KXHIGHNY-25FEB09-B35.5,2025-02-09 15:35:00+00:00,2025-02-09 15:36:00+00:00,2025-02-16 15:00:00+00:00,2025-02-09 15:00:00+00:00,35.0,0.47651878684040433,BUY_YES,0.09,0.08,kalshi_candlestick,yes_ask_open,1.0,1,0.09,0.01,0.009999999999999995,0.09999999999999999,0.3765187868404043,0.058125332167966705,1,kalshi_result,next_candle_open,historical_proxy_validated,False,1002.99,0.91,0.9
13,NYC,2025-03-02,KXHIGHNY-25MAR02,KXHIGHNY-25MAR02-B31.5,2025-03-02 06:40:00+00:00,2025-03-02 06:45:00+00:00,2025-03-09 15:00:00+00:00,2025-03-02 06:00:00+00:00,40.0,0.3920280731648164,BUY_YES,0.18000000000000002,0.17,kalshi_candlestick,yes_ask_open,5.0,1,0.18000000000000002,0.01999999999999998,0.010000000000000009,0.2,0.1920280731648164,0.0624671075530497,0,kalshi_result,next_candle_open,historical_proxy_validated,False,1002.79,-0.18000000000000002,-0.2
14,NYC,2025-03-11,KXHIGHNY-25MAR11,KXHIGHNY-25MAR11-B62.5,2025-03-11 04:45:00+00:00,2025-03-11 04:46:00+00:00,2025-03-18 14:00:00+00:00,2025-03-11 04:00:00+00:00,45.0,0.4486401935175545,BUY_YES,0.26,0.25,kalshi_candlestick,yes_ask_open,1.0,1,0.26,0.02,0.010000000000000009,0.28,0.16864019351755452,0.06424991567476014,0,kalshi_result,next_candle_open,historical_proxy_validated,False,1002.37,-0.26,-0.28
15,NYC,2025-03-16,KXHIGHNY-25MAR16,KXHIGHNY-25MAR16-B63.5,2025-03-16 17:30:00+00:00,2025-03-16 17:31:00+00:00,2025-03-23 14:00:00+00:00,2025-03-16 17:00:00+00:00,30.0,0.40043062720104344,BUY_YES,0.13,0.12,kalshi_candlestick,yes_ask_open,1.0,1,0.13,0.01,0.010000000000000009,0.14,0.26043062720104343,0.061477981227634766,0,kalshi_result,next_candle_open,historical_proxy_validated,False,1002.37,-0.13,-0.14
16,NYC,2025-04-02,KXHIGHNY-25APR02,KXHIGHNY-25APR02-T46,2025-04-02 12:40:00+00:00,2025-04-02 12:45:00+00:00,2025-04-09 14:00:00+00:00,2025-04-02 12:00:00+00:00,40.0,0.19831720615697612,BUY_YES,0.05,0.04,kalshi_candlestick,yes_ask_open,5.0,1,0.05,0.01,0.010000000000000002,0.060000000000000005,0.13831720615697612,0.05141598929417018,0,kalshi_result,next_candle_open,historical_proxy_validated,False,1001.24,-0.05,-0.060000000000000005
17,NYC,2025-04-03,KXHIGHNY-25APR03,KXHIGHNY-25APR03-B72.5,2025-04-03 13:00:00+00:00,2025-04-03 13:02:00+00:00,2025-04-10 14:00:00+00:00,2025-04-03 13:00:00+00:00,0.0,0.5873878827607968,BUY_YES,0.31,0.3,kalshi_candlestick,yes_ask_open,2.0,1,0.31,0.02,0.010000000000000009,0.33,0.25738788276079677,0.060525056838709304,1,kalshi_result,next_candle_open,historical_proxy_validated,False,1002.24,0.69,0.6699999999999999
18,NYC,2025-04-03,KXHIGHNY-25APR03,KXHIGHNY-25APR03-B74.5,2025-04-03 13:00:00+00:00,2025-04-03 13:01:00+00:00,2025-04-10 14:00:00+00:00,2025-04-03 13:00:00+00:00,0.0,0.41261211723920327,BUY_YES,0.12,0.11,kalshi_candlestick,yes_ask_open,1.0,1,0.12,0.01,0.009999999999999995,0.13,0.28261211723920326,0.08574929131711577,0,kalshi_result,next_candle_open,historical_proxy_validated,False,1002.24,-0.12,-0.13
19,NYC,2025-04-06,KXHIGHNY-25APR06,KXHIGHNY-25APR06-B57.5,2025-04-06 04:10:00+00:00,2025-04-06 04:11:00+00:00,2025-04-13 14:00:00+00:00,2025-04-06 04:00:00+00:00,10.0,0.4116389085164523,BUY_YES,0.2,0.19,kalshi_candlestick,yes_ask_open,1.0,1,0.2,0.02,0.010000000000000009,0.22,0.1916389085164523,0.05584196632927958,0,kalshi_result,next_candle_open,historical_proxy_validated,False,1001.47,-0.2,-0.22
20,NYC,2025-04-06,KXHIGHNY-25APR06,KXHIGHNY-25APR06-B55.5,2025-04-06 12:10:00+00:00,2025-04-06 12:11:00+00:00,2025-04-13 14:00:00+00:00,2025-04-06 12:00:00+00:00,10.0,0.5829215067511551,BUY_YES,0.37,0.36,kalshi_candlestick,yes_ask_open,1.0,1,0.37,0.02,0.010000000000000009,0.39,0.19292150675115508,0.0774901131018892,1,kalshi_result,next_candle_open,historical_proxy_validated,False,1002.47,0.63,0.61
21,NYC,2025-04-13,KXHIGHNY-25APR13,KXHIGHNY-25APR13-B57.5,2025-04-13 06:35:00+00:00,2025-04-13 06:36:00+00:00,2025-04-20 14:00:00+00:00,2025-04-13 06:00:00+00:00,35.0,0.586143295891548,BUY_YES,0.29000000000000004,0.28,kalshi_candlestick,yes_ask_open,1.0,1,0.29000000000000004,0.01999999999999996,0.010000000000000009,0.31,0.276143295891548,0.06061851882575314,1,kalshi_result,next_candle_open,historical_proxy_validated,False,1002.72,0.71,0.69
22,NYC,2025-04-13,KXHIGHNY-25APR13,KXHIGHNY-25APR13-B59.5,2025-04-13 06:35:00+00:00,2025-04-13 06:36:00+00:00,2025-04-20 14:00:00+00:00,2025-04-13 06:00:00+00:00,35.0,0.41385670410845204,BUY_YES,0.13,0.12,kalshi_candlestick,yes_ask_open,1.0,1,0.13,0.01,0.010000000000000009,0.14,0.27385670410845203,0.05833192704265717,0,kalshi_result,next_candle_open,historical_proxy_validated,False,1002.72,-0.13,-0.14
23,NYC,2025-04-13,KXHIGHNY-25APR13,KXHIGHNY-25APR13-B55.5,2025-04-13 12:20:00+00:00,2025-04-13 12:21:00+00:00,2025-04-20 14:00:00+00:00,2025-04-13 12:00:00+00:00,20.0,0.4897837762820324,BUY_YES,0.3,0.29,kalshi_candlestick,yes_ask_open,1.0,1,0.3,0.02,0.010000000000000009,0.32,0.16978377628203242,0.059543060481781,0,kalshi_result,next_candle_open,historical_proxy_validated,False,1002.72,-0.3,-0.32
24,NYC,2025-04-14,KXHIGHNY-25APR14,KXHIGHNY-25APR14-B67.5,2025-04-14 13:50:00+00:00,2025-04-14 13:52:00+00:00,2025-04-21 14:00:00+00:00,2025-04-14 13:00:00+00:00,50.0,0.30303665196984836,BUY_YES,0.08,0.07,kalshi_candlestick,yes_ask_open,2.0,1,0.08,0.01,0.009999999999999995,0.09,0.21303665196984833,0.06599011080733488,0,kalshi_result,next_candle_open,historical_proxy_validated,False,1002.72,-0.08,-0.09
25,NYC,2025-04-19,KXHIGHNY-25APR19,KXHIGHNY-25APR19-B83.5,2025-04-19 04:55:00+00:00,2025-04-19 04:56:00+00:00,2025-04-26 14:00:00+00:00,2025-04-19 04:00:00+00:00,55.0,0.5141827238100707,BUY_YES,0.33,0.32,kalshi_candlestick,yes_ask_open,1.0,1,0.33,0.02,0.010000000000000009,0.35000000000000003,0.16418272381007068,0.05859459054153317,0,kalshi_result,next_candle_open,historical_proxy_validated,False,1002.47,-0.33,-0.35000000000000003
26,NYC,2025-04-19,KXHIGHNY-25APR19,KXHIGHNY-25APR19-B85.5,2025-04-19 04:55:00+00:00,2025-04-19 04:56:00+00:00,2025-04-26 14:00:00+00:00,2025-04-19 04:00:00+00:00,55.0,0.4858172761899293,BUY_YES,0.29000000000000004,0.28,kalshi_candlestick,yes_ask_open,1.0,1,0.29000000000000004,0.01999999999999996,0.010000000000000009,0.31,0.17581727618992932,0.07022914292139187,1,kalshi_result,next_candle_open,historical_proxy_validated,False,1003.47,0.71,0.69
27,NYC,2025-04-21,KXHIGHNY-25APR21,KXHIGHNY-25APR21-B56.5,2025-04-21 15:55:00+00:00,2025-04-21 15:56:00+00:00,2025-04-28 14:00:00+00:00,2025-04-21 15:00:00+00:00,55.0,0.4873098776383863,BUY_YES,0.12,0.11,kalshi_candlestick,yes_ask_open,1.0,1,0.12,0.01,0.009999999999999995,0.13,0.3573098776383863,0.1341477567716749,1,kalshi_result,next_candle_open,historical_proxy_validated,False,1004.01,0.88,0.87
28,NYC,2025-04-26,KXHIGHNY-25APR26,KXHIGHNY-25APR26-B75.5,2025-04-26 04:55:00+00:00,2025-04-26 05:00:00+00:00,2025-05-03 14:00:00+00:00,2025-04-26 04:00:00+00:00,55.0,0.38384901984551945,BUY_YES,0.11,0.1,kalshi_candlestick,yes_ask_open,5.0,1,0.11,0.01,0.009999999999999995,0.12,0.26384901984551945,0.0774904026053782,0,kalshi_result,next_candle_open,historical_proxy_validated,False,1003.55,-0.11,-0.12
29,NYC,2025-04-26,KXHIGHNY-25APR26,KXHIGHNY-25APR26-B69.5,2025-04-26 14:10:00+00:00,2025-04-26 14:11:00+00:00,2025-05-03 14:00:00+00:00,2025-04-26 14:00:00+00:00,10.0,0.3937462321247756,BUY_YES,0.06999999999999999,0.06,kalshi_candlestick,yes_ask_open,1.0,1,0.06999999999999999,0.01000000000000001,0.009999999999999995,0.08,0.3137462321247756,0.19472529629392948,0,kalshi_result,next_candle_open,historical_proxy_validated,False,1003.55,-0.06999999999999999,-0.08
30,NYC,2025-04-26,KXHIGHNY-25APR26,KXHIGHNY-25APR26-B73.5,2025-04-26 14:10:00+00:00,2025-04-26 14:11:00+00:00,2025-05-03 14:00:00+00:00,2025-04-26 14:00:00+00:00,10.0,0.6062537678752244,BUY_YES,0.36,0.35,kalshi_candlestick,yes_ask_open,1.0,1,0.36,0.02,0.010000000000000009,0.38,0.22625376787522447,0.1072328320443784,1,kalshi_result,next_candle_open,historical_proxy_validated,False,1004.55,0.64,0.62
31,NYC,2025-05-01,KXHIGHNY-25MAY01,KXHIGHNY-25MAY01-B70.5,2025-05-01 13:00:00+00:00,2025-05-01 13:01:00+00:00,2025-05-08 14:00:00+00:00,2025-05-01 13:00:00+00:00,0.0,0.6023318140418287,BUY_YES,0.33,0.32,kalshi_candlestick,yes_ask_open,1.0,1,0.33,0.02,0.010000000000000009,0.35000000000000003,0.25233181404182864,0.05023557759005477,1,kalshi_result,next_candle_open,historical_proxy_validated,False,1005.55,0.6699999999999999,0.6499999999999999
32,NYC,2025-05-01,KXHIGHNY-25MAY01,KXHIGHNY-25MAY01-B72.5,2025-05-01 13:00:00+00:00,2025-05-01 13:01:00+00:00,2025-05-08 14:00:00+00:00,2025-05-01 13:00:00+00:00,0.0,0.3976681859581714,BUY_YES,0.09999999999999999,0.09,kalshi_candlestick,yes_ask_open,1.0,1,0.09999999999999999,0.01000000000000001,0.009999999999999995,0.11,0.2876681859581714,0.08557194950639745,0,kalshi_result,next_candle_open,historical_proxy_validated,False,1005.55,-0.09999999999999999,-0.11
33,NYC,2025-05-10,KXHIGHNY-25MAY10,KXHIGHNY-25MAY10-B74.5,2025-05-10 04:00:00+00:00,2025-05-10 04:01:00+00:00,2025-05-17 14:00:00+00:00,2025-05-10 04:00:00+00:00,0.0,0.4125579596537817,BUY_YES,0.18000000000000002,0.17,kalshi_candlestick,yes_ask_open,1.0,1,0.18000000000000002,0.01999999999999998,0.010000000000000009,0.2,0.21255795965378171,0.10668327773967602,0,kalshi_result,next_candle_open,historical_proxy_validated,False,1004.8,-0.18000000000000002,-0.2
34,NYC,2025-05-10,KXHIGHNY-25MAY10,KXHIGHNY-25MAY10-B72.5,2025-05-10 04:15:00+00:00,2025-05-10 04:16:00+00:00,2025-05-17 14:00:00+00:00,2025-05-10 04:00:00+00:00,15.0,0.5857783481492711,BUY_YES,0.41000000000000003,0.4,kalshi_candlestick,yes_ask_open,1.0,1,0.41000000000000003,0.01999999999999997,0.010000000000000009,0.43,0.1557783481492711,0.05109321255229848,1,kalshi_result,next_candle_open,historical_proxy_validated,False,1005.8,0.59,0.5700000000000001
35,NYC,2025-05-15,KXHIGHNY-25MAY15,KXHIGHNY-25MAY15-B71.5,2025-05-15 15:20:00+00:00,2025-05-15 15:21:00+00:00,2025-05-22 14:00:00+00:00,2025-05-15 15:00:00+00:00,20.0,0.3090689718227248,BUY_YES,0.11,0.1,kalshi_candlestick,yes_ask_open,1.0,1,0.11,0.01,0.009999999999999995,0.12,0.1890689718227248,0.057527390527254745,0,kalshi_result,next_candle_open,historical_proxy_validated,False,1005.8,-0.11,-0.12
36,NYC,2025-05-25,KXHIGHNY-25MAY25,KXHIGHNY-25MAY25-B65.5,2025-05-25 05:35:00+00:00,2025-05-25 05:36:00+00:00,2025-06-01 14:00:00+00:00,2025-05-25 05:00:00+00:00,35.0,0.47083356524198416,BUY_YES,0.21000000000000002,0.2,kalshi_candlestick,yes_ask_open,1.0,1,0.21000000000000002,0.01999999999999998,0.010000000000000009,0.23,0.24083356524198415,0.06979376477717979,1,kalshi_result,next_candle_open,historical_proxy_validated,False,1006.11,0.79,0.77
37,NYC,2025-05-25,KXHIGHNY-25MAY25,KXHIGHNY-25MAY25-B69.5,2025-05-25 05:35:00+00:00,2025-05-25 05:36:00+00:00,2025-06-01 14:00:00+00:00,2025-05-25 05:00:00+00:00,35.0,0.5291664347580158,BUY_YES,0.28,0.27,kalshi_candlestick,yes_ask_open,1.0,1,0.28,0.02,0.010000000000000009,0.30000000000000004,0.22916643475801582,0.058126634293211424,0,kalshi_result,next_candle_open,historical_proxy_validated,False,1006.11,-0.28,-0.30000000000000004
38,NYC,2025-05-26,KXHIGHNY-25MAY26,KXHIGHNY-25MAY26-B74.5,2025-05-26 04:00:00+00:00,2025-05-26 04:01:00+00:00,2025-06-02 14:00:00+00:00,2025-05-26 04:00:00+00:00,0.0,0.36386874071783276,BUY_YES,0.15000000000000002,0.14,kalshi_candlestick,yes_ask_open,1.0,1,0.15000000000000002,0.00999999999999998,0.010000000000000009,0.16,0.20386874071783276,0.08045633562466281,0,kalshi_result,next_candle_open,historical_proxy_validated,False,1006.11,-0.15000000000000002,-0.16
39,NYC,2025-06-06,KXHIGHNY-25JUN06,KXHIGHNY-25JUN06-B87.5,2025-06-06 04:10:00+00:00,2025-06-06 04:11:00+00:00,2025-06-13 14:00:00+00:00,2025-06-06 04:00:00+00:00,10.0,0.3987797831244159,BUY_YES,0.09999999999999999,0.09,kalshi_candlestick,yes_ask_open,1.0,1,0.09999999999999999,0.01000000000000001,0.009999999999999995,0.11,0.28877978312441593,0.05400390151095223,0,kalshi_result,next_candle_open,historical_proxy_validated,False,1005.9,-0.09999999999999999,-0.11
40,NYC,2025-06-11,KXHIGHNY-25JUN11,KXHIGHNY-25JUN11-B86.5,2025-06-11 16:25:00+00:00,2025-06-11 16:26:00+00:00,2025-06-18 14:00:00+00:00,2025-06-11 16:00:00+00:00,25.0,0.37895123251782015,BUY_YES,0.09,0.08,kalshi_candlestick,yes_ask_open,1.0,1,0.09,0.01,0.009999999999999995,0.09999999999999999,0.27895123251782017,0.054896906186285045,0,kalshi_result,next_candle_open,historical_proxy_validated,False,1005.9,-0.09,-0.09999999999999999
41,NYC,2025-06-27,KXHIGHNY-25JUN27,KXHIGHNY-25JUN27-B71.5,2025-06-27 12:05:00+00:00,2025-06-27 12:06:00+00:00,2025-07-04 14:00:00+00:00,2025-06-27 12:00:00+00:00,5.0,0.38032756409149754,BUY_YES,0.14,0.13,kalshi_candlestick,yes_ask_open,1.0,1,0.14,0.01,0.010000000000000009,0.15000000000000002,0.23032756409149752,0.05398083290821549,1,kalshi_result,next_candle_open,historical_proxy_validated,False,1006.75,0.86,0.85
42,NYC,2025-07-13,KXHIGHNY-25JUL13,KXHIGHNY-25JUL13-B84.5,2025-07-13 14:50:00+00:00,2025-07-13 14:51:00+00:00,2025-07-20 14:00:00+00:00,2025-07-13 14:00:00+00:00,50.0,0.35621089108760556,BUY_YES,0.13,0.12,kalshi_candlestick,yes_ask_open,1.0,1,0.13,0.01,0.010000000000000009,0.14,0.21621089108760555,0.08394631500648343,0,kalshi_result,next_candle_open,historical_proxy_validated,False,1006.61,-0.13,-0.14
43,NYC,2025-07-20,KXHIGHNY-25JUL20,KXHIGHNY-25JUL20-T87,2025-07-20 15:10:00+00:00,2025-07-20 15:11:00+00:00,2025-07-27 14:00:00+00:00,2025-07-20 15:00:00+00:00,10.0,0.3388570550948397,BUY_YES,0.09,0.08,kalshi_candlestick,yes_ask_open,1.0,1,0.09,0.01,0.009999999999999995,0.09999999999999999,0.2388570550948397,0.09151213290703418,0,kalshi_result,next_candle_open,historical_proxy_validated,False,1006.39,-0.09,-0.09999999999999999
44,NYC,2025-07-21,KXHIGHNY-25JUL21,KXHIGHNY-25JUL21-B86.5,2025-07-21 04:05:00+00:00,2025-07-21 04:06:00+00:00,2025-07-28 14:00:00+00:00,2025-07-21 04:00:00+00:00,5.0,0.41306269224107045,BUY_YES,0.11,0.1,kalshi_candlestick,yes_ask_open,1.0,1,0.11,0.01,0.009999999999999995,0.12,0.29306269224107045,0.07667089122205206,0,kalshi_result,next_candle_open,historical_proxy_validated,False,1006.39,-0.11,-0.12
45,NYC,2025-08-04,KXHIGHNY-25AUG04,KXHIGHNY-25AUG04-B92.5,2025-08-04 06:40:00+00:00,2025-08-04 06:41:00+00:00,2025-08-11 14:00:00+00:00,2025-08-04 06:00:00+00:00,40.0,0.2794523678050428,BUY_YES,0.04,0.03,kalshi_candlestick,yes_ask_open,1.0,1,0.04,0.01,0.010000000000000002,0.05,0.22945236780504277,0.07858992171962846,0,kalshi_result,next_candle_open,historical_proxy_validated,False,1005.98,-0.04,-0.05
46,NYC,2025-08-04,KXHIGHNY-25AUG04,KXHIGHNY-25AUG04-B90.5,2025-08-04 12:30:00+00:00,2025-08-04 12:31:00+00:00,2025-08-11 14:00:00+00:00,2025-08-04 12:00:00+00:00,30.0,0.312186308962776,BUY_YES,0.060000000000000005,0.05,kalshi_candlestick,yes_ask_open,1.0,1,0.060000000000000005,0.009999999999999995,0.010000000000000002,0.07,0.242186308962776,0.14628691869644828,0,kalshi_result,next_candle_open,historical_proxy_validated,False,1005.98,-0.060000000000000005,-0.07
47,NYC,2025-08-05,KXHIGHNY-25AUG05,KXHIGHNY-25AUG05-B87.5,2025-08-05 16:00:00+00:00,2025-08-05 16:01:00+00:00,2025-08-12 14:00:00+00:00,2025-08-05 16:00:00+00:00,0.0,0.25679248670497784,BUY_YES,0.08,0.07,kalshi_candlestick,yes_ask_open,1.0,1,0.08,0.01,0.009999999999999995,0.09,0.16679248670497782,0.07232977203406862,0,kalshi_result,next_candle_open,historical_proxy_validated,False,1005.8000000000001,-0.08,-0.09
48,NYC,2025-08-08,KXHIGHNY-25AUG08,KXHIGHNY-25AUG08-B85.5,2025-08-08 13:25:00+00:00,2025-08-08 13:27:00+00:00,2025-08-15 14:00:00+00:00,2025-08-08 13:00:00+00:00,25.0,0.22958298357444457,BUY_YES,0.04,0.03,kalshi_candlestick,yes_ask_open,2.0,1,0.04,0.01,0.010000000000000002,0.05,0.17958298357444455,0.061165654305932717,0,kalshi_result,next_candle_open,historical_proxy_validated,False,1005.8000000000001,-0.04,-0.05
49,NYC,2025-08-09,KXHIGHNY-25AUG09,KXHIGHNY-25AUG09-B87.5,2025-08-09 17:35:00+00:00,2025-08-09 17:36:00+00:00,2025-08-16 14:00:00+00:00,2025-08-09 17:00:00+00:00,35.0,0.39950485974155964,BUY_YES,0.04,0.03,kalshi_candlestick,yes_ask_open,1.0,1,0.04,0.01,0.010000000000000002,0.05,0.34950485974155965,0.10681583281108208,0,kalshi_result,next_candle_open,historical_proxy_validated,False,1005.8000000000001,-0.04,-0.05
50,NYC,2025-08-11,KXHIGHNY-25AUG11,KXHIGHNY-25AUG11-B86.5,2025-08-11 11:30:00+00:00,2025-08-11 11:31:00+00:00,2025-08-18 14:00:00+00:00,2025-08-11 11:00:00+00:00,30.0,0.315951717627384,BUY_YES,0.09,0.08,kalshi_candlestick,yes_ask_open,1.0,1,0.09,0.01,0.009999999999999995,0.09999999999999999,0.215951717627384,0.06072715620796688,0,kalshi_result,next_candle_open,historical_proxy_validated,False,1005.6300000000001,-0.09,-0.09999999999999999
51,NYC,2025-08-11,KXHIGHNY-25AUG11,KXHIGHNY-25AUG11-B90.5,2025-08-11 15:15:00+00:00,2025-08-11 15:16:00+00:00,2025-08-18 14:00:00+00:00,2025-08-11 15:00:00+00:00,15.0,0.3491096503027641,BUY_YES,0.17,0.16,kalshi_candlestick,yes_ask_open,1.0,1,0.17,0.01,0.010000000000000009,0.18000000000000002,0.16910965030276406,0.051633438078572826,0,kalshi_result,next_candle_open,historical_proxy_validated,False,1005.6300000000001,-0.17,-0.18000000000000002
52,NYC,2025-08-17,KXHIGHNY-25AUG17,KXHIGHNY-25AUG17-B88.5,2025-08-17 04:45:00+00:00,2025-08-17 04:46:00+00:00,2025-08-24 14:00:00+00:00,2025-08-17 04:00:00+00:00,45.0,0.37923964600455834,BUY_YES,0.16,0.15,kalshi_candlestick,yes_ask_open,1.0,1,0.16,0.01,0.010000000000000009,0.17,0.20923964600455833,0.05461362011802182,0,kalshi_result,next_candle_open,historical_proxy_validated,False,1005.6300000000001,-0.16,-0.17
53,NYC,2025-08-19,KXHIGHNY-25AUG19,KXHIGHNY-25AUG19-T75,2025-08-19 13:50:00+00:00,2025-08-19 13:52:00+00:00,2025-08-26 14:00:00+00:00,2025-08-19 13:00:00+00:00,50.0,0.2154141920442936,BUY_YES,0.05,0.04,kalshi_candlestick,yes_ask_open,2.0,1,0.05,0.01,0.010000000000000002,0.060000000000000005,0.15541419204429358,0.03956305882510947,0,kalshi_result,next_candle_open,historical_proxy_validated,False,998.1,-0.05,-0.060000000000000005
54,NYC,2025-08-19,KXHIGHNY-25AUG19,KXHIGHNY-25AUG19-B79.5,2025-08-19 15:25:00+00:00,2025-08-19 15:26:00+00:00,2025-08-26 14:00:00+00:00,2025-08-19 15:00:00+00:00,25.0,0.22320936153302928,BUY_YES,0.060000000000000005,0.05,kalshi_candlestick,yes_ask_open,1.0,1,0.060000000000000005,0.009999999999999995,0.010000000000000002,0.07,0.15320936153302928,0.07256535948750227,0,kalshi_result,next_candle_open,historical_proxy_validated,False,998.1,-0.060000000000000005,-0.07
55,NYC,2025-08-22,KXHIGHNY-25AUG22,KXHIGHNY-25AUG22-B83.5,2025-08-22 06:35:00+00:00,2025-08-22 06:36:00+00:00,2025-08-29 14:00:00+00:00,2025-08-22 06:00:00+00:00,35.0,0.6209744632018446,BUY_YES,0.36,0.35,kalshi_candlestick,yes_ask_open,1.0,1,0.36,0.02,0.010000000000000009,0.38,0.2409744632018446,0.04839891750102139,1,kalshi_result,next_candle_open,historical_proxy_validated,False,998.2900000000001,0.64,0.62
56,NYC,2025-08-22,KXHIGHNY-25AUG22,KXHIGHNY-25AUG22-T81,2025-08-22 06:35:00+00:00,2025-08-22 06:36:00+00:00,2025-08-29 14:00:00+00:00,2025-08-22 06:00:00+00:00,35.0,0.3790255367981554,BUY_YES,0.12,0.11,kalshi_candlestick,yes_ask_open,1.0,1,0.12,0.01,0.009999999999999995,0.13,0.24902553679815542,0.05644999109733218,0,kalshi_result,next_candle_open,historical_proxy_validated,False,998.2900000000001,-0.12,-0.13
57,NYC,2025-08-22,KXHIGHNY-25AUG22,KXHIGHNY-25AUG22-B85.5,2025-08-22 06:40:00+00:00,2025-08-22 06:42:00+00:00,2025-08-29 14:00:00+00:00,2025-08-22 06:00:00+00:00,40.0,0.18005726207782444,BUY_YES,0.060000000000000005,0.05,kalshi_candlestick,yes_ask_open,2.0,1,0.060000000000000005,0.009999999999999995,0.010000000000000002,0.07,0.11005726207782444,0.03597110649292835,0,kalshi_result,next_candle_open,historical_proxy_validated,False,998.2900000000001,-0.060000000000000005,-0.07
58,NYC,2025-08-22,KXHIGHNY-25AUG22,KXHIGHNY-25AUG22-B87.5,2025-08-22 08:35:00+00:00,2025-08-22 08:39:00+00:00,2025-08-29 14:00:00+00:00,2025-08-22 08:00:00+00:00,35.0,0.2951436814164275,BUY_YES,0.03,0.02,kalshi_candlestick,yes_ask_open,4.0,1,0.03,0.01,0.009999999999999998,0.04,0.2551436814164275,0.046095969983569886,0,kalshi_result,next_candle_open,historical_proxy_validated,False,998.2900000000001,-0.03,-0.04
59,NYC,2025-08-23,KXHIGHNY-25AUG23,KXHIGHNY-25AUG23-B82.5,2025-08-23 10:40:00+00:00,2025-08-23 10:41:00+00:00,2025-08-30 14:00:00+00:00,2025-08-23 10:00:00+00:00,40.0,0.7705951527896996,BUY_YES,0.58,0.57,kalshi_candlestick,yes_ask_open,1.0,1,0.58,0.02,0.010000000000000009,0.6,0.17059515278969964,0.023376957540264826,1,kalshi_result,next_candle_open,historical_proxy_validated,False,999.2900000000001,0.42000000000000004,0.4
60,NYC,2025-08-23,KXHIGHNY-25AUG23,KXHIGHNY-25AUG23-B86.5,2025-08-23 10:40:00+00:00,2025-08-23 10:41:00+00:00,2025-08-30 14:00:00+00:00,2025-08-23 10:00:00+00:00,40.0,0.2294048472103004,BUY_YES,0.04,0.03,kalshi_candlestick,yes_ask_open,1.0,1,0.04,0.01,0.010000000000000002,0.05,0.1794048472103004,0.032186651960865634,0,kalshi_result,next_candle_open,historical_proxy_validated,False,999.2900000000001,-0.04,-0.05
61,NYC,2025-08-24,KXHIGHNY-25AUG24,KXHIGHNY-25AUG24-B79.5,2025-08-24 11:25:00+00:00,2025-08-24 11:26:00+00:00,2025-08-31 14:00:00+00:00,2025-08-24 11:00:00+00:00,25.0,0.6545038147157571,BUY_YES,0.37,0.36,kalshi_candlestick,yes_ask_open,1.0,1,0.37,0.02,0.010000000000000009,0.39,0.2645038147157571,0.04244327901293406,1,kalshi_result,next_candle_open,historical_proxy_validated,False,1000.2,0.63,0.61
62,NYC,2025-08-24,KXHIGHNY-25AUG24,KXHIGHNY-25AUG24-B83.5,2025-08-24 11:25:00+00:00,2025-08-24 11:26:00+00:00,2025-08-31 14:00:00+00:00,2025-08-24 11:00:00+00:00,25.0,0.3454961852842429,BUY_YES,0.09999999999999999,0.09,kalshi_candlestick,yes_ask_open,1.0,1,0.09999999999999999,0.01000000000000001,0.009999999999999995,0.11,0.23549618528424293,0.013435649581419835,0,kalshi_result,next_candle_open,historical_proxy_validated,False,1000.2,-0.09999999999999999,-0.11
63,NYC,2025-08-26,KXHIGHNY-25AUG26,KXHIGHNY-25AUG26-B83.5,2025-08-26 19:00:00+00:00,2025-08-26 19:01:00+00:00,2025-09-02 14:00:00+00:00,2025-08-26 19:00:00+00:00,0.0,0.18329397413058374,BUY_YES,0.03,0.02,kalshi_candlestick,yes_ask_open,1.0,1,0.03,0.01,0.009999999999999998,0.04,0.14329397413058373,0.018083420870638973,0,kalshi_result,next_candle_open,historical_proxy_validated,False,1000.2,-0.03,-0.04
64,NYC,2025-08-27,KXHIGHNY-25AUG27,KXHIGHNY-25AUG27-B77.5,2025-08-27 17:00:00+00:00,2025-08-27 17:01:00+00:00,2025-09-03 14:00:00+00:00,2025-08-27 17:00:00+00:00,0.0,0.1672652407903174,BUY_YES,0.06999999999999999,0.06,kalshi_candlestick,yes_ask_open,1.0,1,0.06999999999999999,0.01000000000000001,0.009999999999999995,0.08,0.0872652407903174,0.026235590596711142,0,kalshi_result,next_candle_open,historical_proxy_validated,False,1000.1600000000001,-0.06999999999999999,-0.08
65,NYC,2025-08-28,KXHIGHNY-25AUG28,KXHIGHNY-25AUG28-B78.5,2025-08-28 15:15:00+00:00,2025-08-28 15:16:00+00:00,2025-09-04 14:00:00+00:00,2025-08-28 15:00:00+00:00,15.0,0.7575424956940138,BUY_YES,0.5,0.49,kalshi_candlestick,yes_ask_open,1.0,1,0.5,0.02,0.010000000000000009,0.52,0.23754249569401378,0.04533615057848485,1,kalshi_result,next_candle_open,historical_proxy_validated,False,1001.1600000000001,0.5,0.48
66,NYC,2025-08-28,KXHIGHNY-25AUG28,KXHIGHNY-25AUG28-T83,2025-08-28 15:15:00+00:00,2025-08-28 15:16:00+00:00,2025-09-04 14:00:00+00:00,2025-08-28 15:00:00+00:00,15.0,0.2424575043059863,BUY_YES,0.02,0.01,kalshi_candlestick,yes_ask_open,1.0,1,0.02,0.01,0.01,0.03,0.2124575043059863,0.02025115919045739,0,kalshi_result,next_candle_open,historical_proxy_validated,False,1001.1600000000001,-0.02,-0.03
67,NYC,2025-08-28,KXHIGHNY-25AUG28,KXHIGHNY-25AUG28-B80.5,2025-08-28 15:20:00+00:00,2025-08-28 15:21:00+00:00,2025-09-04 14:00:00+00:00,2025-08-28 15:00:00+00:00,20.0,0.2404692839963972,BUY_YES,0.13,0.12,kalshi_candlestick,yes_ask_open,1.0,1,0.13,0.01,0.010000000000000009,0.14,0.1004692839963972,0.021816572669611074,0,kalshi_result,next_candle_open,historical_proxy_validated,False,1001.1600000000001,-0.13,-0.14
68,NYC,2025-08-30,KXHIGHNY-25AUG30,KXHIGHNY-25AUG30-B73.5,2025-08-30 15:30:00+00:00,2025-08-30 15:31:00+00:00,2025-09-06 14:00:00+00:00,2025-08-30 15:00:00+00:00,30.0,0.22037265888567292,BUY_YES,0.08,0.07,kalshi_candlestick,yes_ask_open,1.0,1,0.08,0.01,0.009999999999999995,0.09,0.1303726588856729,0.035167408126471865,0,kalshi_result,next_candle_open,historical_proxy_validated,False,1000.0700000000002,-0.08,-0.09
69,NYC,2025-09-03,KXHIGHNY-25SEP03,KXHIGHNY-25SEP03-T76,2025-09-03 08:00:00+00:00,2025-09-03 08:01:00+00:00,2025-09-10 14:00:00+00:00,2025-09-03 08:00:00+00:00,0.0,0.09934441940496407,BUY_YES,0.03,0.02,kalshi_candlestick,yes_ask_open,1.0,1,0.03,0.01,0.009999999999999998,0.04,0.059344419404964065,0.011717438987083497,0,kalshi_result,next_candle_open,historical_proxy_validated,False,999.4300000000002,-0.03,-0.04
70,NYC,2025-09-05,KXHIGHNY-25SEP05,KXHIGHNY-25SEP05-B82.5,2025-09-05 14:35:00+00:00,2025-09-05 14:36:00+00:00,2025-09-12 14:00:00+00:00,2025-09-05 14:00:00+00:00,35.0,0.7247931426014897,BUY_YES,0.52,0.51,kalshi_candlestick,yes_ask_open,1.0,1,0.52,0.02,0.010000000000000009,0.54,0.18479314260148974,0.018712364465615545,1,kalshi_result,next_candle_open,historical_proxy_validated,False,1000.4300000000002,0.48,0.45999999999999996
71,NYC,2025-09-06,KXHIGHNY-25SEP06,KXHIGHNY-25SEP06-B85.5,2025-09-06 06:25:00+00:00,2025-09-06 06:26:00+00:00,2025-09-13 14:00:00+00:00,2025-09-06 06:00:00+00:00,25.0,0.6124492211404104,BUY_YES,0.38,0.37,kalshi_candlestick,yes_ask_open,1.0,1,0.38,0.02,0.010000000000000009,0.4,0.21244922114041045,0.09866090324108569,1,kalshi_result,next_candle_open,historical_proxy_validated,False,1000.8600000000001,0.62,0.6
72,NYC,2025-09-06,KXHIGHNY-25SEP06,KXHIGHNY-25SEP06-B87.5,2025-09-06 06:25:00+00:00,2025-09-06 06:26:00+00:00,2025-09-13 14:00:00+00:00,2025-09-06 06:00:00+00:00,25.0,0.3875507788595896,BUY_YES,0.14,0.13,kalshi_candlestick,yes_ask_open,1.0,1,0.14,0.01,0.010000000000000009,0.15000000000000002,0.23755077885958958,0.1237624609602649,0,kalshi_result,next_candle_open,historical_proxy_validated,False,1000.8600000000001,-0.14,-0.15000000000000002
73,NYC,2025-09-09,KXHIGHNY-25SEP09,KXHIGHNY-25SEP09-B72.5,2025-09-09 04:40:00+00:00,2025-09-09 04:41:00+00:00,2025-09-16 14:00:00+00:00,2025-09-09 04:00:00+00:00,40.0,0.6881157975337121,BUY_YES,0.42,0.41,kalshi_candlestick,yes_ask_open,1.0,1,0.42,0.02,0.010000000000000009,0.44,0.24811579753371213,0.036477815605112165,1,kalshi_result,next_candle_open,historical_proxy_validated,False,1001.7000000000002,0.5800000000000001,0.56
74,NYC,2025-09-09,KXHIGHNY-25SEP09,KXHIGHNY-25SEP09-B76.5,2025-09-09 08:00:00+00:00,2025-09-09 08:01:00+00:00,2025-09-16 14:00:00+00:00,2025-09-09 08:00:00+00:00,0.0,0.3166274892202999,BUY_YES,0.08,0.07,kalshi_candlestick,yes_ask_open,1.0,1,0.08,0.01,0.009999999999999995,0.09,0.22662748922029985,0.022556337195865604,0,kalshi_result,next_candle_open,historical_proxy_validated,False,1001.7000000000002,-0.08,-0.09
75,NYC,2025-09-10,KXHIGHNY-25SEP10,KXHIGHNY-25SEP10-B71.5,2025-09-10 04:00:00+00:00,2025-09-10 04:01:00+00:00,2025-09-17 14:00:00+00:00,2025-09-10 04:00:00+00:00,0.0,0.48981692132894133,BUY_YES,0.05,0.04,kalshi_candlestick,yes_ask_open,1.0,1,0.05,0.01,0.010000000000000002,0.060000000000000005,0.42981692132894134,0.25622334716268663,0,kalshi_result,next_candle_open,historical_proxy_validated,False,1001.2000000000002,-0.05,-0.060000000000000005
76,NYC,2025-09-10,KXHIGHNY-25SEP10,KXHIGHNY-25SEP10-B73.5,2025-09-10 04:00:00+00:00,2025-09-10 04:02:00+00:00,2025-09-17 14:00:00+00:00,2025-09-10 04:00:00+00:00,0.0,0.5101830786710587,BUY_YES,0.04,0.03,kalshi_candlestick,yes_ask_open,2.0,1,0.04,0.01,0.010000000000000002,0.05,0.46018307867105873,0.2865895045048041,1,kalshi_result,next_candle_open,historical_proxy_validated,False,1002.2000000000002,0.96,0.95
77,NYC,2025-09-13,KXHIGHNY-25SEP13,KXHIGHNY-25SEP13-B77.5,2025-09-13 08:15:00+00:00,2025-09-13 08:16:00+00:00,2025-09-20 14:00:00+00:00,2025-09-13 08:00:00+00:00,15.0,0.7137442861282788,BUY_YES,0.48,0.47,kalshi_candlestick,yes_ask_open,1.0,1,0.48,0.02,0.010000000000000009,0.5,0.2137442861282788,0.04943078290487303,1,kalshi_result,next_candle_open,historical_proxy_validated,False,1003.2000000000002,0.52,0.5
78,NYC,2025-09-13,KXHIGHNY-25SEP13,KXHIGHNY-25SEP13-B81.5,2025-09-13 08:15:00+00:00,2025-09-13 08:16:00+00:00,2025-09-20 14:00:00+00:00,2025-09-13 08:00:00+00:00,15.0,0.2862557138717213,BUY_YES,0.060000000000000005,0.05,kalshi_candlestick,yes_ask_open,1.0,1,0.060000000000000005,0.009999999999999995,0.010000000000000002,0.07,0.21625571387172127,0.05194221064831551,0,kalshi_result,next_candle_open,historical_proxy_validated,False,1003.2000000000002,-0.060000000000000005,-0.07
79,NYC,2025-09-15,KXHIGHNY-25SEP15,KXHIGHNY-25SEP15-B77.5,2025-09-15 08:30:00+00:00,2025-09-15 08:31:00+00:00,2025-09-22 14:00:00+00:00,2025-09-15 08:00:00+00:00,30.0,0.2770982049792386,BUY_YES,0.15000000000000002,0.14,kalshi_candlestick,yes_ask_open,1.0,1,0.15000000000000002,0.00999999999999998,0.010000000000000009,0.16,0.11709820497923859,0.04437584093515362,0,kalshi_result,next_candle_open,historical_proxy_validated,False,1003.2000000000002,-0.15000000000000002,-0.16
80,NYC,2025-09-17,KXHIGHNY-25SEP17,KXHIGHNY-25SEP17-B70.5,2025-09-17 07:25:00+00:00,2025-09-17 07:26:00+00:00,2025-09-24 14:00:00+00:00,2025-09-17 07:00:00+00:00,25.0,0.6460555826323662,BUY_YES,0.38,0.37,kalshi_candlestick,yes_ask_open,1.0,1,0.38,0.02,0.010000000000000009,0.4,0.24605558263236618,0.08816312790679072,1,kalshi_result,next_candle_open,historical_proxy_validated,False,1004.2000000000002,0.62,0.6
81,NYC,2025-09-17,KXHIGHNY-25SEP17,KXHIGHNY-25SEP17-B72.5,2025-09-17 07:25:00+00:00,2025-09-17 07:26:00+00:00,2025-09-24 14:00:00+00:00,2025-09-17 07:00:00+00:00,25.0,0.3539444173676338,BUY_YES,0.09,0.08,kalshi_candlestick,yes_ask_open,1.0,1,0.09,0.01,0.009999999999999995,0.09999999999999999,0.25394441736763385,0.09605196264205833,0,kalshi_result,next_candle_open,historical_proxy_validated,False,1004.2000000000002,-0.09,-0.09999999999999999
82,NYC,2025-09-26,KXHIGHNY-25SEP26,KXHIGHNY-25SEP26-B83.5,2025-09-26 11:25:00+00:00,2025-09-26 11:26:00+00:00,2025-10-03 14:00:00+00:00,2025-09-26 11:00:00+00:00,25.0,0.3152351882472502,BUY_YES,0.18000000000000002,0.17,kalshi_candlestick,yes_ask_open,1.0,1,0.18000000000000002,0.01999999999999998,0.010000000000000009,0.2,0.11523518824725022,0.013986829352271784,0,kalshi_result,next_candle_open,historical_proxy_validated,False,1001.58,-0.18000000000000002,-0.2
83,NYC,2025-09-26,KXHIGHNY-25SEP26,KXHIGHNY-25SEP26-B81.5,2025-09-26 14:40:00+00:00,2025-09-26 14:41:00+00:00,2025-10-03 14:00:00+00:00,2025-09-26 14:00:00+00:00,40.0,0.690927600128741,BUY_YES,0.53,0.52,kalshi_candlestick,yes_ask_open,1.0,1,0.53,0.02,0.010000000000000009,0.55,0.14092760012874098,0.01855424426798726,1,kalshi_result,next_candle_open,historical_proxy_validated,False,1002.58,0.47,0.44999999999999996
84,NYC,2025-09-27,KXHIGHNY-25SEP27,KXHIGHNY-25SEP27-B81.5,2025-09-27 09:10:00+00:00,2025-09-27 09:14:00+00:00,2025-10-04 14:00:00+00:00,2025-09-27 09:00:00+00:00,10.0,0.34253680351711996,BUY_YES,0.18000000000000002,0.17,kalshi_candlestick,yes_ask_open,4.0,1,0.18000000000000002,0.01999999999999998,0.010000000000000009,0.2,0.14253680351711995,0.022634468962450565,0,kalshi_result,next_candle_open,historical_proxy_validated,False,1002.58,-0.18000000000000002,-0.2
85,NYC,2025-09-27,KXHIGHNY-25SEP27,KXHIGHNY-25SEP27-B77.5,2025-09-27 09:30:00+00:00,2025-09-27 09:31:00+00:00,2025-10-04 14:00:00+00:00,2025-09-27 09:00:00+00:00,30.0,0.34876287756246016,BUY_YES,0.21000000000000002,0.2,kalshi_candlestick,yes_ask_open,1.0,1,0.21000000000000002,0.01999999999999998,0.010000000000000009,0.23,0.11876287756246016,0.022519654172373487,0,kalshi_result,next_candle_open,historical_proxy_validated,False,1002.58,-0.21000000000000002,-0.23
86,NYC,2025-09-27,KXHIGHNY-25SEP27,KXHIGHNY-25SEP27-B79.5,2025-09-27 13:40:00+00:00,2025-09-27 13:41:00+00:00,2025-10-04 14:00:00+00:00,2025-09-27 13:00:00+00:00,40.0,0.6731662486721617,BUY_YES,0.56,0.55,kalshi_candlestick,yes_ask_open,1.0,1,0.56,0.02,0.010000000000000009,0.5800000000000001,0.09316624867216163,0.02134720149865867,1,kalshi_result,next_candle_open,historical_proxy_validated,False,1003.58,0.43999999999999995,0.41999999999999993
87,NYC,2025-09-30,KXHIGHNY-25SEP30,KXHIGHNY-25SEP30-B82.5,2025-09-30 06:50:00+00:00,2025-09-30 06:51:00+00:00,2025-10-07 14:00:00+00:00,2025-09-30 06:00:00+00:00,50.0,0.22382614612006796,BUY_YES,0.12,0.11,kalshi_candlestick,yes_ask_open,1.0,1,0.12,0.01,0.009999999999999995,0.13,0.09382614612006797,0.02872772409478625,0,kalshi_result,next_candle_open,historical_proxy_validated,False,1002.3400000000001,-0.12,-0.13
88,NYC,2025-09-30,KXHIGHNY-25SEP30,KXHIGHNY-25SEP30-B80.5,2025-09-30 07:15:00+00:00,2025-09-30 07:16:00+00:00,2025-10-07 14:00:00+00:00,2025-09-30 07:00:00+00:00,15.0,0.7854000146641953,BUY_YES,0.59,0.58,kalshi_candlestick,yes_ask_open,1.0,1,0.59,0.02,0.010000000000000009,0.61,0.17540001466419533,0.010106172289552257,1,kalshi_result,next_candle_open,historical_proxy_validated,False,1003.3400000000001,0.41000000000000003,0.39
89,NYC,2025-10-01,KXHIGHNY-25OCT01,KXHIGHNY-25OCT01-B71.5,2025-10-01 15:45:00+00:00,2025-10-01 15:46:00+00:00,2025-10-08 14:00:00+00:00,2025-10-01 15:00:00+00:00,45.0,0.21668867021959387,BUY_YES,0.11,0.1,kalshi_candlestick,yes_ask_open,1.0,1,0.11,0.01,0.009999999999999995,0.12,0.09668867021959388,0.02722658787799489,0,kalshi_result,next_candle_open,historical_proxy_validated,False,1003.3400000000001,-0.11,-0.12
90,NYC,2025-10-06,KXHIGHNY-25OCT06,KXHIGHNY-25OCT06-B79.5,2025-10-06 07:25:00+00:00,2025-10-06 07:26:00+00:00,2025-10-13 14:00:00+00:00,2025-10-06 07:00:00+00:00,25.0,0.7661583748208034,BUY_YES,0.52,0.51,kalshi_candlestick,yes_ask_open,1.0,1,0.52,0.02,0.010000000000000009,0.54,0.2261583748208034,0.04370215664571343,1,kalshi_result,next_candle_open,historical_proxy_validated,False,1003.9600000000002,0.48,0.45999999999999996
91,NYC,2025-10-07,KXHIGHNY-25OCT07,KXHIGHNY-25OCT07-B81.5,2025-10-07 04:50:00+00:00,2025-10-07 04:51:00+00:00,2025-10-14 14:00:00+00:00,2025-10-07 04:00:00+00:00,50.0,0.27736928833341806,BUY_YES,0.16,0.15,kalshi_candlestick,yes_ask_open,1.0,1,0.16,0.01,0.010000000000000009,0.17,0.10736928833341806,0.021229054103552338,0,kalshi_result,next_candle_open,historical_proxy_validated,False,1003.2000000000002,-0.16,-0.17
92,NYC,2025-10-07,KXHIGHNY-25OCT07,KXHIGHNY-25OCT07-B79.5,2025-10-07 10:00:00+00:00,2025-10-07 10:01:00+00:00,2025-10-14 14:00:00+00:00,2025-10-07 10:00:00+00:00,0.0,0.7226529088299312,BUY_YES,0.51,0.5,kalshi_candlestick,yes_ask_open,1.0,1,0.51,0.02,0.010000000000000009,0.53,0.19265290882993116,0.01364682755453141,1,kalshi_result,next_candle_open,historical_proxy_validated,False,1004.2000000000002,0.49,0.47
93,NYC,2025-10-09,KXHIGHNY-25OCT09,KXHIGHNY-25OCT09-B58.5,2025-10-09 13:00:00+00:00,2025-10-09 13:01:00+00:00,2025-10-16 14:00:00+00:00,2025-10-09 13:00:00+00:00,0.0,0.6213933605757723,BUY_YES,0.31,0.3,kalshi_candlestick,yes_ask_open,1.0,1,0.31,0.02,0.010000000000000009,0.33,0.2913933605757723,0.028611928851351682,1,kalshi_result,next_candle_open,historical_proxy_validated,False,1005.2000000000002,0.69,0.6699999999999999
94,NYC,2025-10-10,KXHIGHNY-25OCT10,KXHIGHNY-25OCT10-T60,2025-10-10 06:35:00+00:00,2025-10-10 06:36:00+00:00,2025-10-17 14:00:00+00:00,2025-10-10 06:00:00+00:00,35.0,0.1291488592788375,BUY_YES,0.04,0.03,kalshi_candlestick,yes_ask_open,1.0,1,0.04,0.01,0.010000000000000002,0.05,0.07914885927883751,0.023569271304759262,0,kalshi_result,next_candle_open,historical_proxy_validated,False,1005.2000000000002,-0.04,-0.05
95,NYC,2025-10-13,KXHIGHNY-25OCT13,KXHIGHNY-25OCT13-B60.5,2025-10-13 17:03:00+00:00,2025-10-13 17:04:00+00:00,2025-10-20 14:00:00+00:00,2025-10-13 17:00:00+00:00,3.0,0.2801961234257961,BUY_YES,0.16,0.15,kalshi_candlestick,yes_ask_open,1.0,1,0.16,0.01,0.010000000000000009,0.17,0.11019612342579609,0.030301498419512053,0,kalshi_result,next_candle_open,historical_proxy_validated,False,1004.5900000000001,-0.16,-0.17
96,NYC,2025-10-13,KXHIGHNY-25OCT13,KXHIGHNY-25OCT13-B58.5,2025-10-13 17:15:00+00:00,2025-10-13 17:16:00+00:00,2025-10-20 14:00:00+00:00,2025-10-13 17:00:00+00:00,15.0,0.6937292288996668,BUY_YES,0.5700000000000001,0.56,kalshi_candlestick,yes_ask_open,1.0,1,0.5700000000000001,0.0199999999999999,0.010000000000000009,0.59,0.10372922889966685,0.035676532911340104,1,kalshi_result,next_candle_open,historical_proxy_validated,False,1005.5900000000001,0.42999999999999994,0.41000000000000003
97,NYC,2025-10-19,KXHIGHNY-25OCT19,KXHIGHNY-25OCT19-B68.5,2025-10-19 04:05:00+00:00,2025-10-19 04:06:00+00:00,2025-10-26 14:00:00+00:00,2025-10-19 04:00:00+00:00,5.0,0.2599053825289068,BUY_YES,0.09999999999999999,0.09,kalshi_candlestick,yes_ask_open,1.0,1,0.09999999999999999,0.01000000000000001,0.009999999999999995,0.11,0.14990538252890684,0.07838579744828543,0,kalshi_result,next_candle_open,historical_proxy_validated,False,1003.9400000000002,-0.09999999999999999,-0.11
98,NYC,2025-10-19,KXHIGHNY-25OCT19,KXHIGHNY-25OCT19-B70.5,2025-10-19 04:40:00+00:00,2025-10-19 04:42:00+00:00,2025-10-26 14:00:00+00:00,2025-10-19 04:00:00+00:00,40.0,0.7200624565100899,BUY_YES,0.44,0.43,kalshi_candlestick,yes_ask_open,2.0,1,0.44,0.02,0.010000000000000009,0.46,0.2600624565100899,0.053344377923487854,1,kalshi_result,next_candle_open,historical_proxy_validated,False,1004.9400000000002,0.56,0.54
99,NYC,2025-10-19,KXHIGHNY-25OCT19,KXHIGHNY-25OCT19-T75,2025-10-19 04:40:00+00:00,2025-10-19 04:42:00+00:00,2025-10-26 14:00:00+00:00,2025-10-19 04:00:00+00:00,40.0,0.2799375434899101,BUY_YES,0.03,0.02,kalshi_candlestick,yes_ask_open,2.0,1,0.03,0.01,0.009999999999999998,0.04,0.23993754348991012,0.03321946490330805,0,kalshi_result,next_candle_open,historical_proxy_validated,False,1004.9400000000002,-0.03,-0.04
100,NYC,2025-10-21,KXHIGHNY-25OCT21,KXHIGHNY-25OCT21-B65.5,2025-10-21 06:25:00+00:00,2025-10-21 06:26:00+00:00,2025-10-28 14:00:00+00:00,2025-10-21 06:00:00+00:00,25.0,0.6290504396700968,BUY_YES,0.4,0.39,kalshi_candlestick,yes_ask_open,1.0,1,0.4,0.02,0.010000000000000009,0.42000000000000004,0.20905043967009676,0.10677920232814299,1,kalshi_result,next_candle_open,historical_proxy_validated,False,1005.9400000000002,0.6,0.58
101,NYC,2025-10-25,KXHIGHNY-25OCT25,KXHIGHNY-25OCT25-B57.5,2025-10-25 07:40:00+00:00,2025-10-25 07:41:00+00:00,2025-11-01 14:00:00+00:00,2025-10-25 07:00:00+00:00,40.0,0.7010031611030427,BUY_YES,0.51,0.5,kalshi_candlestick,yes_ask_open,1.0,1,0.51,0.02,0.010000000000000009,0.53,0.17100316110304273,0.08998850429671391,1,kalshi_result,next_candle_open,historical_proxy_validated,False,1005.2100000000003,0.49,0.47
102,NYC,2025-10-25,KXHIGHNY-25OCT25,KXHIGHNY-25OCT25-B61.5,2025-10-25 07:40:00+00:00,2025-10-25 07:41:00+00:00,2025-11-01 14:00:00+00:00,2025-10-25 07:00:00+00:00,40.0,0.29899683889695733,BUY_YES,0.060000000000000005,0.05,kalshi_candlestick,yes_ask_open,1.0,1,0.060000000000000005,0.009999999999999995,0.010000000000000002,0.07,0.22899683889695732,0.14798218209062858,0,kalshi_result,next_candle_open,historical_proxy_validated,False,1005.2100000000003,-0.060000000000000005,-0.07
103,NYC,2025-10-26,KXHIGHNY-25OCT26,KXHIGHNY-25OCT26-B60.5,2025-10-26 04:10:00+00:00,2025-10-26 04:13:00+00:00,2025-11-02 14:00:00+00:00,2025-10-26 04:00:00+00:00,10.0,0.12864816614733102,BUY_YES,0.04,0.03,kalshi_candlestick,yes_ask_open,3.0,1,0.04,0.01,0.010000000000000002,0.05,0.07864816614733101,0.02249961066140295,0,kalshi_result,next_candle_open,historical_proxy_validated,False,1005.2100000000003,-0.04,-0.05
104,NYC,2025-10-26,KXHIGHNY-25OCT26,KXHIGHNY-25OCT26-B58.5,2025-10-26 11:45:00+00:00,2025-10-26 11:46:00+00:00,2025-11-02 14:00:00+00:00,2025-10-26 11:00:00+00:00,45.0,0.712642181036303,BUY_YES,0.56,0.55,kalshi_candlestick,yes_ask_open,1.0,1,0.56,0.02,0.010000000000000009,0.5800000000000001,0.1326421810363029,0.021629911070784175,1,kalshi_result,next_candle_open,historical_proxy_validated,False,1006.2100000000003,0.43999999999999995,0.41999999999999993
105,NYC,2025-10-29,KXHIGHNY-25OCT29,KXHIGHNY-25OCT29-B56.5,2025-10-29 06:30:00+00:00,2025-10-29 06:31:00+00:00,2025-11-05 14:00:00+00:00,2025-10-29 06:00:00+00:00,30.0,0.6712047774784784,BUY_YES,0.43,0.42,kalshi_candlestick,yes_ask_open,1.0,1,0.43,0.02,0.010000000000000009,0.45,0.22120477747847841,0.06799603294571362,1,kalshi_result,next_candle_open,historical_proxy_validated,False,1006.1400000000002,0.5700000000000001,0.55
106,NYC,2025-10-29,KXHIGHNY-25OCT29,KXHIGHNY-25OCT29-B58.5,2025-10-29 06:30:00+00:00,2025-10-29 06:31:00+00:00,2025-11-05 14:00:00+00:00,2025-10-29 06:00:00+00:00,30.0,0.32879522252152155,BUY_YES,0.08,0.07,kalshi_candlestick,yes_ask_open,1.0,1,0.08,0.01,0.009999999999999995,0.09,0.23879522252152152,0.08558647798875671,0,kalshi_result,next_candle_open,historical_proxy_validated,False,1006.1400000000002,-0.08,-0.09
107,NYC,2025-10-29,KXHIGHNY-25OCT29,KXHIGHNY-25OCT29-B52.5,2025-10-29 09:45:00+00:00,2025-10-29 09:46:00+00:00,2025-11-05 14:00:00+00:00,2025-10-29 09:00:00+00:00,45.0,0.4268113912235901,BUY_YES,0.15000000000000002,0.14,kalshi_candlestick,yes_ask_open,1.0,1,0.15000000000000002,0.00999999999999998,0.010000000000000009,0.16,0.2668113912235901,0.10263621647399826,0,kalshi_result,next_candle_open,historical_proxy_validated,False,1006.1400000000002,-0.15000000000000002,-0.16
108,NYC,2025-10-29,KXHIGHNY-25OCT29,KXHIGHNY-25OCT29-T52,2025-10-29 12:20:00+00:00,2025-10-29 12:22:00+00:00,2025-11-05 14:00:00+00:00,2025-10-29 12:00:00+00:00,20.0,0.11116830230694041,BUY_YES,0.02,0.01,kalshi_candlestick,yes_ask_open,2.0,1,0.02,0.01,0.01,0.03,0.08116830230694042,0.03266129518624932,0,kalshi_result,next_candle_open,historical_proxy_validated,False,1006.1400000000002,-0.02,-0.03
109,NYC,2025-10-30,KXHIGHNY-25OCT30,KXHIGHNY-25OCT30-B62.5,2025-10-30 05:10:00+00:00,2025-10-30 05:11:00+00:00,2025-11-06 14:00:00+00:00,2025-10-30 05:00:00+00:00,10.0,0.651101395949807,BUY_YES,0.46,0.45,kalshi_candlestick,yes_ask_open,1.0,1,0.46,0.02,0.010000000000000009,0.48000000000000004,0.17110139594980697,0.07573191015121934,1,kalshi_result,next_candle_open,historical_proxy_validated,False,1007.1400000000002,0.54,0.52
110,NYC,2025-10-30,KXHIGHNY-25OCT30,KXHIGHNY-25OCT30-B64.5,2025-10-30 05:10:00+00:00,2025-10-30 05:11:00+00:00,2025-11-06 14:00:00+00:00,2025-10-30 05:00:00+00:00,10.0,0.348898604050193,BUY_YES,0.12,0.11,kalshi_candlestick,yes_ask_open,1.0,1,0.12,0.01,0.009999999999999995,0.13,0.218898604050193,0.12352911825160535,0,kalshi_result,next_candle_open,historical_proxy_validated,False,1007.1400000000002,-0.12,-0.13
111,NYC,2025-10-31,KXHIGHNY-25OCT31,KXHIGHNY-25OCT31-B58.5,2025-10-31 04:00:00+00:00,2025-10-31 04:01:00+00:00,2025-11-07 14:00:00+00:00,2025-10-31 04:00:00+00:00,0.0,0.4793029867382682,BUY_YES,0.28,0.27,kalshi_candlestick,yes_ask_open,1.0,1,0.28,0.02,0.010000000000000009,0.30000000000000004,0.1793029867382682,0.06676279059050917,1,kalshi_result,next_candle_open,historical_proxy_validated,False,1008.1400000000002,0.72,0.7
112,NYC,2025-10-31,KXHIGHNY-25OCT31,KXHIGHNY-25OCT31-B60.5,2025-10-31 04:00:00+00:00,2025-10-31 04:01:00+00:00,2025-11-07 14:00:00+00:00,2025-10-31 04:00:00+00:00,0.0,0.28671057556231017,BUY_YES,0.04,0.03,kalshi_candlestick,yes_ask_open,1.0,1,0.04,0.01,0.010000000000000002,0.05,0.23671057556231015,0.1012939938870878,0,kalshi_result,next_candle_open,historical_proxy_validated,False,1008.1400000000002,-0.04,-0.05
113,NYC,2025-10-31,KXHIGHNY-25OCT31,KXHIGHNY-25OCT31-B62.5,2025-10-31 04:00:00+00:00,2025-10-31 04:02:00+00:00,2025-11-07 14:00:00+00:00,2025-10-31 04:00:00+00:00,0.0,0.23398643769942157,BUY_YES,0.03,0.02,kalshi_candlestick,yes_ask_open,2.0,1,0.03,0.01,0.009999999999999998,0.04,0.19398643769942156,0.023228315286916497,0,kalshi_result,next_candle_open,historical_proxy_validated,False,1008.1400000000002,-0.03,-0.04
114,NYC,2025-11-05,KXHIGHNY-25NOV05,KXHIGHNY-25NOV05-B62.5,2025-11-05 06:40:00+00:00,2025-11-05 06:41:00+00:00,2025-11-12 15:00:00+00:00,2025-11-05 06:00:00+00:00,40.0,0.6716475796083657,BUY_YES,0.42,0.41,kalshi_candlestick,yes_ask_open,1.0,1,0.42,0.02,0.010000000000000009,0.44,0.23164757960836577,0.04236355932635767,0,kalshi_result,next_candle_open,historical_proxy_validated,False,1006.9100000000003,-0.42,-0.44
115,NYC,2025-11-05,KXHIGHNY-25NOV05,KXHIGHNY-25NOV05-B66.5,2025-11-05 06:40:00+00:00,2025-11-05 06:41:00+00:00,2025-11-12 15:00:00+00:00,2025-11-05 06:00:00+00:00,40.0,0.3283524203916342,BUY_YES,0.09,0.08,kalshi_candlestick,yes_ask_open,1.0,1,0.09,0.01,0.009999999999999995,0.09999999999999999,0.2283524203916342,0.039068400109626124,1,kalshi_result,next_candle_open,historical_proxy_validated,False,1007.9100000000003,0.91,0.9
116,NYC,2025-11-05,KXHIGHNY-25NOV05,KXHIGHNY-25NOV05-B64.5,2025-11-05 13:25:00+00:00,2025-11-05 13:26:00+00:00,2025-11-12 15:00:00+00:00,2025-11-05 13:00:00+00:00,25.0,0.7156139611180447,BUY_YES,0.51,0.5,kalshi_candlestick,yes_ask_open,1.0,1,0.51,0.02,0.010000000000000009,0.53,0.18561396111804465,0.04936235518708655,0,kalshi_result,next_candle_open,historical_proxy_validated,False,1007.9100000000003,-0.51,-0.53
117,NYC,2025-11-08,KXHIGHNY-25NOV08,KXHIGHNY-25NOV08-B68.5,2025-11-08 05:20:00+00:00,2025-11-08 05:22:00+00:00,2025-11-15 15:00:00+00:00,2025-11-08 05:00:00+00:00,20.0,0.14208063839907453,BUY_YES,0.03,0.02,kalshi_candlestick,yes_ask_open,2.0,1,0.03,0.01,0.009999999999999998,0.04,0.10208063839907454,0.010944610160599605,0,kalshi_result,next_candle_open,historical_proxy_validated,False,1007.8300000000003,-0.03,-0.04
118,NYC,2025-11-09,KXHIGHNY-25NOV09,KXHIGHNY-25NOV09-B63.5,2025-11-09 05:15:00+00:00,2025-11-09 05:16:00+00:00,2025-11-16 15:00:00+00:00,2025-11-09 05:00:00+00:00,15.0,0.6134992153416479,BUY_YES,0.37,0.36,kalshi_candlestick,yes_ask_open,1.0,1,0.37,0.02,0.010000000000000009,0.39,0.22349921534164788,0.04196058295695933,1,kalshi_result,next_candle_open,historical_proxy_validated,False,1008.6700000000003,0.63,0.61
119,NYC,2025-11-09,KXHIGHNY-25NOV09,KXHIGHNY-25NOV09-B65.5,2025-11-09 05:15:00+00:00,2025-11-09 05:16:00+00:00,2025-11-16 15:00:00+00:00,2025-11-09 05:00:00+00:00,15.0,0.3865007846583521,BUY_YES,0.13,0.12,kalshi_candlestick,yes_ask_open,1.0,1,0.13,0.01,0.010000000000000009,0.14,0.24650078465835207,0.06496215227366355,0,kalshi_result,next_candle_open,historical_proxy_validated,False,1008.6700000000003,-0.13,-0.14
120,NYC,2025-11-11,KXHIGHNY-25NOV11,KXHIGHNY-25NOV11-B43.5,2025-11-11 15:05:00+00:00,2025-11-11 15:06:00+00:00,2025-11-18 15:00:00+00:00,2025-11-11 15:00:00+00:00,5.0,0.3113921434417655,BUY_YES,0.14,0.13,kalshi_candlestick,yes_ask_open,1.0,1,0.14,0.01,0.010000000000000009,0.15000000000000002,0.1613921434417655,0.016086907206213287,0,kalshi_result,next_candle_open,historical_proxy_validated,False,1008.6700000000003,-0.14,-0.15000000000000002
121,NYC,2025-11-11,KXHIGHNY-25NOV11,KXHIGHNY-25NOV11-B41.5,2025-11-11 15:40:00+00:00,2025-11-11 15:41:00+00:00,2025-11-18 15:00:00+00:00,2025-11-11 15:00:00+00:00,40.0,0.6760834914746129,BUY_YES,0.49,0.48,kalshi_candlestick,yes_ask_open,1.0,1,0.49,0.02,0.010000000000000009,0.51,0.1660834914746129,0.012561556379815614,1,kalshi_result,next_candle_open,historical_proxy_validated,False,1009.6700000000003,0.51,0.49
122,NYC,2025-11-13,KXHIGHNY-25NOV13,KXHIGHNY-25NOV13-B48.5,2025-11-13 11:30:00+00:00,2025-11-13 11:31:00+00:00,2025-11-20 15:00:00+00:00,2025-11-13 11:00:00+00:00,30.0,0.211889906973264,BUY_YES,0.06999999999999999,0.06,kalshi_candlestick,yes_ask_open,1.0,1,0.06999999999999999,0.01000000000000001,0.009999999999999995,0.08,0.13188990697326397,0.03373678344981537,0,kalshi_result,next_candle_open,historical_proxy_validated,False,1009.6700000000003,-0.06999999999999999,-0.08
123,NYC,2025-11-15,KXHIGHNY-25NOV15,KXHIGHNY-25NOV15-B49.5,2025-11-15 20:40:00+00:00,2025-11-15 20:41:00+00:00,2025-11-22 15:00:00+00:00,2025-11-15 20:00:00+00:00,40.0,0.6290300382060096,BUY_YES,0.15000000000000002,0.14,kalshi_candlestick,yes_ask_open,1.0,1,0.15000000000000002,0.00999999999999998,0.010000000000000009,0.16,0.4690300382060096,0.1322600563199043,1,kalshi_result,next_candle_open,historical_proxy_validated,False,1010.6700000000003,0.85,0.84
124,NYC,2025-11-25,KXHIGHNY-25NOV25,KXHIGHNY-25NOV25-B52.5,2025-11-26 03:05:00+00:00,2025-11-26 03:06:00+00:00,2025-12-02 15:00:00+00:00,2025-11-26 03:00:00+00:00,5.0,0.21227939366001228,BUY_YES,0.02,0.01,kalshi_candlestick,yes_ask_open,1.0,1,0.02,0.01,0.01,0.03,0.18227939366001228,0.0695006979181218,0,kalshi_result,next_candle_open,historical_proxy_validated,False,1010.6400000000003,-0.02,-0.03
125,NYC,2025-12-07,KXHIGHNY-25DEC07,KXHIGHNY-25DEC07-B39.5,2025-12-07 07:05:00+00:00,2025-12-07 07:06:00+00:00,2025-12-14 15:00:00+00:00,2025-12-07 07:00:00+00:00,5.0,0.4532249512811867,BUY_YES,0.19,0.18,kalshi_candlestick,yes_ask_open,1.0,1,0.19,0.02,0.010000000000000009,0.21,0.24322495128118674,0.14218561972142388,0,kalshi_result,next_candle_open,historical_proxy_validated,False,1008.8500000000003,-0.19,-0.21
126,NYC,2025-12-07,KXHIGHNY-25DEC07,KXHIGHNY-25DEC07-B43.5,2025-12-07 07:05:00+00:00,2025-12-07 07:06:00+00:00,2025-12-14 15:00:00+00:00,2025-12-07 07:00:00+00:00,5.0,0.5467750487188132,BUY_YES,0.29000000000000004,0.28,kalshi_candlestick,yes_ask_open,1.0,1,0.29000000000000004,0.01999999999999996,0.010000000000000009,0.31,0.23677504871881322,0.1357357171590503,1,kalshi_result,next_candle_open,historical_proxy_validated,False,1009.8500000000003,0.71,0.69
127,NYC,2025-12-10,KXHIGHNY-25DEC10,KXHIGHNY-25DEC10-B46.5,2025-12-10 05:00:00+00:00,2025-12-10 05:01:00+00:00,2025-12-17 15:00:00+00:00,2025-12-10 05:00:00+00:00,0.0,0.3932290150386815,BUY_YES,0.19,0.18,kalshi_candlestick,yes_ask_open,1.0,1,0.19,0.02,0.010000000000000009,0.21,0.18322901503868153,0.06592992644286784,1,kalshi_result,next_candle_open,historical_proxy_validated,False,1010.7500000000003,0.81,0.79
128,NYC,2025-12-10,KXHIGHNY-25DEC10,KXHIGHNY-25DEC10-B44.5,2025-12-10 05:10:00+00:00,2025-12-10 05:11:00+00:00,2025-12-17 15:00:00+00:00,2025-12-10 05:00:00+00:00,10.0,0.5814934794893171,BUY_YES,0.44,0.43,kalshi_candlestick,yes_ask_open,1.0,1,0.44,0.02,0.010000000000000009,0.46,0.12149347948931706,0.018486269465156652,0,kalshi_result,next_candle_open,historical_proxy_validated,False,1010.7500000000003,-0.44,-0.46
129,NYC,2025-12-13,KXHIGHNY-25DEC13,KXHIGHNY-25DEC13-B40.5,2025-12-13 05:25:00+00:00,2025-12-13 05:26:00+00:00,2025-12-20 15:00:00+00:00,2025-12-13 05:00:00+00:00,25.0,0.6587261176112287,BUY_YES,0.46,0.45,kalshi_candlestick,yes_ask_open,1.0,1,0.46,0.02,0.010000000000000009,0.48000000000000004,0.17872611761122867,0.10876163042616167,1,kalshi_result,next_candle_open,historical_proxy_validated,False,1011.3800000000005,0.54,0.52
130,NYC,2025-12-13,KXHIGHNY-25DEC13,KXHIGHNY-25DEC13-B42.5,2025-12-13 05:25:00+00:00,2025-12-13 05:26:00+00:00,2025-12-20 15:00:00+00:00,2025-12-13 05:00:00+00:00,25.0,0.3412738823887714,BUY_YES,0.11,0.1,kalshi_candlestick,yes_ask_open,1.0,1,0.11,0.01,0.009999999999999995,0.12,0.22127388238877138,0.1513093952037044,0,kalshi_result,next_candle_open,historical_proxy_validated,False,1011.3800000000005,-0.11,-0.12
131,NYC,2025-12-17,KXHIGHNY-25DEC17,KXHIGHNY-25DEC17-B47.5,2025-12-17 05:00:00+00:00,2025-12-17 05:01:00+00:00,2025-12-24 15:00:00+00:00,2025-12-17 05:00:00+00:00,0.0,0.2792403699417963,BUY_YES,0.04,0.03,kalshi_candlestick,yes_ask_open,1.0,1,0.04,0.01,0.010000000000000002,0.05,0.22924036994179628,0.12427608656257709,1,kalshi_result,next_candle_open,historical_proxy_validated,False,1012.3800000000005,0.96,0.95
132,NYC,2025-12-17,KXHIGHNY-25DEC17,KXHIGHNY-25DEC17-B49.5,2025-12-17 05:00:00+00:00,2025-12-17 05:01:00+00:00,2025-12-24 15:00:00+00:00,2025-12-17 05:00:00+00:00,0.0,0.2570816317650256,BUY_YES,0.04,0.03,kalshi_candlestick,yes_ask_open,1.0,1,0.04,0.01,0.010000000000000002,0.05,0.20708163176502556,0.02854722331889685,0,kalshi_result,next_candle_open,historical_proxy_validated,False,1012.3800000000005,-0.04,-0.05
133,NYC,2025-12-18,KXHIGHNY-25DEC18,KXHIGHNY-25DEC18-B52.5,2025-12-18 05:50:00+00:00,2025-12-18 05:52:00+00:00,2025-12-25 15:00:00+00:00,2025-12-18 05:00:00+00:00,50.0,0.24164893015076808,BUY_YES,0.14,0.13,kalshi_candlestick,yes_ask_open,2.0,1,0.14,0.01,0.010000000000000009,0.15000000000000002,0.09164893015076807,0.015362685414351021,0,kalshi_result,next_candle_open,historical_proxy_validated,False,1012.3800000000005,-0.14,-0.15000000000000002
134,NYC,2025-12-18,KXHIGHNY-25DEC18,KXHIGHNY-25DEC18-B54.5,2025-12-18 20:30:00+00:00,2025-12-18 20:31:00+00:00,2025-12-25 15:00:00+00:00,2025-12-18 20:00:00+00:00,30.0,0.2224333245966223,BUY_YES,0.03,0.02,kalshi_candlestick,yes_ask_open,1.0,1,0.03,0.01,0.009999999999999998,0.04,0.1824333245966223,0.011344676587448041,0,kalshi_result,next_candle_open,historical_proxy_validated,False,1012.3800000000005,-0.03,-0.04
135,NYC,2025-12-18,KXHIGHNY-25DEC18,KXHIGHNY-25DEC18-B50.5,2025-12-19 03:35:00+00:00,2025-12-19 03:36:00+00:00,2025-12-25 15:00:00+00:00,2025-12-19 03:00:00+00:00,35.0,0.5789283139357447,BUY_YES,0.17,0.16,kalshi_candlestick,yes_ask_open,1.0,1,0.17,0.01,0.010000000000000009,0.18000000000000002,0.3989283139357447,0.15210041816089817,1,kalshi_result,next_candle_open,historical_proxy_validated,False,1013.3800000000005,0.83,0.82
136,NYC,2026-01-05,KXHIGHNY-26JAN05,KXHIGHNY-26JAN05-B35.5,2026-01-06 00:15:00+00:00,2026-01-06 00:16:00+00:00,2026-01-12 15:00:00+00:00,2026-01-06 00:00:00+00:00,15.0,0.5772140655126398,BUY_YES,0.02,0.01,kalshi_candlestick,yes_ask_open,1.0,1,0.02,0.01,0.01,0.03,0.5472140655126397,0.21135500074048322,0,kalshi_result,next_candle_open,historical_proxy_validated,False,1013.2900000000005,-0.02,-0.03
137,NYC,2026-01-05,KXHIGHNY-26JAN05,KXHIGHNY-26JAN05-T33,2026-01-06 04:00:00+00:00,2026-01-06 04:01:00+00:00,2026-01-12 15:00:00+00:00,2026-01-06 04:00:00+00:00,0.0,0.08934221035760358,BUY_YES,0.02,0.01,kalshi_candlestick,yes_ask_open,1.0,1,0.02,0.01,0.01,0.03,0.05934221035760357,0.01271904281981604,0,kalshi_result,next_candle_open,historical_proxy_validated,False,1013.2900000000005,-0.02,-0.03
138,NYC,2026-01-05,KXHIGHNY-26JAN05,KXHIGHNY-26JAN05-T40,2026-01-06 04:40:00+00:00,2026-01-06 04:41:00+00:00,2026-01-12 15:00:00+00:00,2026-01-06 04:00:00+00:00,40.0,0.08991271436064896,BUY_YES,0.02,0.01,kalshi_candlestick,yes_ask_open,1.0,1,0.02,0.01,0.01,0.03,0.059912714360648954,0.01812276001258664,0,kalshi_result,next_candle_open,historical_proxy_validated,False,1013.2900000000005,-0.02,-0.03
139,NYC,2026-02-10,KXHIGHNY-26FEB10,KXHIGHNY-26FEB10-B36.5,2026-02-10 08:35:00+00:00,2026-02-10 08:39:00+00:00,2026-02-17 15:00:00+00:00,2026-02-10 08:00:00+00:00,35.0,0.6691419562362015,BUY_YES,0.44,0.43,kalshi_candlestick,yes_ask_open,4.0,1,0.44,0.02,0.010000000000000009,0.46,0.20914195623620155,0.076878489740914,1,kalshi_result,next_candle_open,historical_proxy_validated,False,1012.8500000000005,0.56,0.54
140,NYC,2026-02-11,KXHIGHNY-26FEB11,KXHIGHNY-26FEB11-B38.5,2026-02-11 08:00:00+00:00,2026-02-11 08:01:00+00:00,2026-02-18 15:00:00+00:00,2026-02-11 08:00:00+00:00,0.0,0.3620717784836724,BUY_YES,0.19,0.18,kalshi_candlestick,yes_ask_open,1.0,1,0.19,0.02,0.010000000000000009,0.21,0.1520717784836724,0.05207250529302422,0,kalshi_result,next_candle_open,historical_proxy_validated,False,1012.8500000000005,-0.19,-0.21
141,NYC,2026-02-11,KXHIGHNY-26FEB11,KXHIGHNY-26FEB11-B40.5,2026-02-11 08:00:00+00:00,2026-02-11 08:01:00+00:00,2026-02-18 15:00:00+00:00,2026-02-11 08:00:00+00:00,0.0,0.6379282215163276,BUY_YES,0.5,0.49,kalshi_candlestick,yes_ask_open,1.0,1,0.5,0.02,0.010000000000000009,0.52,0.11792822151632755,0.01792894832567928,1,kalshi_result,next_candle_open,historical_proxy_validated,False,1013.8500000000005,0.5,0.48
142,NYC,2026-02-13,KXHIGHNY-26FEB13,KXHIGHNY-26FEB13-B41.5,2026-02-13 09:10:00+00:00,2026-02-13 09:11:00+00:00,2026-02-20 15:00:00+00:00,2026-02-13 09:00:00+00:00,10.0,0.25249492003681134,BUY_YES,0.06999999999999999,0.06,kalshi_candlestick,yes_ask_open,1.0,1,0.06999999999999999,0.01000000000000001,0.009999999999999995,0.08,0.17249492003681133,0.01000146596028635,0,kalshi_result,next_candle_open,historical_proxy_validated,False,1013.8500000000005,-0.06999999999999999,-0.08
143,NYC,2026-02-14,KXHIGHNY-26FEB14,KXHIGHNY-26FEB14-B46.5,2026-02-14 05:00:00+00:00,2026-02-14 05:01:00+00:00,2026-02-21 15:00:00+00:00,2026-02-14 05:00:00+00:00,0.0,0.29194402491431887,BUY_YES,0.16,0.15,kalshi_candlestick,yes_ask_open,1.0,1,0.16,0.01,0.010000000000000009,0.17,0.12194402491431887,0.02304913996317546,1,kalshi_result,next_candle_open,historical_proxy_validated,False,1014.2900000000005,0.84,0.83
144,NYC,2026-02-21,KXHIGHNY-26FEB21,KXHIGHNY-26FEB21-B45.5,2026-02-21 09:25:00+00:00,2026-02-21 09:26:00+00:00,2026-02-28 15:00:00+00:00,2026-02-21 09:00:00+00:00,25.0,0.7325922110587211,BUY_YES,0.45,0.44,kalshi_candlestick,yes_ask_open,1.0,1,0.45,0.02,0.010000000000000009,0.47000000000000003,0.26259221105872105,0.06377336866508583,1,kalshi_result,next_candle_open,historical_proxy_validated,False,1015.2900000000005,0.55,0.53
145,NYC,2026-02-21,KXHIGHNY-26FEB21,KXHIGHNY-26FEB21-T50,2026-02-21 09:25:00+00:00,2026-02-21 09:26:00+00:00,2026-02-28 15:00:00+00:00,2026-02-21 09:00:00+00:00,25.0,0.267407788941279,BUY_YES,0.03,0.02,kalshi_candlestick,yes_ask_open,1.0,1,0.03,0.01,0.009999999999999998,0.04,0.22740778894127897,0.028588946547643747,0,kalshi_result,next_candle_open,historical_proxy_validated,False,1015.2900000000005,-0.03,-0.04
146,NYC,2026-02-21,KXHIGHNY-26FEB21,KXHIGHNY-26FEB21-T43,2026-02-21 12:45:00+00:00,2026-02-21 12:47:00+00:00,2026-02-28 15:00:00+00:00,2026-02-21 12:00:00+00:00,45.0,0.1630604878842968,BUY_YES,0.04,0.03,kalshi_candlestick,yes_ask_open,2.0,1,0.04,0.01,0.010000000000000002,0.05,0.1130604878842968,0.04671800460031798,0,kalshi_result,next_candle_open,historical_proxy_validated,False,1015.2900000000005,-0.04,-0.05
147,NYC,2026-02-23,KXHIGHNY-26FEB23,KXHIGHNY-26FEB23-B35.5,2026-02-23 05:40:00+00:00,2026-02-23 05:41:00+00:00,2026-03-02 15:00:00+00:00,2026-02-23 05:00:00+00:00,40.0,0.67709041912321,BUY_YES,0.4,0.39,kalshi_candlestick,yes_ask_open,1.0,1,0.4,0.02,0.010000000000000009,0.42000000000000004,0.25709041912320996,0.1372803755994451,1,kalshi_result,next_candle_open,historical_proxy_validated,False,997.6600000000001,0.6,0.58
148,NYC,2026-02-23,KXHIGHNY-26FEB23,KXHIGHNY-26FEB23-B37.5,2026-02-23 05:40:00+00:00,2026-02-23 05:43:00+00:00,2026-03-02 15:00:00+00:00,2026-02-23 05:00:00+00:00,40.0,0.32290958087679,BUY_YES,0.06999999999999999,0.06,kalshi_candlestick,yes_ask_open,3.0,1,0.06999999999999999,0.01000000000000001,0.009999999999999995,0.08,0.24290958087679,0.12309953735302509,0,kalshi_result,next_candle_open,historical_proxy_validated,False,997.6600000000001,-0.06999999999999999,-0.08
149,NYC,2026-02-25,KXHIGHNY-26FEB25,KXHIGHNY-26FEB25-B39.5,2026-02-25 07:55:00+00:00,2026-02-25 07:57:00+00:00,2026-03-04 15:00:00+00:00,2026-02-25 07:00:00+00:00,55.0,0.5470250382695687,BUY_YES,0.21000000000000002,0.2,kalshi_candlestick,yes_ask_open,2.0,1,0.21000000000000002,0.01999999999999998,0.010000000000000009,0.23,0.31702503826956874,0.012163715611008302,0,kalshi_result,next_candle_open,historical_proxy_validated,False,997.2700000000001,-0.21000000000000002,-0.23
150,NYC,2026-02-25,KXHIGHNY-26FEB25,KXHIGHNY-26FEB25-B41.5,2026-02-25 14:50:00+00:00,2026-02-25 14:51:00+00:00,2026-03-04 15:00:00+00:00,2026-02-25 14:00:00+00:00,50.0,0.6970746969639366,BUY_YES,0.49,0.48,kalshi_candlestick,yes_ask_open,1.0,1,0.49,0.02,0.010000000000000009,0.51,0.18707469696393667,0.07755378615925969,0,kalshi_result,next_candle_open,historical_proxy_validated,False,997.2700000000001,-0.49,-0.51
151,NYC,2026-02-25,KXHIGHNY-26FEB25,KXHIGHNY-26FEB25-B43.5,2026-02-25 14:50:00+00:00,2026-02-25 14:51:00+00:00,2026-03-04 15:00:00+00:00,2026-02-25 14:00:00+00:00,50.0,0.30292530303606335,BUY_YES,0.11,0.1,kalshi_candlestick,yes_ask_open,1.0,1,0.11,0.01,0.009999999999999995,0.12,0.18292530303606336,0.0734043922313864,1,kalshi_result,next_candle_open,historical_proxy_validated,False,998.2700000000001,0.89,0.88
152,NYC,2026-02-27,KXHIGHNY-26FEB27,KXHIGHNY-26FEB27-B40.5,2026-02-27 19:25:00+00:00,2026-02-27 19:27:00+00:00,2026-03-06 15:00:00+00:00,2026-02-27 19:00:00+00:00,25.0,0.12609249434234737,BUY_YES,0.02,0.01,kalshi_candlestick,yes_ask_open,2.0,1,0.02,0.01,0.01,0.03,0.09609249434234737,0.03552662922231286,0,kalshi_result,next_candle_open,historical_proxy_validated,False,998.1200000000001,-0.02,-0.03
153,NYC,2026-02-28,KXHIGHNY-26FEB28,KXHIGHNY-26FEB28-T50,2026-02-28 05:50:00+00:00,2026-02-28 05:51:00+00:00,2026-03-07 15:00:00+00:00,2026-02-28 05:00:00+00:00,50.0,0.8210579472898618,BUY_YES,0.65,0.64,kalshi_candlestick,yes_ask_open,1.0,1,0.65,0.02,0.010000000000000009,0.67,0.1510579472898618,0.039222209990586135,0,kalshi_result,next_candle_open,historical_proxy_validated,False,998.1200000000001,-0.65,-0.67
154,NYC,2026-02-28,KXHIGHNY-26FEB28,KXHIGHNY-26FEB28-T57,2026-02-28 07:25:00+00:00,2026-02-28 07:26:00+00:00,2026-03-07 15:00:00+00:00,2026-02-28 07:00:00+00:00,25.0,0.4426404010479812,BUY_YES,0.03,0.02,kalshi_candlestick,yes_ask_open,1.0,1,0.03,0.01,0.009999999999999998,0.04,0.40264040104798116,0.14013524425156235,0,kalshi_result,next_candle_open,historical_proxy_validated,False,998.1200000000001,-0.03,-0.04
155,NYC,2026-02-28,KXHIGHNY-26FEB28,KXHIGHNY-26FEB28-B52.5,2026-02-28 07:45:00+00:00,2026-02-28 07:47:00+00:00,2026-03-07 15:00:00+00:00,2026-02-28 07:00:00+00:00,45.0,0.23510490578896992,BUY_YES,0.09,0.08,kalshi_candlestick,yes_ask_open,2.0,1,0.09,0.01,0.009999999999999995,0.09999999999999999,0.13510490578896991,0.07204717101885431,0,kalshi_result,next_candle_open,historical_proxy_validated,False,998.1200000000001,-0.09,-0.09999999999999999
156,NYC,2026-02-28,KXHIGHNY-26FEB28,KXHIGHNY-26FEB28-B50.5,2026-02-28 08:00:00+00:00,2026-02-28 08:03:00+00:00,2026-03-07 15:00:00+00:00,2026-02-28 08:00:00+00:00,0.0,0.6749074084850837,BUY_YES,0.29000000000000004,0.28,kalshi_candlestick,yes_ask_open,3.0,1,0.29000000000000004,0.01999999999999996,0.010000000000000009,0.31,0.3649074084850837,0.15931624107830394,0,kalshi_result,next_candle_open,historical_proxy_validated,False,998.1200000000001,-0.29000000000000004,-0.31
157,NYC,2026-02-28,KXHIGHNY-26FEB28,KXHIGHNY-26FEB28-B56.5,2026-02-28 10:35:00+00:00,2026-02-28 10:37:00+00:00,2026-03-07 15:00:00+00:00,2026-02-28 10:00:00+00:00,35.0,0.4666433812268263,BUY_YES,0.03,0.02,kalshi_candlestick,yes_ask_open,2.0,1,0.03,0.01,0.009999999999999998,0.04,0.4266433812268263,0.22277070613895947,0,kalshi_result,next_candle_open,historical_proxy_validated,False,998.1200000000001,-0.03,-0.04
158,NYC,2026-03-02,KXHIGHNY-26MAR02,KXHIGHNY-26MAR02-B32.5,2026-03-02 05:05:00+00:00,2026-03-02 05:06:00+00:00,2026-03-09 15:00:00+00:00,2026-03-02 05:00:00+00:00,5.0,0.5433188082238422,BUY_YES,0.42,0.41,kalshi_candlestick,yes_ask_open,1.0,1,0.42,0.02,0.010000000000000009,0.44,0.10331880822384217,0.039459544149423334,1,kalshi_result,next_candle_open,historical_proxy_validated,False,999.1200000000001,0.5800000000000001,0.56
159,NYC,2026-03-02,KXHIGHNY-26MAR02,KXHIGHNY-26MAR02-B34.5,2026-03-02 05:05:00+00:00,2026-03-02 05:06:00+00:00,2026-03-09 15:00:00+00:00,2026-03-02 05:00:00+00:00,5.0,0.4566811917761579,BUY_YES,0.33,0.32,kalshi_candlestick,yes_ask_open,1.0,1,0.33,0.02,0.010000000000000009,0.35000000000000003,0.10668119177615788,0.04282192770173905,0,kalshi_result,next_candle_open,historical_proxy_validated,False,999.1200000000001,-0.33,-0.35000000000000003
160,NYC,2026-03-04,KXHIGHNY-26MAR04,KXHIGHNY-26MAR04-B48.5,2026-03-04 06:20:00+00:00,2026-03-04 06:21:00+00:00,2026-03-11 15:00:00+00:00,2026-03-04 06:00:00+00:00,20.0,0.6680725514937631,BUY_YES,0.37,0.36,kalshi_candlestick,yes_ask_open,1.0,1,0.37,0.02,0.010000000000000009,0.39,0.2780725514937631,0.07381441740443308,1,kalshi_result,next_candle_open,historical_proxy_validated,False,1000.1200000000001,0.63,0.61
161,NYC,2026-03-04,KXHIGHNY-26MAR04,KXHIGHNY-26MAR04-B50.5,2026-03-04 16:00:00+00:00,2026-03-04 16:01:00+00:00,2026-03-11 15:00:00+00:00,2026-03-04 16:00:00+00:00,0.0,0.1864179338719094,BUY_YES,0.11,0.1,kalshi_candlestick,yes_ask_open,1.0,1,0.11,0.01,0.009999999999999995,0.12,0.06641793387190942,0.018742219758791777,0,kalshi_result,next_candle_open,historical_proxy_validated,False,1000.1200000000001,-0.11,-0.12
162,NYC,2026-03-04,KXHIGHNY-26MAR04,KXHIGHNY-26MAR04-B52.5,2026-03-04 16:55:00+00:00,2026-03-04 16:56:00+00:00,2026-03-11 15:00:00+00:00,2026-03-04 16:00:00+00:00,55.0,0.13810297789891893,BUY_YES,0.02,0.01,kalshi_candlestick,yes_ask_open,1.0,1,0.02,0.01,0.01,0.03,0.10810297789891893,0.01133901817874705,0,kalshi_result,next_candle_open,historical_proxy_validated,False,1000.1200000000001,-0.02,-0.03
163,NYC,2026-03-14,KXHIGHNY-26MAR14,KXHIGHNY-26MAR14-B51.5,2026-03-14 14:10:00+00:00,2026-03-14 14:11:00+00:00,2026-03-21 14:00:00+00:00,2026-03-14 14:00:00+00:00,10.0,0.6346073648764521,BUY_YES,0.35000000000000003,0.34,kalshi_candlestick,yes_ask_open,1.0,1,0.35000000000000003,0.01999999999999997,0.010000000000000009,0.37,0.2646073648764521,0.03466120574832004,1,kalshi_result,next_candle_open,historical_proxy_validated,False,999.8100000000001,0.6499999999999999,0.63
164,NYC,2026-03-21,KXHIGHNY-26MAR21,KXHIGHNY-26MAR21-B55.5,2026-03-21 04:00:00+00:00,2026-03-21 04:01:00+00:00,2026-03-28 14:00:00+00:00,2026-03-21 04:00:00+00:00,0.0,0.4852408416425504,BUY_YES,0.22,0.21,kalshi_candlestick,yes_ask_open,1.0,1,0.22,0.02,0.010000000000000009,0.24,0.24524084164255036,0.12619952877391388,0,kalshi_result,next_candle_open,historical_proxy_validated,False,999.3000000000002,-0.22,-0.24
165,NYC,2026-03-21,KXHIGHNY-26MAR21,KXHIGHNY-26MAR21-B59.5,2026-03-21 04:00:00+00:00,2026-03-21 04:01:00+00:00,2026-03-28 14:00:00+00:00,2026-03-21 04:00:00+00:00,0.0,0.5147591583574496,BUY_YES,0.22,0.21,kalshi_candlestick,yes_ask_open,1.0,1,0.22,0.02,0.010000000000000009,0.24,0.2747591583574496,0.15571784548881296,1,kalshi_result,next_candle_open,historical_proxy_validated,False,1000.3000000000002,0.78,0.76
166,NYC,2026-03-21,KXHIGHNY-26MAR21,KXHIGHNY-26MAR21-B57.5,2026-03-21 05:15:00+00:00,2026-03-21 05:16:00+00:00,2026-03-28 14:00:00+00:00,2026-03-21 05:00:00+00:00,15.0,0.618367777542351,BUY_YES,0.44,0.43,kalshi_candlestick,yes_ask_open,1.0,1,0.44,0.02,0.010000000000000009,0.46,0.15836777754235096,0.075009169863079,0,kalshi_result,next_candle_open,historical_proxy_validated,False,1000.3000000000002,-0.44,-0.46
167,NYC,2026-03-25,KXHIGHNY-26MAR25,KXHIGHNY-26MAR25-T51,2026-03-25 04:20:00+00:00,2026-03-25 04:21:00+00:00,2026-04-01 14:00:00+00:00,2026-03-25 04:00:00+00:00,20.0,0.17986487544615118,BUY_YES,0.04,0.03,kalshi_candlestick,yes_ask_open,1.0,1,0.04,0.01,0.010000000000000002,0.05,0.12986487544615116,0.06774509618173276,0,kalshi_result,next_candle_open,historical_proxy_validated,False,1000.3000000000002,-0.04,-0.05
168,NYC,2026-03-27,KXHIGHNY-26MAR27,KXHIGHNY-26MAR27-B64.5,2026-03-27 08:20:00+00:00,2026-03-27 08:21:00+00:00,2026-04-03 14:00:00+00:00,2026-03-27 08:00:00+00:00,20.0,0.7029540208280626,BUY_YES,0.41000000000000003,0.4,kalshi_candlestick,yes_ask_open,1.0,1,0.41000000000000003,0.01999999999999997,0.010000000000000009,0.43,0.2729540208280626,0.1698764435815337,1,kalshi_result,next_candle_open,historical_proxy_validated,False,1001.3000000000002,0.59,0.5700000000000001
169,NYC,2026-03-27,KXHIGHNY-26MAR27,KXHIGHNY-26MAR27-B68.5,2026-03-27 08:20:00+00:00,2026-03-27 08:21:00+00:00,2026-04-03 14:00:00+00:00,2026-03-27 08:00:00+00:00,20.0,0.29704597917193737,BUY_YES,0.02,0.01,kalshi_candlestick,yes_ask_open,1.0,1,0.02,0.01,0.01,0.03,0.26704597917193734,0.1639684019254085,0,kalshi_result,next_candle_open,historical_proxy_validated,False,1001.3000000000002,-0.02,-0.03
170,NYC,2026-04-04,KXHIGHNY-26APR04,KXHIGHNY-26APR04-B72.5,2026-04-04 04:20:00+00:00,2026-04-04 04:21:00+00:00,2026-04-11 14:00:00+00:00,2026-04-04 04:00:00+00:00,20.0,0.22107726671029723,BUY_YES,0.09999999999999999,0.09,kalshi_candlestick,yes_ask_open,1.0,1,0.09999999999999999,0.01000000000000001,0.009999999999999995,0.11,0.11107726671029723,0.04601073250027275,1,kalshi_result,next_candle_open,historical_proxy_validated,False,1001.3800000000003,0.9,0.89
171,NYC,2026-04-04,KXHIGHNY-26APR04,KXHIGHNY-26APR04-B74.5,2026-04-04 05:20:00+00:00,2026-04-04 05:21:00+00:00,2026-04-11 14:00:00+00:00,2026-04-04 05:00:00+00:00,20.0,0.29434822051119175,BUY_YES,0.04,0.03,kalshi_candlestick,yes_ask_open,1.0,1,0.04,0.01,0.010000000000000002,0.05,0.24434822051119176,0.1292308150840173,0,kalshi_result,next_candle_open,historical_proxy_validated,False,1001.3800000000003,-0.04,-0.05
172,NYC,2026-04-04,KXHIGHNY-26APR04,KXHIGHNY-26APR04-T75,2026-04-04 05:20:00+00:00,2026-04-04 05:21:00+00:00,2026-04-11 14:00:00+00:00,2026-04-04 05:00:00+00:00,20.0,0.25948915254431876,BUY_YES,0.03,0.02,kalshi_candlestick,yes_ask_open,1.0,1,0.03,0.01,0.009999999999999998,0.04,0.21948915254431875,0.04906997983245782,0,kalshi_result,next_candle_open,historical_proxy_validated,False,1001.3800000000003,-0.03,-0.04
173,NYC,2026-04-06,KXHIGHNY-26APR06,KXHIGHNY-26APR06-B56.5,2026-04-06 10:55:00+00:00,2026-04-06 10:56:00+00:00,2026-04-13 14:00:00+00:00,2026-04-06 10:00:00+00:00,55.0,0.6343797593412872,BUY_YES,0.36,0.35,kalshi_candlestick,yes_ask_open,1.0,1,0.36,0.02,0.010000000000000009,0.38,0.2543797593412872,0.07478783657594758,1,kalshi_result,next_candle_open,historical_proxy_validated,False,1001.7200000000004,0.64,0.62
174,NYC,2026-04-06,KXHIGHNY-26APR06,KXHIGHNY-26APR06-B58.5,2026-04-06 10:55:00+00:00,2026-04-06 10:56:00+00:00,2026-04-13 14:00:00+00:00,2026-04-06 10:00:00+00:00,55.0,0.36562024065871285,BUY_YES,0.15000000000000002,0.14,kalshi_candlestick,yes_ask_open,1.0,1,0.15000000000000002,0.00999999999999998,0.010000000000000009,0.16,0.20562024065871284,0.026028317893373176,0,kalshi_result,next_candle_open,historical_proxy_validated,False,1001.7200000000004,-0.15000000000000002,-0.16
175,NYC,2026-04-10,KXHIGHNY-26APR10,KXHIGHNY-26APR10-B61.5,2026-04-10 07:05:00+00:00,2026-04-10 07:06:00+00:00,2026-04-17 14:00:00+00:00,2026-04-10 07:00:00+00:00,5.0,0.4575012264948451,BUY_YES,0.17,0.16,kalshi_candlestick,yes_ask_open,1.0,1,0.17,0.01,0.010000000000000009,0.18000000000000002,0.2775012264948451,0.015671811879983212,0,kalshi_result,next_candle_open,historical_proxy_validated,False,1000.2300000000004,-0.17,-0.18000000000000002
176,NYC,2026-04-13,KXHIGHNY-26APR13,KXHIGHNY-26APR13-B78.5,2026-04-13 04:00:00+00:00,2026-04-13 04:01:00+00:00,2026-04-20 14:00:00+00:00,2026-04-13 04:00:00+00:00,0.0,0.5662568541237972,BUY_YES,0.37,0.36,kalshi_candlestick,yes_ask_open,1.0,1,0.37,0.02,0.010000000000000009,0.39,0.17625685412379724,0.08200937197266396,1,kalshi_result,next_candle_open,historical_proxy_validated,False,1000.8400000000004,0.63,0.61
177,NYC,2026-04-13,KXHIGHNY-26APR13,KXHIGHNY-26APR13-B80.5,2026-04-13 04:00:00+00:00,2026-04-13 04:01:00+00:00,2026-04-20 14:00:00+00:00,2026-04-13 04:00:00+00:00,0.0,0.43374314587620283,BUY_YES,0.25,0.24,kalshi_candlestick,yes_ask_open,1.0,1,0.25,0.02,0.010000000000000009,0.27,0.16374314587620284,0.06949566372506956,0,kalshi_result,next_candle_open,historical_proxy_validated,False,1000.8400000000004,-0.25,-0.27
178,NYC,2026-04-15,KXHIGHNY-26APR15,KXHIGHNY-26APR15-B87.5,2026-04-15 04:00:00+00:00,2026-04-15 04:01:00+00:00,2026-04-22 14:00:00+00:00,2026-04-15 04:00:00+00:00,0.0,0.39053811626090906,BUY_YES,0.27,0.26,kalshi_candlestick,yes_ask_open,1.0,1,0.27,0.02,0.010000000000000009,0.29000000000000004,0.10053811626090904,0.012519584888094976,0,kalshi_result,next_candle_open,historical_proxy_validated,False,1000.8400000000004,-0.27,-0.29000000000000004
179,NYC,2026-04-15,KXHIGHNY-26APR15,KXHIGHNY-26APR15-B89.5,2026-04-15 04:00:00+00:00,2026-04-15 04:01:00+00:00,2026-04-22 14:00:00+00:00,2026-04-15 04:00:00+00:00,0.0,0.6094618837390909,BUY_YES,0.48,0.47,kalshi_candlestick,yes_ask_open,1.0,1,0.48,0.02,0.010000000000000009,0.5,0.10946188373909095,0.02144335236627694,1,kalshi_result,next_candle_open,historical_proxy_validated,False,1001.8400000000004,0.52,0.5
180,NYC,2026-04-16,KXHIGHNY-26APR16,KXHIGHNY-26APR16-B86.5,2026-04-16 06:30:00+00:00,2026-04-16 06:32:00+00:00,2026-04-23 14:00:00+00:00,2026-04-16 06:00:00+00:00,30.0,0.40388744603159565,BUY_YES,0.23,0.22,kalshi_candlestick,yes_ask_open,2.0,1,0.23,0.02,0.010000000000000009,0.25,0.15388744603159565,0.08450466031220004,0,kalshi_result,next_candle_open,historical_proxy_validated,False,1001.8400000000004,-0.23,-0.25
181,NYC,2026-04-16,KXHIGHNY-26APR16,KXHIGHNY-26APR16-B88.5,2026-04-16 06:30:00+00:00,2026-04-16 06:31:00+00:00,2026-04-23 14:00:00+00:00,2026-04-16 06:00:00+00:00,30.0,0.5961125539684045,BUY_YES,0.43,0.42,kalshi_candlestick,yes_ask_open,1.0,1,0.43,0.02,0.010000000000000009,0.45,0.14611255396840447,0.07672976824900886,1,kalshi_result,next_candle_open,historical_proxy_validated,False,1002.8400000000004,0.5700000000000001,0.55
182,NYC,2026-04-18,KXHIGHNY-26APR18,KXHIGHNY-26APR18-B65.5,2026-04-18 08:55:00+00:00,2026-04-18 08:57:00+00:00,2026-04-25 14:00:00+00:00,2026-04-18 08:00:00+00:00,55.0,0.4106994489452589,BUY_YES,0.31,0.3,kalshi_candlestick,yes_ask_open,2.0,1,0.31,0.02,0.010000000000000009,0.33,0.08069944894525889,0.015422397730059063,1,kalshi_result,next_candle_open,historical_proxy_validated,False,1003.8400000000004,0.69,0.6699999999999999
183,NYC,2026-04-18,KXHIGHNY-26APR18,KXHIGHNY-26APR18-B61.5,2026-04-18 11:25:00+00:00,2026-04-18 11:26:00+00:00,2026-04-25 14:00:00+00:00,2026-04-18 11:00:00+00:00,25.0,0.11489001377959358,BUY_YES,0.05,0.04,kalshi_candlestick,yes_ask_open,1.0,1,0.05,0.01,0.010000000000000002,0.060000000000000005,0.05489001377959358,0.014293604913560973,0,kalshi_result,next_candle_open,historical_proxy_validated,False,1003.8400000000004,-0.05,-0.060000000000000005
184,NYC,2026-04-26,KXHIGHNY-26APR26,KXHIGHNY-26APR26-B55.5,2026-04-26 04:10:00+00:00,2026-04-26 04:11:00+00:00,2026-05-03 14:00:00+00:00,2026-04-26 04:00:00+00:00,10.0,0.44156287709592645,BUY_YES,0.22,0.21,kalshi_candlestick,yes_ask_open,1.0,1,0.22,0.02,0.010000000000000009,0.24,0.20156287709592646,0.06490926299239329,0,kalshi_result,next_candle_open,historical_proxy_validated,False,1001.7100000000004,-0.22,-0.24
185,NYC,2026-04-26,KXHIGHNY-26APR26,KXHIGHNY-26APR26-B57.5,2026-04-26 04:10:00+00:00,2026-04-26 04:11:00+00:00,2026-05-03 14:00:00+00:00,2026-04-26 04:00:00+00:00,10.0,0.5584371229040737,BUY_YES,0.31,0.3,kalshi_candlestick,yes_ask_open,1.0,1,0.31,0.02,0.010000000000000009,0.33,0.22843712290407367,0.09178350880054044,1,kalshi_result,next_candle_open,historical_proxy_validated,False,1002.7100000000004,0.69,0.6699999999999999
186,NYC,2026-04-28,KXHIGHNY-26APR28,KXHIGHNY-26APR28-B63.5,2026-04-28 06:50:00+00:00,2026-04-28 06:51:00+00:00,2026-05-05 14:00:00+00:00,2026-04-28 06:00:00+00:00,50.0,0.39986347915737214,BUY_YES,0.29000000000000004,0.28,kalshi_candlestick,yes_ask_open,1.0,1,0.29000000000000004,0.01999999999999996,0.010000000000000009,0.31,0.08986347915737214,0.01608500609769842,0,kalshi_result,next_candle_open,historical_proxy_validated,False,1001.8900000000004,-0.29000000000000004,-0.31
187,NYC,2026-04-28,KXHIGHNY-26APR28,KXHIGHNY-26APR28-B65.5,2026-04-28 06:50:00+00:00,2026-04-28 06:51:00+00:00,2026-05-05 14:00:00+00:00,2026-04-28 06:00:00+00:00,50.0,0.6001365208426278,BUY_YES,0.49,0.48,kalshi_candlestick,yes_ask_open,1.0,1,0.49,0.02,0.010000000000000009,0.51,0.09013652084262781,0.01635804778295415,1,kalshi_result,next_candle_open,historical_proxy_validated,False,1002.8900000000004,0.51,0.49
188,NYC,2026-04-29,KXHIGHNY-26APR29,KXHIGHNY-26APR29-B60.5,2026-04-29 13:45:00+00:00,2026-04-29 13:46:00+00:00,2026-05-06 14:00:00+00:00,2026-04-29 13:00:00+00:00,45.0,0.5307515952965522,BUY_YES,0.37,0.36,kalshi_candlestick,yes_ask_open,1.0,1,0.37,0.02,0.010000000000000009,0.39,0.14075159529655226,0.05104534380078514,0,kalshi_result,next_candle_open,historical_proxy_validated,False,1002.4100000000004,-0.37,-0.39
189,NYC,2026-04-29,KXHIGHNY-26APR29,KXHIGHNY-26APR29-B62.5,2026-04-29 13:45:00+00:00,2026-04-29 13:46:00+00:00,2026-05-06 14:00:00+00:00,2026-04-29 13:00:00+00:00,45.0,0.46924840470344775,BUY_YES,0.33,0.32,kalshi_candlestick,yes_ask_open,1.0,1,0.33,0.02,0.010000000000000009,0.35000000000000003,0.11924840470344773,0.029542153207680628,1,kalshi_result,next_candle_open,historical_proxy_validated,False,1003.4100000000004,0.6699999999999999,0.6499999999999999
190,NYC,2026-05-04,KXHIGHNY-26MAY04,KXHIGHNY-26MAY04-B72.5,2026-05-04 04:00:00+00:00,2026-05-04 04:01:00+00:00,2026-05-11 14:00:00+00:00,2026-05-04 04:00:00+00:00,0.0,0.6525747702808226,BUY_YES,0.51,0.5,kalshi_candlestick,yes_ask_open,1.0,1,0.51,0.02,0.010000000000000009,0.53,0.12257477028082255,0.03073348348045603,1,kalshi_result,next_candle_open,historical_proxy_validated,False,1002.4400000000006,0.49,0.47
191,NYC,2026-05-04,KXHIGHNY-26MAY04,KXHIGHNY-26MAY04-B74.5,2026-05-04 04:00:00+00:00,2026-05-04 04:01:00+00:00,2026-05-11 14:00:00+00:00,2026-05-04 04:00:00+00:00,0.0,0.3474252297191774,BUY_YES,0.21000000000000002,0.2,kalshi_candlestick,yes_ask_open,1.0,1,0.21000000000000002,0.01999999999999998,0.010000000000000009,0.23,0.11742522971917739,0.02558394291881087,0,kalshi_result,next_candle_open,historical_proxy_validated,False,1002.4400000000006,-0.21000000000000002,-0.23
192,NYC,2026-05-04,KXHIGHNY-26MAY04,KXHIGHNY-26MAY04-B76.5,2026-05-04 04:05:00+00:00,2026-05-04 04:07:00+00:00,2026-05-11 14:00:00+00:00,2026-05-04 04:00:00+00:00,5.0,0.24307563626237283,BUY_YES,0.05,0.04,kalshi_candlestick,yes_ask_open,2.0,1,0.05,0.01,0.010000000000000002,0.060000000000000005,0.18307563626237283,0.03284826840716303,0,kalshi_result,next_candle_open,historical_proxy_validated,False,1002.4400000000006,-0.05,-0.060000000000000005
193,NYC,2026-05-06,KXHIGHNY-26MAY06,KXHIGHNY-26MAY06-B71.5,2026-05-06 05:05:00+00:00,2026-05-06 05:06:00+00:00,2026-05-13 14:00:00+00:00,2026-05-06 05:00:00+00:00,5.0,0.6159825788863103,BUY_YES,0.33,0.32,kalshi_candlestick,yes_ask_open,1.0,1,0.33,0.02,0.010000000000000009,0.35000000000000003,0.2659825788863102,0.0237316212533449,1,kalshi_result,next_candle_open,historical_proxy_validated,False,1003.4400000000006,0.6699999999999999,0.6499999999999999
194,NYC,2026-05-06,KXHIGHNY-26MAY06,KXHIGHNY-26MAY06-B73.5,2026-05-06 07:50:00+00:00,2026-05-06 07:51:00+00:00,2026-05-13 14:00:00+00:00,2026-05-06 07:00:00+00:00,50.0,0.3834824937269908,BUY_YES,0.12,0.11,kalshi_candlestick,yes_ask_open,1.0,1,0.12,0.01,0.009999999999999995,0.13,0.2534824937269908,0.04564528552073261,0,kalshi_result,next_candle_open,historical_proxy_validated,False,1003.4400000000006,-0.12,-0.13
195,NYC,2026-05-07,KXHIGHNY-26MAY07,KXHIGHNY-26MAY07-B64.5,2026-05-07 04:10:00+00:00,2026-05-07 04:11:00+00:00,2026-05-14 14:00:00+00:00,2026-05-07 04:00:00+00:00,10.0,0.7712729626745595,BUY_YES,0.54,0.53,kalshi_candlestick,yes_ask_open,1.0,1,0.54,0.02,0.010000000000000009,0.56,0.21127296267455944,0.07626365625086097,1,kalshi_result,next_candle_open,historical_proxy_validated,False,1004.4400000000006,0.45999999999999996,0.43999999999999995
196,NYC,2026-05-07,KXHIGHNY-26MAY07,KXHIGHNY-26MAY07-B68.5,2026-05-07 04:10:00+00:00,2026-05-07 04:11:00+00:00,2026-05-14 14:00:00+00:00,2026-05-07 04:00:00+00:00,10.0,0.22872703732544056,BUY_YES,0.04,0.03,kalshi_candlestick,yes_ask_open,1.0,1,0.04,0.01,0.010000000000000002,0.05,0.17872703732544054,0.043717730901742094,0,kalshi_result,next_candle_open,historical_proxy_validated,False,1004.4400000000006,-0.04,-0.05
197,NYC,2026-05-07,KXHIGHNY-26MAY07,KXHIGHNY-26MAY07-B66.5,2026-05-07 11:50:00+00:00,2026-05-07 11:51:00+00:00,2026-05-14 14:00:00+00:00,2026-05-07 11:00:00+00:00,50.0,0.312462735079317,BUY_YES,0.19,0.18,kalshi_candlestick,yes_ask_open,1.0,1,0.19,0.02,0.010000000000000009,0.21,0.10246273507931698,0.032821344912227865,0,kalshi_result,next_candle_open,historical_proxy_validated,False,1004.4400000000006,-0.19,-0.21
198,NYC,2026-05-09,KXHIGHNY-26MAY09,KXHIGHNY-26MAY09-B67.5,2026-05-09 04:40:00+00:00,2026-05-09 04:42:00+00:00,2026-05-16 14:00:00+00:00,2026-05-09 04:00:00+00:00,40.0,0.3187101546741879,BUY_YES,0.13,0.12,kalshi_candlestick,yes_ask_open,2.0,1,0.13,0.01,0.010000000000000009,0.14,0.17871015467418788,0.032762324896362056,0,kalshi_result,next_candle_open,historical_proxy_validated,False,1004.4400000000006,-0.13,-0.14
199,NYC,2026-05-09,KXHIGHNY-26MAY09,KXHIGHNY-26MAY09-B63.5,2026-05-09 05:25:00+00:00,2026-05-09 05:26:00+00:00,2026-05-16 14:00:00+00:00,2026-05-09 05:00:00+00:00,25.0,0.6107781143332504,BUY_YES,0.45,0.44,kalshi_candlestick,yes_ask_open,1.0,1,0.45,0.02,0.010000000000000009,0.47000000000000003,0.14077811433325035,0.05884751778457105,0,kalshi_result,next_candle_open,historical_proxy_validated,False,1004.4400000000006,-0.45,-0.47000000000000003
200,NYC,2026-05-09,KXHIGHNY-26MAY09,KXHIGHNY-26MAY09-B65.5,2026-05-09 05:25:00+00:00,2026-05-09 05:26:00+00:00,2026-05-16 14:00:00+00:00,2026-05-09 05:00:00+00:00,25.0,0.3892218856667497,BUY_YES,0.22,0.21,kalshi_candlestick,yes_ask_open,1.0,1,0.22,0.02,0.010000000000000009,0.24,0.1492218856667497,0.06729128911807035,1,kalshi_result,next_candle_open,historical_proxy_validated,False,1005.4400000000006,0.78,0.76
201,NYC,2026-05-09,KXHIGHNY-26MAY09,KXHIGHNY-26MAY09-T68,2026-05-09 07:50:00+00:00,2026-05-09 07:51:00+00:00,2026-05-16 14:00:00+00:00,2026-05-09 07:00:00+00:00,50.0,0.36319383916275044,BUY_YES,0.05,0.04,kalshi_candlestick,yes_ask_open,1.0,1,0.05,0.01,0.010000000000000002,0.060000000000000005,0.30319383916275044,0.07442971193841186,0,kalshi_result,next_candle_open,historical_proxy_validated,False,1005.4400000000006,-0.05,-0.060000000000000005
202,NYC,2026-05-09,KXHIGHNY-26MAY09,KXHIGHNY-26MAY09-T61,2026-05-09 09:15:00+00:00,2026-05-09 09:16:00+00:00,2026-05-16 14:00:00+00:00,2026-05-09 09:00:00+00:00,15.0,0.21133734404989876,BUY_YES,0.05,0.04,kalshi_candlestick,yes_ask_open,1.0,1,0.05,0.01,0.010000000000000002,0.060000000000000005,0.15133734404989874,0.014965995133250748,0,kalshi_result,next_candle_open,historical_proxy_validated,False,1005.4400000000006,-0.05,-0.060000000000000005
203,NYC,2026-05-09,KXHIGHNY-26MAY09,KXHIGHNY-26MAY09-B61.5,2026-05-09 09:17:00+00:00,2026-05-09 09:18:00+00:00,2026-05-16 14:00:00+00:00,2026-05-09 09:00:00+00:00,17.0,0.34051654737157744,BUY_YES,0.17,0.16,kalshi_candlestick,yes_ask_open,1.0,1,0.17,0.01,0.010000000000000009,0.18000000000000002,0.16051654737157742,0.026611696347516957,0,kalshi_result,next_candle_open,historical_proxy_validated,False,1005.4400000000006,-0.17,-0.18000000000000002
204,NYC,2026-05-19,KXHIGHNY-26MAY19,KXHIGHNY-26MAY19-B93.5,2026-05-19 04:10:00+00:00,2026-05-19 04:13:00+00:00,2026-05-26 14:00:00+00:00,2026-05-19 04:00:00+00:00,10.0,0.6848987041839348,BUY_YES,0.4,0.39,kalshi_candlestick,yes_ask_open,3.0,1,0.4,0.02,0.010000000000000009,0.42000000000000004,0.2648987041839348,0.1272113842627243,1,kalshi_result,next_candle_open,historical_proxy_validated,False,1005.6100000000007,0.6,0.58
205,NYC,2026-05-19,KXHIGHNY-26MAY19,KXHIGHNY-26MAY19-B95.5,2026-05-19 05:05:00+00:00,2026-05-19 05:08:00+00:00,2026-05-26 14:00:00+00:00,2026-05-19 05:00:00+00:00,5.0,0.5029580240557187,BUY_YES,0.39,0.38,kalshi_candlestick,yes_ask_open,3.0,1,0.39,0.02,0.010000000000000009,0.41000000000000003,0.09295802405571864,0.018754314735789274,0,kalshi_result,next_candle_open,historical_proxy_validated,False,1005.6100000000007,-0.39,-0.41000000000000003
