contract_multiplier,eligible,cagr,sharpe,sortino,calmar,max_drawdown_fraction,net_pnl,profit_factor,executed_signals,rejected_for_cash,max_concurrent_cash_committed,fold_pnl
1,False,0.02020900057181696,6.085649987816497,15.215038943702751,20.283286153844596,-0.0011492220650637375,21.09,2.784263959390863,172,0,4.54,"{'trading_outer_00': 12.32, 'trading_outer_01': 6.079999999999999, 'trading_outer_02': 2.69}"
2,False,0.041242893909506195,6.1931623692598965,15.726774123740931,21.45268907093827,-0.002218492582518272,43.06,2.8754355400696863,172,0,9.01,"{'trading_outer_00': 25.069999999999997, 'trading_outer_01': 12.379999999999999, 'trading_outer_02': 5.61}"
3,False,0.062373207962248545,6.231944165317605,15.904406079882708,22.15785789473667,-0.0032497678737233304,65.14999999999999,2.9122395068975635,172,0,13.51,"{'trading_outer_00': 37.87, 'trading_outer_01': 18.699999999999996, 'trading_outer_02': 8.58}"
4,False,0.08351406441491238,6.255318843639848,16.05055391307485,22.823391461859636,-0.004226204328601324,87.27000000000001,2.926915433870611,172,0,17.95,"{'trading_outer_00': 50.71, 'trading_outer_01': 25.069999999999997, 'trading_outer_02': 11.49}"
5,False,0.10447486745694379,6.2597402684961985,16.077575373592275,23.268756803118585,-0.005187936902975587,109.21999999999998,2.933781869688385,172,0,22.45,"{'trading_outer_00': 63.45, 'trading_outer_01': 31.399999999999995, 'trading_outer_02': 14.370000000000001}"
6,False,0.12543759686113987,6.2658604341398325,16.0945257956703,23.70229631888572,-0.006117528518478466,131.19,2.9395328208160847,172,0,26.93,"{'trading_outer_00': 76.2, 'trading_outer_01': 37.67, 'trading_outer_02': 17.32}"
7,False,0.14651691422533775,6.2738549969431805,16.139819549621336,24.18133295454581,-0.007006927303129129,153.3,2.9476559522297023,172,0,31.38,"{'trading_outer_00': 89.0, 'trading_outer_01': 44.03999999999999, 'trading_outer_02': 20.260000000000005}"
8,False,0.16733193622637543,6.271271298414431,16.137812605630828,24.495771171457967,-0.007902867835850258,175.15000000000003,2.942011309457812,172,0,35.85,"{'trading_outer_00': 101.76, 'trading_outer_01': 50.29, 'trading_outer_02': 23.1}"
9,False,0.1883307793224238,6.274946587434093,16.148034748746692,24.92766321202111,-0.008744058579197578,197.20999999999998,2.9467917077986185,172,0,40.33,"{'trading_outer_00': 114.53999999999998, 'trading_outer_01': 56.61000000000001, 'trading_outer_02': 26.060000000000006}"
10,False,0.2091995270397209,6.2751553186906746,16.150851463347767,25.339378947368473,-0.009558972284038014,219.14999999999998,2.9476537504443674,172,0,44.800000000000004,"{'trading_outer_00': 127.29000000000002, 'trading_outer_01': 62.919999999999995, 'trading_outer_02': 28.94}"
11,False,0.23014775876978844,6.279209450699477,16.170843040836555,25.80157936968917,-0.0103318644658551,241.19,2.951059699077819,172,0,49.29,"{'trading_outer_00': 140.06999999999996, 'trading_outer_01': 69.22999999999999, 'trading_outer_02': 31.889999999999997}"
12,False,0.2511850470440484,6.282162384253186,16.18807217386608,26.230121443298568,-0.0110964030658105,263.34,2.953271028037384,172,0,53.760000000000005,"{'trading_outer_00': 152.92000000000002, 'trading_outer_01': 75.59999999999998, 'trading_outer_02': 34.82}"
13,False,0.27208374932900203,6.283759241478202,16.19716958399433,26.640937604923245,-0.011838843640343821,285.36,2.9557261325474617,172,0,58.21,"{'trading_outer_00': 165.69, 'trading_outer_01': 81.92999999999996, 'trading_outer_02': 37.739999999999995}"
14,False,0.29298661034723006,6.286359584261969,16.209665148275807,27.068809808159255,-0.01255163773896073,307.4,2.95746306673459,172,0,62.7,"{'trading_outer_00': 178.45, 'trading_outer_01': 88.24999999999999, 'trading_outer_02': 40.70000000000001}"
15,False,0.3135054067550491,6.2795040199687255,16.174946913654594,27.393603624423104,-0.013276341699746785,329.04999999999995,2.9515449854694276,172,0,67.2,"{'trading_outer_00': 191.10999999999999, 'trading_outer_01': 94.48, 'trading_outer_02': 43.46}"
16,False,0.33448377791158634,6.282915661104342,16.195927151285787,27.81702307424208,-0.013954348026984476,351.2,2.9537160658655983,172,0,71.65,"{'trading_outer_00': 203.95000000000002, 'trading_outer_01': 100.84, 'trading_outer_02': 46.41}"
17,False,0.3553817000809363,6.2855770915922395,16.20843165333336,28.246000389539407,-0.014606408903532375,373.28,2.9564966717333188,172,0,76.12,"{'trading_outer_00': 216.76999999999998, 'trading_outer_01': 107.13999999999999, 'trading_outer_02': 49.37}"
18,False,0.3761711772624574,6.285515525309065,16.205367516244,28.664094987074886,-0.015240889900290377,395.26,2.9566358101084105,172,0,80.61,"{'trading_outer_00': 229.5, 'trading_outer_01': 113.47000000000001, 'trading_outer_02': 52.29}"
19,False,0.3970416046963883,6.286520909537984,16.21088563400403,29.07657076632974,-0.01586399338569644,417.34000000000003,2.957596510155259,172,0,85.11,"{'trading_outer_00': 242.32, 'trading_outer_01': 119.8, 'trading_outer_02': 55.220000000000006}"
20,True,0.417945804512426,6.2885249377511485,16.2239752968448,29.49231449602109,-0.01646971451038648,439.4699999999999,2.9592082385983693,172,0,89.53,"{'trading_outer_00': 255.14999999999998, 'trading_outer_01': 126.17999999999999, 'trading_outer_02': 58.14}"
21,True,0.4387045966076759,6.288870539734972,16.22397883732547,29.908359625326653,-0.017053250102362805,461.46000000000004,2.9600730578091152,172,0,94.02,"{'trading_outer_00': 267.92, 'trading_outer_01': 132.48000000000002, 'trading_outer_02': 61.06}"
22,True,0.45921469001877124,6.286528607252128,16.21087680080102,30.255214102726782,-0.017651937814137098,483.20000000000005,2.957226182760855,172,0,98.5,"{'trading_outer_00': 280.59000000000003, 'trading_outer_01': 138.67, 'trading_outer_02': 63.940000000000005}"
23,True,0.47997627243686014,6.28686866910324,16.21628874916502,30.662503287300122,-0.018211202373123236,505.22,2.957610043397396,172,0,102.98,"{'trading_outer_00': 293.34999999999997, 'trading_outer_01': 145.04999999999998, 'trading_outer_02': 66.82}"
24,True,0.5008289164254942,6.2885579284127795,16.22240874413572,31.08804155277718,-0.018748705199917004,527.3499999999999,2.9591707842627346,172,0,107.43,"{'trading_outer_00': 306.21, 'trading_outer_01': 151.34999999999997, 'trading_outer_02': 69.79}"
25,True,0.5215372666311147,6.288809957573958,16.224837805863178,31.502792230186397,-0.019273379284014736,549.3399999999999,2.959339444305738,172,0,111.92999999999999,"{'trading_outer_00': 318.96, 'trading_outer_01': 157.7, 'trading_outer_02': 72.68}"
26,True,0.542271099706733,6.2889223288103056,16.222774183432108,31.908436890977327,-0.01979144928609422,571.3699999999999,2.9602374090846713,172,0,116.38000000000001,"{'trading_outer_00': 331.75, 'trading_outer_01': 163.99999999999997, 'trading_outer_02': 75.62}"
27,True,0.5630211242545096,6.289688882602203,16.2296185098801,32.316159716241174,-0.020296233263751295,593.4300000000001,2.960714993722329,172,0,120.87,"{'trading_outer_00': 344.53, 'trading_outer_01': 170.37, 'trading_outer_02': 78.53}"
28,True,0.5837498726763661,6.290649512209128,16.233881027951764,32.73300421451724,-0.02078230778827661,615.4799999999999,2.9611891788547933,172,0,125.34,"{'trading_outer_00': 357.32, 'trading_outer_01': 176.67999999999995, 'trading_outer_02': 81.48000000000002}"
29,True,0.6045232796210349,6.291246226391096,16.2354893098907,33.15316443987596,-0.021256032380260526,637.5899999999999,2.962479608482872,172,0,129.8,"{'trading_outer_00': 370.15999999999997, 'trading_outer_01': 182.99999999999997, 'trading_outer_02': 84.42999999999999}"
30,True,0.624806317030721,6.288110461792014,16.22020923824122,33.49120870964238,-0.021754318495016522,659.19,2.958901667112419,172,0,134.31,"{'trading_outer_00': 382.75000000000006, 'trading_outer_01': 189.23, 'trading_outer_02': 87.21000000000002}"
31,True,0.6455288049591872,6.289272431661935,16.22933037624411,33.909990787222036,-0.02220533282665138,681.2699999999998,2.9598688185034945,172,0,138.79,"{'trading_outer_00': 395.55, 'trading_outer_01': 195.57999999999996, 'trading_outer_02': 90.14000000000001}"
32,True,0.6663807032793929,6.290804825973223,16.23471588783586,34.33717982456156,-0.02264462706464787,703.5,2.9613583138173296,172,0,143.21,"{'trading_outer_00': 408.45000000000005, 'trading_outer_01': 201.92999999999995, 'trading_outer_02': 93.12000000000002}"
33,True,0.6869495468484883,6.2908455466117,16.23319508968779,34.73580361410093,-0.02308287190274383,725.44,2.9614438285791547,172,0,147.7,"{'trading_outer_00': 421.18, 'trading_outer_01': 208.2, 'trading_outer_02': 96.05999999999999}"
34,True,0.7075918848558931,6.291035254601649,16.23632241190239,35.15022282427347,-0.023503437140690586,747.47,2.961554610822442,172,0,152.20000000000002,"{'trading_outer_00': 433.95999999999987, 'trading_outer_01': 214.56999999999996, 'trading_outer_02': 98.93999999999998}"
35,True,0.7281485601045776,6.290945462700922,16.23516839841629,35.54982660395947,-0.02392168008078699,769.42,2.9615051241523487,172,0,156.65,"{'trading_outer_00': 446.69, 'trading_outer_01': 220.89, 'trading_outer_02': 101.84}"
36,True,0.7489286414227125,6.292213333774566,16.24185716603603,35.97354304611099,-0.024321997417132923,791.62,2.9626617741855505,172,0,161.12,"{'trading_outer_00': 459.59, 'trading_outer_01': 227.22, 'trading_outer_02': 104.81000000000002}"
37,True,0.7691649387807333,6.29015486502031,16.230537051467884,36.31955169779299,-0.024748523072010142,813.25,2.9605361490803026,172,0,165.6,"{'trading_outer_00': 472.2100000000001, 'trading_outer_01': 233.41000000000003, 'trading_outer_02': 107.63000000000001}"
38,True,0.7898399926587336,6.290339260294288,16.231743438268147,36.737678442977284,-0.025132035302994016,835.3600000000001,2.960846908595839,172,0,170.11,"{'trading_outer_00': 485.01, 'trading_outer_01': 239.76999999999998, 'trading_outer_02': 110.58}"
39,True,0.810504747917421,6.291753848804331,16.239989111765883,37.15492815377638,-0.025507518035764898,857.4699999999999,2.962173913043478,172,0,174.55,"{'trading_outer_00': 497.81, 'trading_outer_01': 246.12999999999997, 'trading_outer_02': 113.52999999999999}"
40,True,0.8311313138070999,6.291688987480153,16.240416998707968,37.563463675248435,-0.02587978092038623,879.55,2.9622300553275034,172,0,179.02,"{'trading_outer_00': 510.69000000000005, 'trading_outer_01': 252.45, 'trading_outer_02': 116.41}"
41,True,0.8514864808599751,6.290948853866755,16.235230763265395,37.961826446970946,-0.026242914016796792,901.3500000000001,2.9614606228102622,172,0,183.53,"{'trading_outer_00': 523.28, 'trading_outer_01': 258.75, 'trading_outer_02': 119.32000000000002}"
42,True,0.8721585677936445,6.291814579718634,16.23956113983125,38.37329722927494,-0.026599500173706492,923.5,2.9623884402889926,172,0,187.99,"{'trading_outer_00': 536.15, 'trading_outer_01': 265.09, 'trading_outer_02': 122.26}"
43,True,0.8927462025231023,6.292519655255098,16.244559254867017,38.78734879366572,-0.026944447525147686,945.5699999999998,2.9628630145517203,172,0,192.45000000000002,"{'trading_outer_00': 548.9499999999999, 'trading_outer_01': 271.43, 'trading_outer_02': 125.19}"
44,True,0.9131284224902065,6.291549539735215,16.237518097935595,39.15107676721942,-0.027311247228259727,967.4300000000001,2.961934698844048,172,0,196.93,"{'trading_outer_00': 561.7, 'trading_outer_01': 277.64, 'trading_outer_02': 128.09}"
45,True,0.9335665011322904,6.291122340580062,16.236979994729346,39.55825044190651,-0.027642859471265213,989.36,2.961575827269662,172,0,201.39000000000001,"{'trading_outer_00': 574.42, 'trading_outer_01': 284.0, 'trading_outer_02': 130.94}"
46,True,0.9540977101493935,6.291742245908914,16.241282665537195,39.970487052631626,-0.02796721382010625,1011.4000000000001,2.962016721953869,172,0,205.87,"{'trading_outer_00': 587.2099999999999, 'trading_outer_01': 290.31, 'trading_outer_02': 133.87999999999997}"
47,True,0.9746940895123988,6.292136994786505,16.241493538424773,40.37887603910979,-0.028289830995814724,1033.52,2.962628180782378,172,0,210.35,"{'trading_outer_00': 600.01, 'trading_outer_01': 296.65999999999997, 'trading_outer_02': 136.85000000000005}"
48,True,0.9953742540889057,6.293187996138066,16.246864893126332,40.80110670560275,-0.028598992050270944,1055.7399999999998,2.963655977977829,172,0,214.79,"{'trading_outer_00': 612.9300000000001, 'trading_outer_01': 302.99999999999994, 'trading_outer_02': 139.81}"
49,True,1.01567314314944,6.29250610595453,16.243597755706496,41.193797119233686,-0.028911813226971783,1077.56,2.9628044226670793,172,0,219.3,"{'trading_outer_00': 625.57, 'trading_outer_01': 309.31000000000006, 'trading_outer_02': 142.67999999999998}"
50,True,1.0362142305795574,6.292965376669585,16.246495424676414,41.60850240894269,-0.02921043924228639,1099.65,2.9633451766680348,172,0,223.78,"{'trading_outer_00': 638.39, 'trading_outer_01': 315.65999999999997, 'trading_outer_02': 145.60000000000002}"
51,True,1.0567835529460505,6.293475005119877,16.24907032531088,42.0246978514405,-0.029503177147070403,1121.7799999999997,2.963866178813396,172,0,228.23,"{'trading_outer_00': 651.2199999999999, 'trading_outer_01': 322.02, 'trading_outer_02': 148.54}"
52,True,1.0770374738263322,6.29247408004076,16.2430003818757,42.38802569753185,-0.029818724069020752,1143.58,2.962991571828278,172,0,232.69,"{'trading_outer_00': 663.96, 'trading_outer_01': 328.21, 'trading_outer_02': 151.41000000000003}"
53,True,1.0973664417665692,6.292229062090575,16.242076272811765,42.79194363940638,-0.03010265351549357,1165.4699999999998,2.9625993533611745,172,0,237.2,"{'trading_outer_00': 676.6600000000001, 'trading_outer_01': 334.52, 'trading_outer_02': 154.29}"
54,True,1.117965343430917,6.293025813440394,16.246830040614864,43.20392817479484,-0.030383275261324005,1187.66,2.963398908910564,172,0,241.67000000000002,"{'trading_outer_00': 689.51, 'trading_outer_01': 340.89, 'trading_outer_02': 157.25999999999996}"
55,True,1.1382494588153165,6.292555368614521,16.243790120514262,43.606378947368576,-0.03065693430656924,1209.52,2.9629647662171155,172,0,246.15,"{'trading_outer_00': 702.21, 'trading_outer_01': 347.18000000000006, 'trading_outer_02': 160.13}"
56,True,1.1586458302177531,6.292372152459492,16.243274973870513,44.00841452952574,-0.03092914494035548,1231.5099999999998,2.962878546381893,172,0,250.63,"{'trading_outer_00': 714.9699999999999, 'trading_outer_01': 353.4999999999999, 'trading_outer_02': 163.04000000000005}"
57,True,1.179219282896419,6.293335720739776,16.247831966850264,44.42701220797681,-0.031189772892353917,1253.6999999999998,2.963631237665633,172,0,255.11,"{'trading_outer_00': 727.83, 'trading_outer_01': 359.86000000000007, 'trading_outer_02': 166.01000000000002}"
58,True,1.1997009666278928,6.293753766771545,16.2501081326667,44.84006582601797,-0.03144720487952346,1275.8,2.9642499730566128,172,0,259.54,"{'trading_outer_00': 740.64, 'trading_outer_01': 366.19000000000005, 'trading_outer_02': 168.96999999999997}"
59,True,1.2197761514849157,6.292288457480645,16.24309342569482,45.20039228635682,-0.031726401407948246,1297.4699999999998,2.9627410937145444,172,0,264.03000000000003,"{'trading_outer_00': 753.31, 'trading_outer_01': 372.40000000000003, 'trading_outer_02': 171.75999999999996}"
60,True,1.2402879191601688,6.292849386988584,16.246335337664693,45.617153163172105,-0.03197322207293196,1319.62,2.963106767230479,172,0,268.52,"{'trading_outer_00': 766.1300000000001, 'trading_outer_01': 378.78999999999996, 'trading_outer_02': 174.70000000000002}"
