split,method,bucket,prob_bin,mean_predicted_probability,empirical_frequency,count,calibration_error,bin_lower,bin_upper
validation,raw_ngboost,market_bucket_0,0.0-0.1,0.019851281128774316,0.0210589651022864,6648,0.0012076839735120845,0.0,0.1
validation,raw_ngboost,market_bucket_0,0.1-0.2,0.14269337334147672,0.08745247148288973,1052,-0.05524090185858699,0.1,0.2
validation,raw_ngboost,market_bucket_0,0.2-0.3,0.2449261930056494,0.17494600431965443,463,-0.06998018868599498,0.2,0.30000000000000004
validation,raw_ngboost,market_bucket_0,0.3-0.4,0.34508358532283007,0.49356223175965663,233,0.14847864643682657,0.30000000000000004,0.4
validation,raw_ngboost,market_bucket_0,0.4-0.5,0.44510097164480755,0.5486111111111112,144,0.10351013946630361,0.4,0.5
validation,raw_ngboost,market_bucket_0,0.5-0.6,0.5427705565744186,0.8794326241134752,141,0.3366620675390566,0.5,0.6000000000000001
validation,raw_ngboost,market_bucket_0,0.6-0.7,0.6445553236637039,0.6585365853658537,41,0.01398126170214975,0.6000000000000001,0.7000000000000001
validation,raw_ngboost,market_bucket_0,0.7-0.8,0.7425769047308683,1.0,40,0.25742309526913165,0.7000000000000001,0.8
validation,raw_ngboost,market_bucket_0,0.8-0.9,0.8447447294471715,1.0,22,0.1552552705528285,0.8,0.9
validation,raw_ngboost,market_bucket_0,0.9-1.0,,,0,,0.9,1.0
validation,raw_ngboost,market_bucket_1,0.0-0.1,0.012436941190140433,0.019770660340055358,2529,0.007333719149914925,0.0,0.1
validation,raw_ngboost,market_bucket_1,0.1-0.2,0.15893468604828365,0.11067961165048544,1030,-0.048255074397798206,0.1,0.2
validation,raw_ngboost,market_bucket_1,0.2-0.3,0.24912701423010697,0.20137825421133232,1306,-0.04774876001877465,0.2,0.30000000000000004
validation,raw_ngboost,market_bucket_1,0.3-0.4,0.35389000462964865,0.29498327759197324,1495,-0.05890672703767541,0.30000000000000004,0.4
validation,raw_ngboost,market_bucket_1,0.4-0.5,0.4427674013029573,0.3325242718446602,1236,-0.11024312945829706,0.4,0.5
validation,raw_ngboost,market_bucket_1,0.5-0.6,0.5358966762413794,0.5641025641025641,351,0.02820588786118472,0.5,0.6000000000000001
validation,raw_ngboost,market_bucket_1,0.6-0.7,0.641607823976296,0.5826086956521739,115,-0.05899912832412213,0.6000000000000001,0.7000000000000001
validation,raw_ngboost,market_bucket_1,0.7-0.8,0.7509446383601971,0.7802197802197802,91,0.02927514185958313,0.7000000000000001,0.8
validation,raw_ngboost,market_bucket_1,0.8-0.9,0.8551918634632094,0.9632352941176471,136,0.10804343065443767,0.8,0.9
validation,raw_ngboost,market_bucket_1,0.9-1.0,0.9723902181350174,0.9818181818181818,495,0.009427963683164453,0.9,1.0
validation,raw_ngboost,market_bucket_2,0.0-0.1,0.017369620272977296,0.006277463904582548,1593,-0.011092156368394748,0.0,0.1
validation,raw_ngboost,market_bucket_2,0.1-0.2,0.1492868998319754,0.11706349206349206,504,-0.03222340776848334,0.1,0.2
validation,raw_ngboost,market_bucket_2,0.2-0.3,0.2543404866370467,0.2842857142857143,700,0.029945227648667583,0.2,0.30000000000000004
validation,raw_ngboost,market_bucket_2,0.3-0.4,0.36084919603552773,0.3591671486408329,1729,-0.0016820473946948522,0.30000000000000004,0.4
validation,raw_ngboost,market_bucket_2,0.4-0.5,0.44454527877693784,0.46210141139571353,1913,0.0175561326187757,0.4,0.5
validation,raw_ngboost,market_bucket_2,0.5-0.6,0.5330692817866908,0.5918079096045198,708,0.058738627817829014,0.5,0.6000000000000001
validation,raw_ngboost,market_bucket_2,0.6-0.7,0.6463544561751061,0.6347826086956522,230,-0.011571847479453945,0.6000000000000001,0.7000000000000001
validation,raw_ngboost,market_bucket_2,0.7-0.8,0.7484369814520773,0.815,200,0.06656301854792268,0.7000000000000001,0.8
validation,raw_ngboost,market_bucket_2,0.8-0.9,0.852859387186779,0.8666666666666667,180,0.01380727947988769,0.8,0.9
validation,raw_ngboost,market_bucket_2,0.9-1.0,0.9824174842151766,0.9883154819863681,1027,0.005897997771191488,0.9,1.0
validation,raw_ngboost,market_bucket_3,0.0-0.1,0.02288353909577807,0.023030861354214647,4342,0.00014732225843657604,0.0,0.1
validation,raw_ngboost,market_bucket_3,0.1-0.2,0.1458294064938218,0.15394321766561514,1585,0.008113811171793328,0.1,0.2
validation,raw_ngboost,market_bucket_3,0.2-0.3,0.24933699292603395,0.20151133501259447,1191,-0.047825657913439484,0.2,0.30000000000000004
validation,raw_ngboost,market_bucket_3,0.3-0.4,0.3394233115090489,0.37037037037037035,675,0.03094705886132143,0.30000000000000004,0.4
validation,raw_ngboost,market_bucket_3,0.4-0.5,0.4513854217667415,0.46320346320346323,231,0.011818041436721716,0.4,0.5
validation,raw_ngboost,market_bucket_3,0.5-0.6,0.5478511022966662,0.6044776119402985,134,0.05662650964363225,0.5,0.6000000000000001
validation,raw_ngboost,market_bucket_3,0.6-0.7,0.646860372710834,0.8061224489795918,98,0.15926207626875788,0.6000000000000001,0.7000000000000001
validation,raw_ngboost,market_bucket_3,0.7-0.8,0.7406316806028473,0.7471264367816092,87,0.006494756178761829,0.7000000000000001,0.8
validation,raw_ngboost,market_bucket_3,0.8-0.9,0.8467255458482599,0.84,100,-0.006725545848259906,0.8,0.9
validation,raw_ngboost,market_bucket_3,0.9-1.0,0.9763546029296588,0.9794721407624634,341,0.003117537832804551,0.9,1.0
validation,raw_ngboost,market_bucket_4,0.0-0.1,0.012677044759069384,0.02476780185758514,8075,0.012090757098515757,0.0,0.1
validation,raw_ngboost,market_bucket_4,0.1-0.2,0.13393901746757264,0.12058823529411765,340,-0.013350782173454992,0.1,0.2
validation,raw_ngboost,market_bucket_4,0.2-0.3,0.2504618564789669,0.336734693877551,98,0.0862728373985841,0.2,0.30000000000000004
validation,raw_ngboost,market_bucket_4,0.3-0.4,0.3463923661813594,0.21621621621621623,74,-0.13017614996514315,0.30000000000000004,0.4
validation,raw_ngboost,market_bucket_4,0.4-0.5,0.4456344879549076,0.36507936507936506,63,-0.08055512287554256,0.4,0.5
validation,raw_ngboost,market_bucket_4,0.5-0.6,0.5480229997359458,0.7142857142857143,21,0.1662627145497685,0.5,0.6000000000000001
validation,raw_ngboost,market_bucket_4,0.6-0.7,0.6493236930590982,0.9333333333333333,15,0.28400964027423514,0.6000000000000001,0.7000000000000001
validation,raw_ngboost,market_bucket_4,0.7-0.8,0.7431151809918163,0.8666666666666667,30,0.12355148567485041,0.7000000000000001,0.8
validation,raw_ngboost,market_bucket_4,0.8-0.9,0.8360423241799072,0.7894736842105263,19,-0.046568639969380876,0.8,0.9
validation,raw_ngboost,market_bucket_4,0.9-1.0,0.9559224822323794,1.0,49,0.04407751776762059,0.9,1.0
validation,raw_ngboost,market_bucket_5,0.0-0.1,0.0017928243475531184,0.008412076515326113,8678,0.006619252167772994,0.0,0.1
validation,raw_ngboost,market_bucket_5,0.1-0.2,0.14522406176558486,0.24242424242424243,33,0.09720018065865757,0.1,0.2
validation,raw_ngboost,market_bucket_5,0.2-0.3,0.24204907947281035,0.4,15,0.15795092052718968,0.2,0.30000000000000004
validation,raw_ngboost,market_bucket_5,0.3-0.4,0.32881067643256695,0.6666666666666666,3,0.3378559902340997,0.30000000000000004,0.4
validation,raw_ngboost,market_bucket_5,0.4-0.5,0.4306785306402589,1.0,6,0.569321469359741,0.4,0.5
validation,raw_ngboost,market_bucket_5,0.5-0.6,0.5489957351558576,1.0,10,0.45100426484414236,0.5,0.6000000000000001
validation,raw_ngboost,market_bucket_5,0.6-0.7,0.6602437522271118,1.0,13,0.33975624777288815,0.6000000000000001,0.7000000000000001
validation,raw_ngboost,market_bucket_5,0.7-0.8,0.7400627624950635,1.0,16,0.25993723750493647,0.7000000000000001,0.8
validation,raw_ngboost,market_bucket_5,0.8-0.9,0.8030596725594995,1.0,2,0.1969403274405005,0.8,0.9
validation,raw_ngboost,market_bucket_5,0.9-1.0,0.9236387399026168,1.0,8,0.0763612600973832,0.9,1.0
test,raw_ngboost,market_bucket_0,0.0-0.1,0.017971063417334603,0.046079401737600355,9093,0.02810833832026575,0.0,0.1
test,raw_ngboost,market_bucket_0,0.1-0.2,0.1452872375852261,0.2949438202247191,1068,0.149656582639493,0.1,0.2
test,raw_ngboost,market_bucket_0,0.2-0.3,0.2449593503451983,0.40963855421686746,664,0.16467920387166915,0.2,0.30000000000000004
test,raw_ngboost,market_bucket_0,0.3-0.4,0.34594039574179825,0.5676959619952494,421,0.22175556625345116,0.30000000000000004,0.4
test,raw_ngboost,market_bucket_0,0.4-0.5,0.4508526033757133,0.7902097902097902,286,0.3393571868340769,0.4,0.5
test,raw_ngboost,market_bucket_0,0.5-0.6,0.5420868116754989,0.8796992481203008,266,0.3376124364448019,0.5,0.6000000000000001
test,raw_ngboost,market_bucket_0,0.6-0.7,0.6463917541813633,0.9438202247191011,178,0.2974284705377378,0.6000000000000001,0.7000000000000001
test,raw_ngboost,market_bucket_0,0.7-0.8,0.7397803718499183,0.98989898989899,99,0.25011861804907165,0.7000000000000001,0.8
test,raw_ngboost,market_bucket_0,0.8-0.9,0.8313524592908704,1.0,33,0.16864754070912957,0.8,0.9
test,raw_ngboost,market_bucket_0,0.9-1.0,0.916836657051319,1.0,12,0.083163342948681,0.9,1.0
test,raw_ngboost,market_bucket_1,0.0-0.1,0.01760098452939982,0.030138637733574444,3318,0.012537653204174624,0.0,0.1
test,raw_ngboost,market_bucket_1,0.1-0.2,0.14885498768905986,0.22021660649819494,1939,0.07136161880913508,0.1,0.2
test,raw_ngboost,market_bucket_1,0.2-0.3,0.24871350039318482,0.25088547815820544,1694,0.002171977765020622,0.2,0.30000000000000004
test,raw_ngboost,market_bucket_1,0.3-0.4,0.3492337763752649,0.3095093882495457,1651,-0.03972438812571921,0.30000000000000004,0.4
test,raw_ngboost,market_bucket_1,0.4-0.5,0.4507159491222425,0.33061699650756693,1718,-0.12009895261467557,0.4,0.5
test,raw_ngboost,market_bucket_1,0.5-0.6,0.5373255265393803,0.45740740740740743,540,-0.07991811913197283,0.5,0.6000000000000001
test,raw_ngboost,market_bucket_1,0.6-0.7,0.6507693159545349,0.5813953488372093,215,-0.06937396711732557,0.6000000000000001,0.7000000000000001
test,raw_ngboost,market_bucket_1,0.7-0.8,0.7509521085140672,0.7298578199052133,211,-0.021094288608853984,0.7000000000000001,0.8
test,raw_ngboost,market_bucket_1,0.8-0.9,0.8536464888135192,0.9758454106280193,207,0.1221989218145001,0.8,0.9
test,raw_ngboost,market_bucket_1,0.9-1.0,0.9726632805331299,0.9968102073365231,627,0.024146926803393254,0.9,1.0
test,raw_ngboost,market_bucket_2,0.0-0.1,0.01864578001515948,0.00573271228950197,2791,-0.012913067725657508,0.0,0.1
test,raw_ngboost,market_bucket_2,0.1-0.2,0.14724237222562053,0.04956268221574344,686,-0.09767969000987708,0.1,0.2
test,raw_ngboost,market_bucket_2,0.2-0.3,0.2539842819574604,0.13003095975232198,969,-0.12395332220513844,0.2,0.30000000000000004
test,raw_ngboost,market_bucket_2,0.3-0.4,0.3599745228176085,0.27511737089201876,2130,-0.08485715192558974,0.30000000000000004,0.4
test,raw_ngboost,market_bucket_2,0.4-0.5,0.4452322972207765,0.3215937388829598,2811,-0.12363855833781673,0.4,0.5
test,raw_ngboost,market_bucket_2,0.5-0.6,0.536824517282107,0.45554335894621295,911,-0.08128115833589405,0.5,0.6000000000000001
test,raw_ngboost,market_bucket_2,0.6-0.7,0.6465888012385814,0.5940054495912807,367,-0.05258335164730077,0.6000000000000001,0.7000000000000001
test,raw_ngboost,market_bucket_2,0.7-0.8,0.7497606610882497,0.8648648648648649,259,0.11510420377661523,0.7000000000000001,0.8
test,raw_ngboost,market_bucket_2,0.8-0.9,0.8552592575334973,0.918918918918919,222,0.06365966138542167,0.8,0.9
test,raw_ngboost,market_bucket_2,0.9-1.0,0.9805058423452632,0.9702258726899384,974,-0.010279969655324739,0.9,1.0
test,raw_ngboost,market_bucket_3,0.0-0.1,0.01883105108674343,0.022531819745442036,5814,0.003700768658698606,0.0,0.1
test,raw_ngboost,market_bucket_3,0.1-0.2,0.15070439348632725,0.13855072463768117,1725,-0.012153668848646076,0.1,0.2
test,raw_ngboost,market_bucket_3,0.2-0.3,0.25201383185529314,0.191969887076537,1594,-0.06004394477875613,0.2,0.30000000000000004
test,raw_ngboost,market_bucket_3,0.3-0.4,0.34479481353508257,0.26154891304347827,1472,-0.0832459004916043,0.30000000000000004,0.4
test,raw_ngboost,market_bucket_3,0.4-0.5,0.43931220519188074,0.2777777777777778,450,-0.16153442741410295,0.4,0.5
test,raw_ngboost,market_bucket_3,0.5-0.6,0.5500405888294696,0.5841584158415841,202,0.03411782701211452,0.5,0.6000000000000001
test,raw_ngboost,market_bucket_3,0.6-0.7,0.6466742388468893,0.6973684210526315,152,0.05069418220574218,0.6000000000000001,0.7000000000000001
test,raw_ngboost,market_bucket_3,0.7-0.8,0.7483693241120171,0.8461538461538461,104,0.09778452204182908,0.7000000000000001,0.8
test,raw_ngboost,market_bucket_3,0.8-0.9,0.8523527205023429,0.8981481481481481,108,0.04579542764580524,0.8,0.9
test,raw_ngboost,market_bucket_3,0.9-1.0,0.9784328707835619,0.9879759519038076,499,0.009543081120245711,0.9,1.0
test,raw_ngboost,market_bucket_4,0.0-0.1,0.014714276872272787,0.021632615327724876,10817,0.006918338455452089,0.0,0.1
test,raw_ngboost,market_bucket_4,0.1-0.2,0.13551142976762692,0.1813031161473088,706,0.04579168637968187,0.1,0.2
test,raw_ngboost,market_bucket_4,0.2-0.3,0.2388527539376442,0.26666666666666666,150,0.02781391272902245,0.2,0.30000000000000004
test,raw_ngboost,market_bucket_4,0.3-0.4,0.3536413515304979,0.391304347826087,115,0.03766299629558906,0.30000000000000004,0.4
test,raw_ngboost,market_bucket_4,0.4-0.5,0.4414649093084892,0.6615384615384615,65,0.22007355222997232,0.4,0.5
test,raw_ngboost,market_bucket_4,0.5-0.6,0.5482247985717866,0.7741935483870968,62,0.22596874981531012,0.5,0.6000000000000001
test,raw_ngboost,market_bucket_4,0.6-0.7,0.6470371036147373,0.8974358974358975,39,0.25039879382116015,0.6000000000000001,0.7000000000000001
test,raw_ngboost,market_bucket_4,0.7-0.8,0.7445235205040452,0.9117647058823529,34,0.16724118537830768,0.7000000000000001,0.8
test,raw_ngboost,market_bucket_4,0.8-0.9,0.844393535630591,0.7321428571428571,56,-0.11225067848773396,0.8,0.9
test,raw_ngboost,market_bucket_4,0.9-1.0,0.9579535223317566,0.9868421052631579,76,0.028888582931401285,0.9,1.0
test,raw_ngboost,market_bucket_5,0.0-0.1,0.0021372284475077805,0.010304959785522788,11936,0.008167731338015008,0.0,0.1
test,raw_ngboost,market_bucket_5,0.1-0.2,0.14232610387638756,0.2830188679245283,53,0.14069276404814074,0.1,0.2
test,raw_ngboost,market_bucket_5,0.2-0.3,0.2482622238735063,0.125,24,-0.1232622238735063,0.2,0.30000000000000004
test,raw_ngboost,market_bucket_5,0.3-0.4,0.3376606564265696,0.5882352941176471,17,0.25057463769107746,0.30000000000000004,0.4
test,raw_ngboost,market_bucket_5,0.4-0.5,0.43106152416831245,0.8888888888888888,9,0.4578273647205764,0.4,0.5
test,raw_ngboost,market_bucket_5,0.5-0.6,0.572197442705377,1.0,8,0.427802557294623,0.5,0.6000000000000001
test,raw_ngboost,market_bucket_5,0.6-0.7,0.6619703959379521,1.0,34,0.33802960406204785,0.6000000000000001,0.7000000000000001
test,raw_ngboost,market_bucket_5,0.7-0.8,0.7267832317423727,1.0,14,0.2732167682576273,0.7000000000000001,0.8
test,raw_ngboost,market_bucket_5,0.8-0.9,0.841606692374238,1.0,18,0.15839330762576198,0.8,0.9
test,raw_ngboost,market_bucket_5,0.9-1.0,0.9185225522438545,1.0,7,0.08147744775614552,0.9,1.0
validation,global_sigma_scaled,market_bucket_0,0.0-0.1,0.01714944006819375,0.023734629682585072,6994,0.006585189614391321,0.0,0.1
validation,global_sigma_scaled,market_bucket_0,0.1-0.2,0.14168717092546843,0.0997624703087886,842,-0.04192470061667983,0.1,0.2
validation,global_sigma_scaled,market_bucket_0,0.2-0.3,0.24533960662767856,0.20971867007672634,391,-0.03562093655095222,0.2,0.30000000000000004
validation,global_sigma_scaled,market_bucket_0,0.3-0.4,0.3485748295368139,0.5478723404255319,188,0.199297510888718,0.30000000000000004,0.4
validation,global_sigma_scaled,market_bucket_0,0.4-0.5,0.44580354448247556,0.576,125,0.1301964555175244,0.4,0.5
validation,global_sigma_scaled,market_bucket_0,0.5-0.6,0.5439280226330938,0.8796992481203008,133,0.33577122548720695,0.5,0.6000000000000001
validation,global_sigma_scaled,market_bucket_0,0.6-0.7,0.6483276764091226,0.6808510638297872,47,0.03252338742066463,0.6000000000000001,0.7000000000000001
validation,global_sigma_scaled,market_bucket_0,0.7-0.8,0.7548197593059078,1.0,36,0.24518024069409217,0.7000000000000001,0.8
validation,global_sigma_scaled,market_bucket_0,0.8-0.9,0.8516860385130113,1.0,25,0.14831396148698872,0.8,0.9
validation,global_sigma_scaled,market_bucket_0,0.9-1.0,0.9012801575773759,1.0,3,0.0987198424226241,0.9,1.0
validation,global_sigma_scaled,market_bucket_1,0.0-0.1,0.012619334800078229,0.026681698609545283,2661,0.014062363809467054,0.0,0.1
validation,global_sigma_scaled,market_bucket_1,0.1-0.2,0.15507828635258186,0.11069418386491557,1066,-0.04438410248766629,0.1,0.2
validation,global_sigma_scaled,market_bucket_1,0.2-0.3,0.2466901698393615,0.2088495575221239,1130,-0.03784061231723762,0.2,0.30000000000000004
validation,global_sigma_scaled,market_bucket_1,0.3-0.4,0.35265313159256434,0.30856643356643354,1144,-0.0440866980261308,0.30000000000000004,0.4
validation,global_sigma_scaled,market_bucket_1,0.4-0.5,0.4454018182613031,0.3146417445482866,1284,-0.1307600737130165,0.4,0.5
validation,global_sigma_scaled,market_bucket_1,0.5-0.6,0.5412661975287943,0.42320261437908496,612,-0.11806358314970938,0.5,0.6000000000000001
validation,global_sigma_scaled,market_bucket_1,0.6-0.7,0.6395629436066702,0.6223776223776224,143,-0.017185321229047812,0.6000000000000001,0.7000000000000001
validation,global_sigma_scaled,market_bucket_1,0.7-0.8,0.7546851239261559,0.735632183908046,87,-0.019052940018109976,0.7000000000000001,0.8
validation,global_sigma_scaled,market_bucket_1,0.8-0.9,0.8553542636418193,0.9130434782608695,115,0.05768921461905019,0.8,0.9
validation,global_sigma_scaled,market_bucket_1,0.9-1.0,0.9760744576167242,0.9833948339483395,542,0.007320376331615308,0.9,1.0
validation,global_sigma_scaled,market_bucket_2,0.0-0.1,0.01752240499367,0.008149010477299184,1718,-0.009373394516370814,0.0,0.1
validation,global_sigma_scaled,market_bucket_2,0.1-0.2,0.15090362759310474,0.1509433962264151,477,3.976863331034419e-05,0.1,0.2
validation,global_sigma_scaled,market_bucket_2,0.2-0.3,0.2533215306077771,0.30185497470489037,593,0.04853344409711324,0.2,0.30000000000000004
validation,global_sigma_scaled,market_bucket_2,0.3-0.4,0.35959895018312127,0.3324396782841823,1119,-0.027159271898938964,0.30000000000000004,0.4
validation,global_sigma_scaled,market_bucket_2,0.4-0.5,0.4477449227892839,0.4246369554331497,1997,-0.023107967356134185,0.4,0.5
validation,global_sigma_scaled,market_bucket_2,0.5-0.6,0.5433755326235367,0.5597539543057997,1138,0.016378421682263,0.5,0.6000000000000001
validation,global_sigma_scaled,market_bucket_2,0.6-0.7,0.6449618421121305,0.6877323420074349,269,0.04277049989530446,0.6000000000000001,0.7000000000000001
validation,global_sigma_scaled,market_bucket_2,0.7-0.8,0.7532696812585801,0.6940639269406392,219,-0.05920575431794084,0.7000000000000001,0.8
validation,global_sigma_scaled,market_bucket_2,0.8-0.9,0.8514475569621968,0.8520710059171598,169,0.000623448954963024,0.8,0.9
validation,global_sigma_scaled,market_bucket_2,0.9-1.0,0.9846479323261704,0.9852534562211982,1085,0.0006055238950277708,0.9,1.0
validation,global_sigma_scaled,market_bucket_3,0.0-0.1,0.02234094487401002,0.03362233030238951,4729,0.01128138542837949,0.0,0.1
validation,global_sigma_scaled,market_bucket_3,0.1-0.2,0.1453007594608609,0.1520940484937546,1361,0.006793289032893696,0.1,0.2
validation,global_sigma_scaled,market_bucket_3,0.2-0.3,0.2478093981108991,0.21629778672032193,994,-0.03151161139057718,0.2,0.30000000000000004
validation,global_sigma_scaled,market_bucket_3,0.3-0.4,0.34334535510021474,0.3363774733637747,657,-0.006967881736440029,0.30000000000000004,0.4
validation,global_sigma_scaled,market_bucket_3,0.4-0.5,0.446270892178404,0.48917748917748916,231,0.04290659699908517,0.4,0.5
validation,global_sigma_scaled,market_bucket_3,0.5-0.6,0.54280564123844,0.5197368421052632,152,-0.02306879913317683,0.5,0.6000000000000001
validation,global_sigma_scaled,market_bucket_3,0.6-0.7,0.6466323070366544,0.8363636363636363,110,0.1897313293269819,0.6000000000000001,0.7000000000000001
validation,global_sigma_scaled,market_bucket_3,0.7-0.8,0.7451338711609736,0.7142857142857143,91,-0.030848156875259325,0.7000000000000001,0.8
validation,global_sigma_scaled,market_bucket_3,0.8-0.9,0.8513753738731656,0.8222222222222222,90,-0.029153151650943454,0.8,0.9
validation,global_sigma_scaled,market_bucket_3,0.9-1.0,0.9786542740911125,0.9728997289972899,369,-0.005754545093822561,0.9,1.0
validation,global_sigma_scaled,market_bucket_4,0.0-0.1,0.00966131249132659,0.025981946816296658,8198,0.016320634324970065,0.0,0.1
validation,global_sigma_scaled,market_bucket_4,0.1-0.2,0.13489018832613628,0.13675213675213677,234,0.001861948426000487,0.1,0.2
validation,global_sigma_scaled,market_bucket_4,0.2-0.3,0.2470065392179257,0.38372093023255816,86,0.13671439101463245,0.2,0.30000000000000004
validation,global_sigma_scaled,market_bucket_4,0.3-0.4,0.3441040038856304,0.1746031746031746,63,-0.1695008292824558,0.30000000000000004,0.4
validation,global_sigma_scaled,market_bucket_4,0.4-0.5,0.4491250842434229,0.31746031746031744,63,-0.13166476678310546,0.4,0.5
validation,global_sigma_scaled,market_bucket_4,0.5-0.6,0.5306037165021178,0.7222222222222222,18,0.19161850572010442,0.5,0.6000000000000001
validation,global_sigma_scaled,market_bucket_4,0.6-0.7,0.6431585566587157,0.8,20,0.15684144334128436,0.6000000000000001,0.7000000000000001
validation,global_sigma_scaled,market_bucket_4,0.7-0.8,0.7534800052286091,0.8571428571428571,28,0.10366285191424796,0.7000000000000001,0.8
validation,global_sigma_scaled,market_bucket_4,0.8-0.9,0.8444378059757969,0.8181818181818182,22,-0.02625598779397864,0.8,0.9
validation,global_sigma_scaled,market_bucket_4,0.9-1.0,0.9671194794160977,1.0,52,0.03288052058390234,0.9,1.0
validation,global_sigma_scaled,market_bucket_5,0.0-0.1,0.0010824899273622452,0.008402394106813996,8688,0.007319904179451751,0.0,0.1
validation,global_sigma_scaled,market_bucket_5,0.1-0.2,0.14174150411828507,0.2962962962962963,27,0.1545547921780112,0.1,0.2
validation,global_sigma_scaled,market_bucket_5,0.2-0.3,0.2357398507990174,0.5833333333333334,12,0.347593482534316,0.2,0.30000000000000004
validation,global_sigma_scaled,market_bucket_5,0.3-0.4,0.35676064246837513,0.75,4,0.39323935753162487,0.30000000000000004,0.4
validation,global_sigma_scaled,market_bucket_5,0.4-0.5,0.4374888887401769,1.0,4,0.5625111112598231,0.4,0.5
validation,global_sigma_scaled,market_bucket_5,0.5-0.6,0.5543835309452618,1.0,10,0.4456164690547382,0.5,0.6000000000000001
validation,global_sigma_scaled,market_bucket_5,0.6-0.7,0.6655351352330807,1.0,10,0.3344648647669193,0.6000000000000001,0.7000000000000001
validation,global_sigma_scaled,market_bucket_5,0.7-0.8,0.7341873635849587,1.0,14,0.26581263641504127,0.7000000000000001,0.8
validation,global_sigma_scaled,market_bucket_5,0.8-0.9,0.8170294178473643,1.0,7,0.18297058215263573,0.8,0.9
validation,global_sigma_scaled,market_bucket_5,0.9-1.0,0.943926467731956,1.0,8,0.05607353226804401,0.9,1.0
test,global_sigma_scaled,market_bucket_0,0.0-0.1,0.01483356333375071,0.05549083977549508,9443,0.04065727644174437,0.0,0.1
test,global_sigma_scaled,market_bucket_0,0.1-0.2,0.14715450973418603,0.3069306930693069,909,0.1597761833351209,0.1,0.2
test,global_sigma_scaled,market_bucket_0,0.2-0.3,0.24525368013479246,0.44851657940663175,573,0.2032628992718393,0.2,0.30000000000000004
test,global_sigma_scaled,market_bucket_0,0.3-0.4,0.3449064723913241,0.5857988165680473,338,0.24089234417672323,0.30000000000000004,0.4
test,global_sigma_scaled,market_bucket_0,0.4-0.5,0.4487268341159462,0.79182156133829,269,0.34309472722234374,0.4,0.5
test,global_sigma_scaled,market_bucket_0,0.5-0.6,0.542418941130095,0.875,248,0.33258105886990497,0.5,0.6000000000000001
test,global_sigma_scaled,market_bucket_0,0.6-0.7,0.6451764887477257,0.9371069182389937,159,0.291930429491268,0.6000000000000001,0.7000000000000001
test,global_sigma_scaled,market_bucket_0,0.7-0.8,0.7411501487110207,0.9841269841269841,126,0.24297683541596338,0.7000000000000001,0.8
test,global_sigma_scaled,market_bucket_0,0.8-0.9,0.8407564673036939,1.0,39,0.1592435326963061,0.8,0.9
test,global_sigma_scaled,market_bucket_0,0.9-1.0,0.9314666057394787,1.0,16,0.0685333942605213,0.9,1.0
test,global_sigma_scaled,market_bucket_1,0.0-0.1,0.020194314789256262,0.042437431991294884,3676,0.02224311720203862,0.0,0.1
test,global_sigma_scaled,market_bucket_1,0.1-0.2,0.1464445205929735,0.2290653700702323,1851,0.08262084947725881,0.1,0.2
test,global_sigma_scaled,market_bucket_1,0.2-0.3,0.24889912641518477,0.25487465181058494,1436,0.005975525395400166,0.2,0.30000000000000004
test,global_sigma_scaled,market_bucket_1,0.3-0.4,0.34933389985508045,0.3150984682713348,1371,-0.034235431583745646,0.30000000000000004,0.4
test,global_sigma_scaled,market_bucket_1,0.4-0.5,0.4512705908569376,0.33380281690140845,1420,-0.11746777395552915,0.4,0.5
test,global_sigma_scaled,market_bucket_1,0.5-0.6,0.5380877419365137,0.37711442786069654,1005,-0.1609733140758171,0.5,0.6000000000000001
test,global_sigma_scaled,market_bucket_1,0.6-0.7,0.6415327841908859,0.512,250,-0.12953278419088587,0.6000000000000001,0.7000000000000001
test,global_sigma_scaled,market_bucket_1,0.7-0.8,0.7496454602139069,0.6620370370370371,216,-0.08760842317686979,0.7000000000000001,0.8
test,global_sigma_scaled,market_bucket_1,0.8-0.9,0.8487385634503569,0.949238578680203,197,0.10050001522984608,0.8,0.9
test,global_sigma_scaled,market_bucket_1,0.9-1.0,0.9749074479419566,0.995702005730659,698,0.020794557788702428,0.9,1.0
test,global_sigma_scaled,market_bucket_2,0.0-0.1,0.01703092518263733,0.007432432432432433,2960,-0.009598492750204898,0.0,0.1
test,global_sigma_scaled,market_bucket_2,0.1-0.2,0.1487771397741396,0.05657492354740061,654,-0.09220221622673898,0.1,0.2
test,global_sigma_scaled,market_bucket_2,0.2-0.3,0.2531234942709892,0.14439140811455847,838,-0.10873208615643071,0.2,0.30000000000000004
test,global_sigma_scaled,market_bucket_2,0.3-0.4,0.35742195774643276,0.25091441111923923,1367,-0.10650754662719353,0.30000000000000004,0.4
test,global_sigma_scaled,market_bucket_2,0.4-0.5,0.4497434691570447,0.2985677561513037,2723,-0.151175713005741,0.4,0.5
test,global_sigma_scaled,market_bucket_2,0.5-0.6,0.539702075748664,0.41829652996845423,1585,-0.12140554578020979,0.5,0.6000000000000001
test,global_sigma_scaled,market_bucket_2,0.6-0.7,0.6457252127958025,0.5505882352941176,425,-0.09513697750168493,0.6000000000000001,0.7000000000000001
test,global_sigma_scaled,market_bucket_2,0.7-0.8,0.7462112258787683,0.7465277777777778,288,0.0003165518990094762,0.7000000000000001,0.8
test,global_sigma_scaled,market_bucket_2,0.8-0.9,0.8485563931487112,0.911504424778761,226,0.0629480316300498,0.8,0.9
test,global_sigma_scaled,market_bucket_2,0.9-1.0,0.9813586948567643,0.9658444022770398,1054,-0.015514292579724476,0.9,1.0
test,global_sigma_scaled,market_bucket_3,0.0-0.1,0.017700466666790194,0.028011658031088082,6176,0.010311191364297888,0.0,0.1
test,global_sigma_scaled,market_bucket_3,0.1-0.2,0.14929796690986938,0.1405852417302799,1572,-0.008712725179589487,0.1,0.2
test,global_sigma_scaled,market_bucket_3,0.2-0.3,0.25130829321686143,0.19927007299270072,1370,-0.052038220224160714,0.2,0.30000000000000004
test,global_sigma_scaled,market_bucket_3,0.3-0.4,0.34854138628883585,0.2589763177998472,1309,-0.08956506848898865,0.30000000000000004,0.4
test,global_sigma_scaled,market_bucket_3,0.4-0.5,0.43738334281365204,0.28,550,-0.15738334281365202,0.4,0.5
test,global_sigma_scaled,market_bucket_3,0.5-0.6,0.5467656470864652,0.48917748917748916,231,-0.05758815790897609,0.5,0.6000000000000001
test,global_sigma_scaled,market_bucket_3,0.6-0.7,0.6445444203880254,0.6459627329192547,161,0.00141831253122926,0.6000000000000001,0.7000000000000001
test,global_sigma_scaled,market_bucket_3,0.7-0.8,0.74574598392913,0.8141592920353983,113,0.06841330810626822,0.7000000000000001,0.8
test,global_sigma_scaled,market_bucket_3,0.8-0.9,0.8530745675348456,0.8981481481481481,108,0.04507358061330258,0.8,0.9
test,global_sigma_scaled,market_bucket_3,0.9-1.0,0.9816632094051114,0.9849056603773585,530,0.0032424509722470685,0.9,1.0
test,global_sigma_scaled,market_bucket_4,0.0-0.1,0.011759840782506085,0.023529411764705882,11050,0.011769570982199797,0.0,0.1
test,global_sigma_scaled,market_bucket_4,0.1-0.2,0.1334370583275762,0.22132796780684105,497,0.08789090947926484,0.1,0.2
test,global_sigma_scaled,market_bucket_4,0.2-0.3,0.23847826600426403,0.2753623188405797,138,0.036884052836315684,0.2,0.30000000000000004
test,global_sigma_scaled,market_bucket_4,0.3-0.4,0.35408245675063493,0.3684210526315789,95,0.014338595880943994,0.30000000000000004,0.4
test,global_sigma_scaled,market_bucket_4,0.4-0.5,0.44195231478622077,0.6268656716417911,67,0.1849133568555703,0.4,0.5
test,global_sigma_scaled,market_bucket_4,0.5-0.6,0.5495102028220639,0.7755102040816326,49,0.22600000125956876,0.5,0.6000000000000001
test,global_sigma_scaled,market_bucket_4,0.6-0.7,0.6434384706719187,0.8461538461538461,52,0.20271537548192742,0.6000000000000001,0.7000000000000001
test,global_sigma_scaled,market_bucket_4,0.7-0.8,0.744284118830455,0.896551724137931,29,0.15226760530747607,0.7000000000000001,0.8
test,global_sigma_scaled,market_bucket_4,0.8-0.9,0.8561168845267685,0.7666666666666667,60,-0.08945021786010177,0.8,0.9
test,global_sigma_scaled,market_bucket_4,0.9-1.0,0.9671104173953398,0.9759036144578314,83,0.008793197062491598,0.9,1.0
test,global_sigma_scaled,market_bucket_5,0.0-0.1,0.001258386674374932,0.010292887029288702,11950,0.00903450035491377,0.0,0.1
test,global_sigma_scaled,market_bucket_5,0.1-0.2,0.13444877320016552,0.36363636363636365,44,0.22918759043619813,0.1,0.2
test,global_sigma_scaled,market_bucket_5,0.2-0.3,0.24551046210052155,0.13043478260869565,23,-0.1150756794918259,0.2,0.30000000000000004
test,global_sigma_scaled,market_bucket_5,0.3-0.4,0.3383135658450148,0.6666666666666666,15,0.3283531008216518,0.30000000000000004,0.4
test,global_sigma_scaled,market_bucket_5,0.4-0.5,0.43134792565533725,1.0,7,0.5686520743446628,0.4,0.5
test,global_sigma_scaled,market_bucket_5,0.5-0.6,0.5672519786768947,1.0,5,0.4327480213231053,0.5,0.6000000000000001
test,global_sigma_scaled,market_bucket_5,0.6-0.7,0.664253187235649,1.0,30,0.33574681276435103,0.6000000000000001,0.7000000000000001
test,global_sigma_scaled,market_bucket_5,0.7-0.8,0.7348263532646039,1.0,21,0.2651736467353961,0.7000000000000001,0.8
test,global_sigma_scaled,market_bucket_5,0.8-0.9,0.8583711132322039,1.0,15,0.14162888676779606,0.8,0.9
test,global_sigma_scaled,market_bucket_5,0.9-1.0,0.9298768028278678,1.0,10,0.07012319717213222,0.9,1.0
