split,group_col,group_value,nominal_coverage,empirical_coverage,coverage_gap,n_rows,mean_predicted_sigma,mean_abs_residual,enough_sample
validation,prediction_hour,0,0.5,0.5327868852459017,0.032786885245901676,366,1.8444604869775645,1.537157204342916,True
validation,prediction_hour,0,0.8,0.8770491803278688,0.07704918032786878,366,1.8444604869775645,1.537157204342916,True
validation,prediction_hour,0,0.9,0.9508196721311475,0.050819672131147464,366,1.8444604869775645,1.537157204342916,True
validation,prediction_hour,1,0.5,0.5382513661202186,0.03825136612021862,366,1.8415444715278937,1.534811823720359,True
validation,prediction_hour,1,0.8,0.8825136612021858,0.08251366120218573,366,1.8415444715278937,1.534811823720359,True
validation,prediction_hour,1,0.9,0.9562841530054644,0.05628415300546441,366,1.8415444715278937,1.534811823720359,True
validation,prediction_hour,2,0.5,0.5382513661202186,0.03825136612021862,366,1.82955424814543,1.5302983358864999,True
validation,prediction_hour,2,0.8,0.8852459016393442,0.0852459016393442,366,1.82955424814543,1.5302983358864999,True
validation,prediction_hour,2,0.9,0.9590163934426229,0.05901639344262288,366,1.82955424814543,1.5302983358864999,True
validation,prediction_hour,3,0.5,0.5409836065573771,0.040983606557377095,366,1.823009306345924,1.5358755227427383,True
validation,prediction_hour,3,0.8,0.8825136612021858,0.08251366120218573,366,1.823009306345924,1.5358755227427383,True
validation,prediction_hour,3,0.9,0.953551912568306,0.05355191256830594,366,1.823009306345924,1.5358755227427383,True
validation,prediction_hour,4,0.5,0.5437158469945356,0.04371584699453557,366,1.8184199390870661,1.5366540688812143,True
validation,prediction_hour,4,0.8,0.8797814207650273,0.07978142076502726,366,1.8184199390870661,1.5366540688812143,True
validation,prediction_hour,4,0.9,0.9480874316939891,0.0480874316939891,366,1.8184199390870661,1.5366540688812143,True
validation,prediction_hour,5,0.5,0.5437158469945356,0.04371584699453557,366,1.818489634752614,1.5348673063114642,True
validation,prediction_hour,5,0.8,0.8797814207650273,0.07978142076502726,366,1.818489634752614,1.5348673063114642,True
validation,prediction_hour,5,0.9,0.9480874316939891,0.0480874316939891,366,1.818489634752614,1.5348673063114642,True
validation,prediction_hour,6,0.5,0.5327868852459017,0.032786885245901676,366,1.8163217048679294,1.5309870336663605,True
validation,prediction_hour,6,0.8,0.8770491803278688,0.07704918032786878,366,1.8163217048679294,1.5309870336663605,True
validation,prediction_hour,6,0.9,0.953551912568306,0.05355191256830594,366,1.8163217048679294,1.5309870336663605,True
validation,prediction_hour,7,0.5,0.5273224043715847,0.02732240437158473,366,1.817956345515866,1.5332785526295236,True
validation,prediction_hour,7,0.8,0.8797814207650273,0.07978142076502726,366,1.817956345515866,1.5332785526295236,True
validation,prediction_hour,7,0.9,0.9508196721311475,0.050819672131147464,366,1.817956345515866,1.5332785526295236,True
validation,prediction_hour,8,0.5,0.546448087431694,0.04644808743169404,366,1.8111711782135524,1.4952750484129722,True
validation,prediction_hour,8,0.8,0.8879781420765027,0.08797814207650267,366,1.8111711782135524,1.4952750484129722,True
validation,prediction_hour,8,0.9,0.953551912568306,0.05355191256830594,366,1.8111711782135524,1.4952750484129722,True
validation,prediction_hour,9,0.5,0.5300546448087432,0.030054644808743203,366,1.781289341009582,1.502240157199577,True
validation,prediction_hour,9,0.8,0.8743169398907104,0.07431693989071031,366,1.781289341009582,1.502240157199577,True
validation,prediction_hour,9,0.9,0.953551912568306,0.05355191256830594,366,1.781289341009582,1.502240157199577,True
validation,prediction_hour,10,0.5,0.5273224043715847,0.02732240437158473,366,1.7445349064457825,1.4335340808361687,True
validation,prediction_hour,10,0.8,0.8688524590163934,0.06885245901639336,366,1.7445349064457825,1.4335340808361687,True
validation,prediction_hour,10,0.9,0.9590163934426229,0.05901639344262288,366,1.7445349064457825,1.4335340808361687,True
validation,prediction_hour,11,0.5,0.5601092896174863,0.060109289617486295,366,1.6978186099509314,1.3200026737933286,True
validation,prediction_hour,11,0.8,0.8797814207650273,0.07978142076502726,366,1.6978186099509314,1.3200026737933286,True
validation,prediction_hour,11,0.9,0.9644808743169399,0.06448087431693983,366,1.6978186099509314,1.3200026737933286,True
validation,prediction_hour,12,0.5,0.6174863387978142,0.11748633879781423,366,1.654865553637032,1.137904435303574,True
validation,prediction_hour,12,0.8,0.9016393442622951,0.10163934426229504,366,1.654865553637032,1.137904435303574,True
validation,prediction_hour,12,0.9,0.9644808743169399,0.06448087431693983,366,1.654865553637032,1.137904435303574,True
validation,prediction_hour,13,0.5,0.6229508196721312,0.12295081967213117,366,1.3814567676861067,0.8953671320768687,True
validation,prediction_hour,13,0.8,0.912568306010929,0.11256830601092893,366,1.3814567676861067,0.8953671320768687,True
validation,prediction_hour,13,0.9,0.9808743169398907,0.08087431693989067,366,1.3814567676861067,0.8953671320768687,True
validation,prediction_hour,14,0.5,0.680327868852459,0.180327868852459,366,1.0467748051829118,0.6357195048334545,True
validation,prediction_hour,14,0.8,0.9180327868852459,0.11803278688524588,366,1.0467748051829118,0.6357195048334545,True
validation,prediction_hour,14,0.9,0.9808743169398907,0.08087431693989067,366,1.0467748051829118,0.6357195048334545,True
validation,prediction_hour,15,0.5,0.773224043715847,0.27322404371584696,366,0.6670728921452795,0.37405950461190146,True
validation,prediction_hour,15,0.8,0.9344262295081968,0.13442622950819672,366,0.6670728921452795,0.37405950461190146,True
validation,prediction_hour,15,0.9,0.9754098360655737,0.07540983606557372,366,0.6670728921452795,0.37405950461190146,True
validation,prediction_hour,16,0.5,0.7978142076502732,0.2978142076502732,366,0.35567398219154395,0.2480713400184946,True
validation,prediction_hour,16,0.8,0.9289617486338798,0.12896174863387977,366,0.35567398219154395,0.2480713400184946,True
validation,prediction_hour,16,0.9,0.9590163934426229,0.05901639344262288,366,0.35567398219154395,0.2480713400184946,True
validation,prediction_hour,17,0.5,0.7950819672131147,0.29508196721311475,366,0.3115787274661408,0.21053369255506438,True
validation,prediction_hour,17,0.8,0.9562841530054644,0.1562841530054644,366,0.3115787274661408,0.21053369255506438,True
validation,prediction_hour,17,0.9,0.9808743169398907,0.08087431693989067,366,0.3115787274661408,0.21053369255506438,True
validation,prediction_hour,18,0.5,0.7923497267759563,0.2923497267759563,366,0.2956406401454135,0.20604484315164087,True
validation,prediction_hour,18,0.8,0.9562841530054644,0.1562841530054644,366,0.2956406401454135,0.20604484315164087,True
validation,prediction_hour,18,0.9,0.9863387978142076,0.08633879781420761,366,0.2956406401454135,0.20604484315164087,True
validation,prediction_hour,19,0.5,0.7814207650273224,0.2814207650273224,366,0.288746567349307,0.20532467591811104,True
validation,prediction_hour,19,0.8,0.9590163934426229,0.15901639344262286,366,0.288746567349307,0.20532467591811104,True
validation,prediction_hour,19,0.9,0.9890710382513661,0.08907103825136609,366,0.288746567349307,0.20532467591811104,True
validation,prediction_hour,20,0.5,0.7868852459016393,0.28688524590163933,366,0.28486737353655844,0.20181635292155373,True
validation,prediction_hour,20,0.8,0.9617486338797814,0.16174863387978133,366,0.28486737353655844,0.20181635292155373,True
validation,prediction_hour,20,0.9,0.9863387978142076,0.08633879781420761,366,0.28486737353655844,0.20181635292155373,True
validation,prediction_hour,21,0.5,0.7923497267759563,0.2923497267759563,366,0.2798355010850159,0.19600409433178972,True
validation,prediction_hour,21,0.8,0.9590163934426229,0.15901639344262286,366,0.2798355010850159,0.19600409433178972,True
validation,prediction_hour,21,0.9,0.9836065573770492,0.08360655737704914,366,0.2798355010850159,0.19600409433178972,True
validation,prediction_hour,22,0.5,0.7978142076502732,0.2978142076502732,366,0.2795840089727665,0.19298855728248146,True
validation,prediction_hour,22,0.8,0.9644808743169399,0.1644808743169398,366,0.2795840089727665,0.19298855728248146,True
validation,prediction_hour,22,0.9,0.9863387978142076,0.08633879781420761,366,0.2795840089727665,0.19298855728248146,True
validation,prediction_hour,23,0.5,0.7923497267759563,0.2923497267759563,366,0.27675446805409526,0.18853040692690518,True
validation,prediction_hour,23,0.8,0.9672131147540983,0.16721311475409828,366,0.27675446805409526,0.18853040692690518,True
validation,prediction_hour,23,0.9,0.9918032786885246,0.09180327868852456,366,0.27675446805409526,0.18853040692690518,True
test,prediction_hour,0,0.5,0.4376237623762376,-0.062376237623762376,505,1.8086201559702497,1.754524125936461,True
test,prediction_hour,0,0.8,0.8237623762376237,0.023762376237623672,505,1.8086201559702497,1.754524125936461,True
test,prediction_hour,0,0.9,0.9504950495049505,0.05049504950495043,505,1.8086201559702497,1.754524125936461,True
test,prediction_hour,1,0.5,0.4297029702970297,-0.0702970297029703,505,1.8039134936252554,1.7569272329040715,True
test,prediction_hour,1,0.8,0.8316831683168316,0.0316831683168316,505,1.8039134936252554,1.7569272329040715,True
test,prediction_hour,1,0.9,0.9504950495049505,0.05049504950495043,505,1.8039134936252554,1.7569272329040715,True
test,prediction_hour,2,0.5,0.4297029702970297,-0.0702970297029703,505,1.785154202724448,1.7615552602358617,True
test,prediction_hour,2,0.8,0.8277227722772277,0.027722772277227636,505,1.785154202724448,1.7615552602358617,True
test,prediction_hour,2,0.9,0.9485148514851485,0.04851485148514845,505,1.785154202724448,1.7615552602358617,True
test,prediction_hour,3,0.5,0.4277227722772277,-0.07227722772277229,505,1.777222779267656,1.765031608723866,True
test,prediction_hour,3,0.8,0.8297029702970297,0.02970297029702962,505,1.777222779267656,1.765031608723866,True
test,prediction_hour,3,0.9,0.9465346534653465,0.046534653465346465,505,1.777222779267656,1.765031608723866,True
test,prediction_hour,4,0.5,0.4297029702970297,-0.0702970297029703,505,1.770211167746418,1.766635788358374,True
test,prediction_hour,4,0.8,0.8297029702970297,0.02970297029702962,505,1.770211167746418,1.766635788358374,True
test,prediction_hour,4,0.9,0.9445544554455445,0.04455445544554448,505,1.770211167746418,1.766635788358374,True
test,prediction_hour,5,0.5,0.42178217821782177,-0.07821782178217823,505,1.7694983187557731,1.7695114914198464,True
test,prediction_hour,5,0.8,0.8257425742574257,0.025742574257425654,505,1.7694983187557731,1.7695114914198464,True
test,prediction_hour,5,0.9,0.9465346534653465,0.046534653465346465,505,1.7694983187557731,1.7695114914198464,True
test,prediction_hour,6,0.5,0.42178217821782177,-0.07821782178217823,505,1.7699006962832704,1.774087117712555,True
test,prediction_hour,6,0.8,0.8237623762376237,0.023762376237623672,505,1.7699006962832704,1.774087117712555,True
test,prediction_hour,6,0.9,0.9465346534653465,0.046534653465346465,505,1.7699006962832704,1.774087117712555,True
test,prediction_hour,7,0.5,0.4158415841584158,-0.08415841584158418,505,1.7663310431305437,1.7737685008795312,True
test,prediction_hour,7,0.8,0.8277227722772277,0.027722772277227636,505,1.7663310431305437,1.7737685008795312,True
test,prediction_hour,7,0.9,0.9465346534653465,0.046534653465346465,505,1.7663310431305437,1.7737685008795312,True
test,prediction_hour,8,0.5,0.4099009900990099,-0.09009900990099012,505,1.7559595270997708,1.7691022698731733,True
test,prediction_hour,8,0.8,0.8237623762376237,0.023762376237623672,505,1.7559595270997708,1.7691022698731733,True
test,prediction_hour,8,0.9,0.9405940594059405,0.04059405940594052,505,1.7559595270997708,1.7691022698731733,True
test,prediction_hour,9,0.5,0.42376237623762375,-0.07623762376237625,505,1.745824894717653,1.7761382772307412,True
test,prediction_hour,9,0.8,0.8198019801980198,0.01980198019801971,505,1.745824894717653,1.7761382772307412,True
test,prediction_hour,9,0.9,0.9445544554455445,0.04455445544554448,505,1.745824894717653,1.7761382772307412,True
test,prediction_hour,10,0.5,0.4534653465346535,-0.04653465346534652,505,1.7261930476298724,1.6918629255741722,True
test,prediction_hour,10,0.8,0.8118811881188119,0.011881188118811892,505,1.7261930476298724,1.6918629255741722,True
test,prediction_hour,10,0.9,0.9485148514851485,0.04851485148514845,505,1.7261930476298724,1.6918629255741722,True
test,prediction_hour,11,0.5,0.47128712871287126,-0.02871287128712874,505,1.6959696968735674,1.5793038091995433,True
test,prediction_hour,11,0.8,0.8336633663366336,0.03366336633663358,505,1.6959696968735674,1.5793038091995433,True
test,prediction_hour,11,0.9,0.9564356435643564,0.056435643564356375,505,1.6959696968735674,1.5793038091995433,True
test,prediction_hour,12,0.5,0.5306930693069307,0.03069306930693072,505,1.6545477974129503,1.3465415571645485,True
test,prediction_hour,12,0.8,0.8871287128712871,0.0871287128712871,505,1.6545477974129503,1.3465415571645485,True
test,prediction_hour,12,0.9,0.9702970297029703,0.07029702970297025,505,1.6545477974129503,1.3465415571645485,True
test,prediction_hour,13,0.5,0.5702970297029702,0.07029702970297025,505,1.4174077648089491,1.0874523201089394,True
test,prediction_hour,13,0.8,0.8950495049504951,0.09504950495049502,505,1.4174077648089491,1.0874523201089394,True
test,prediction_hour,13,0.9,0.9702970297029703,0.07029702970297025,505,1.4174077648089491,1.0874523201089394,True
test,prediction_hour,14,0.5,0.6376237623762376,0.13762376237623763,505,1.1206841341757552,0.8145237874972204,True
test,prediction_hour,14,0.8,0.897029702970297,0.097029702970297,505,1.1206841341757552,0.8145237874972204,True
test,prediction_hour,14,0.9,0.9524752475247524,0.05247524752475241,505,1.1206841341757552,0.8145237874972204,True
test,prediction_hour,15,0.5,0.7108910891089109,0.21089108910891086,505,0.7871706929106647,0.5663283767181696,True
test,prediction_hour,15,0.8,0.906930693069307,0.10693069306930691,505,0.7871706929106647,0.5663283767181696,True
test,prediction_hour,15,0.9,0.9603960396039604,0.06039603960396034,505,0.7871706929106647,0.5663283767181696,True
test,prediction_hour,16,0.5,0.7029702970297029,0.20297029702970293,505,0.46652849108437344,0.4217420750635227,True
test,prediction_hour,16,0.8,0.897029702970297,0.097029702970297,505,0.46652849108437344,0.4217420750635227,True
test,prediction_hour,16,0.9,0.9425742574257425,0.0425742574257425,505,0.46652849108437344,0.4217420750635227,True
test,prediction_hour,17,0.5,0.7227722772277227,0.22277227722772275,505,0.4263276009899665,0.3770722861460327,True
test,prediction_hour,17,0.8,0.9386138613861386,0.13861386138613851,505,0.4263276009899665,0.3770722861460327,True
test,prediction_hour,17,0.9,0.9722772277227723,0.07227722772277223,505,0.4263276009899665,0.3770722861460327,True
test,prediction_hour,18,0.5,0.7267326732673267,0.2267326732673267,505,0.4039480314710169,0.3600200999155843,True
test,prediction_hour,18,0.8,0.9346534653465347,0.13465346534653466,505,0.4039480314710169,0.3600200999155843,True
test,prediction_hour,18,0.9,0.9702970297029703,0.07029702970297025,505,0.4039480314710169,0.3600200999155843,True
test,prediction_hour,19,0.5,0.7207920792079208,0.22079207920792077,505,0.3873320990631393,0.3551661765572038,True
test,prediction_hour,19,0.8,0.9306930693069307,0.1306930693069307,505,0.3873320990631393,0.3551661765572038,True
test,prediction_hour,19,0.9,0.9683168316831683,0.06831683168316827,505,0.3873320990631393,0.3551661765572038,True
test,prediction_hour,20,0.5,0.7168316831683168,0.2168316831683168,505,0.38120454853043056,0.3499504630514957,True
test,prediction_hour,20,0.8,0.9306930693069307,0.1306930693069307,505,0.38120454853043056,0.3499504630514957,True
test,prediction_hour,20,0.9,0.9683168316831683,0.06831683168316827,505,0.38120454853043056,0.3499504630514957,True
test,prediction_hour,21,0.5,0.7128712871287128,0.21287128712871284,505,0.37482853565028923,0.34895333648608556,True
test,prediction_hour,21,0.8,0.9366336633663367,0.13663366336633664,505,0.37482853565028923,0.34895333648608556,True
test,prediction_hour,21,0.9,0.9683168316831683,0.06831683168316827,505,0.37482853565028923,0.34895333648608556,True
test,prediction_hour,22,0.5,0.7168316831683168,0.2168316831683168,505,0.3746804602434069,0.3364642340182958,True
test,prediction_hour,22,0.8,0.9445544554455445,0.14455445544554446,505,0.3746804602434069,0.3364642340182958,True
test,prediction_hour,22,0.9,0.9742574257425742,0.07425742574257421,505,0.3746804602434069,0.3364642340182958,True
test,prediction_hour,23,0.5,0.7287128712871287,0.2287128712871287,505,0.3752105261949311,0.328595257610601,True
test,prediction_hour,23,0.8,0.9524752475247524,0.1524752475247524,505,0.3752105261949311,0.328595257610601,True
test,prediction_hour,23,0.9,0.9821782178217822,0.08217821782178214,505,0.3752105261949311,0.328595257610601,True
